{
  "zevTech": [
    [
      {
        "count": 100,
        "_tpl": "5449016a4bdc2d6f028b456f"
      }
    ]
  ],
  "45ACP_Silencer": [
    [
      {
        "count": 37742,
        "_tpl": "5449016a4bdc2d6f028b456f"
      }
    ]
  ],
  "5e0ac74b9d594972a112a9ed": [
    [
      {
        "count": 251450,
        "_tpl": "5449016a4bdc2d6f028b456f"
      }
    ]
  ],
  "VectorG30": [
    [
      {
        "count": 4100,
        "_tpl": "5449016a4bdc2d6f028b456f"
      }
    ]
  ],
  "308TacX": [
    [
      {
        "count": 289,
        "_tpl": "5449016a4bdc2d6f028b456f"
      }
    ]
  ],
  "5eeca63bbfed7142cb30fa37": [
    [
      {
        "count": 2782,
        "_tpl": "5449016a4bdc2d6f028b456f"
      }
    ]
  ],
  "5eeca63bbfed7142cb30fa39": [
    [
      {
        "count": 125.64,
        "_tpl": "569668774bdc2da2298b4568"
      }
    ]
  ],
  "5eeca63bbfed7142cb30fa3b": [
    [
      {
        "count": 16.8,
        "_tpl": "569668774bdc2da2298b4568"
      }
    ]
  ],
  "5eeca63bbfed7142cb30fa3d": [
    [
      {
        "count": 20,
        "_tpl": "5734795124597738002c6176"
      }
    ]
  ],
  "5eeca63bbfed7142cb30fa47": [
    [
      {
        "count": 1741.96,
        "_tpl": "5449016a4bdc2d6f028b456f"
      }
    ]
  ],
  "5eeca63bbfed7142cb30fa49": [
    [
      {
        "count": 1500.14,
        "_tpl": "5449016a4bdc2d6f028b456f"
      }
    ]
  ],
  "5eeca63bbfed7142cb30fa4b": [
    [
      {
        "count": 2141.07,
        "_tpl": "5449016a4bdc2d6f028b456f"
      }
    ]
  ],
  "5eeca63bbfed7142cb30fa4d": [
    [
      {
        "count": 1,
        "_tpl": "59e35de086f7741778269d84"
      },
      {
        "count": 1,
        "_tpl": "56742c324bdc2d150f8b456d"
      }
    ]
  ],
  "5eeca63bbfed7142cb30fa4f": [
    [
      {
        "count": 5879.65,
        "_tpl": "5449016a4bdc2d6f028b456f"
      }
    ]
  ],
  "5eeca63bbfed7142cb30fa51": [
    [
      {
        "count": 7870.92,
        "_tpl": "5449016a4bdc2d6f028b456f"
      }
    ]
  ],
  "5eeca63bbfed7142cb30fa53": [
    [
      {
        "count": 56485.3,
        "_tpl": "5449016a4bdc2d6f028b456f"
      }
    ]
  ],
  "5eeca63bbfed7142cb30fa55": [
    [
      {
        "count": 117126.48,
        "_tpl": "5449016a4bdc2d6f028b456f"
      }
    ]
  ],
  "5eeca63bbfed7142cb30fa5e": [
    [
      {
        "count": 52868.43,
        "_tpl": "5449016a4bdc2d6f028b456f"
      }
    ]
  ],
  "5eeca63bbfed7142cb30fa60": [
    [
      {
        "count": 1185.56,
        "_tpl": "5449016a4bdc2d6f028b456f"
      }
    ]
  ],
  "5eeca63bbfed7142cb30fa62": [
    [
      {
        "count": 25049.77,
        "_tpl": "5449016a4bdc2d6f028b456f"
      }
    ]
  ],
  "5eeca63bbfed7142cb30fa64": [
    [
      {
        "count": 186.48,
        "_tpl": "569668774bdc2da2298b4568"
      }
    ]
  ],
  "5eeca63bbfed7142cb30fa66": [
    [
      {
        "count": 23636.3,
        "_tpl": "5449016a4bdc2d6f028b456f"
      }
    ]
  ],
  "5eeca63bbfed7142cb30fa68": [
    [
      {
        "count": 54.73,
        "_tpl": "569668774bdc2da2298b4568"
      }
    ]
  ],
  "5eeca63bbfed7142cb30fa6a": [
    [
      {
        "count": 2554.09,
        "_tpl": "5449016a4bdc2d6f028b456f"
      }
    ]
  ],
  "5eeca63bbfed7142cb30fa6c": [
    [
      {
        "count": 1,
        "_tpl": "5c1267ee86f77416ec610f72"
      }
    ]
  ],
  "5eeca63bbfed7142cb30fa80": [
    [
      {
        "count": 21767.01,
        "_tpl": "5449016a4bdc2d6f028b456f"
      }
    ]
  ],
  "5eeca63bbfed7142cb30fa82": [
    [
      {
        "count": 8.96,
        "_tpl": "569668774bdc2da2298b4568"
      }
    ]
  ],
  "5eeca63bbfed7142cb30fa84": [
    [
      {
        "count": 14832.34,
        "_tpl": "5449016a4bdc2d6f028b456f"
      }
    ]
  ],
  "5eeca63bbfed7142cb30fa8b": [
    [
      {
        "count": 19684.79,
        "_tpl": "5449016a4bdc2d6f028b456f"
      }
    ]
  ],
  "5eeca63bbfed7142cb30fa8d": [
    [
      {
        "count": 1,
        "_tpl": "5af0561e86f7745f5f3ad6ac"
      },
      {
        "count": 1,
        "_tpl": "5d1c819a86f774771b0acd6c"
      }
    ]
  ],
  "5eeca63bbfed7142cb30fa99": [
    [
      {
        "count": 3554.79,
        "_tpl": "5449016a4bdc2d6f028b456f"
      }
    ]
  ],
  "5eeca63bbfed7142cb30fa9b": [
    [
      {
        "count": 5832.4,
        "_tpl": "5449016a4bdc2d6f028b456f"
      }
    ]
  ],
  "5eeca63bbfed7142cb30fa9d": [
    [
      {
        "count": 9259.78,
        "_tpl": "5449016a4bdc2d6f028b456f"
      }
    ]
  ],
  "5eeca63bbfed7142cb30fa9f": [
    [
      {
        "count": 1576.11,
        "_tpl": "5449016a4bdc2d6f028b456f"
      }
    ]
  ],
  "5eeca63bbfed7142cb30faa1": [
    [
      {
        "count": 5088.92,
        "_tpl": "5449016a4bdc2d6f028b456f"
      }
    ]
  ],
  "5eeca63bbfed7142cb30faa3": [
    [
      {
        "count": 4,
        "_tpl": "5d1b2ffd86f77425243e8d17"
      }
    ]
  ],
  "5eeca63bbfed7142cb30fab1": [
    [
      {
        "count": 1605,
        "_tpl": "5449016a4bdc2d6f028b456f"
      }
    ]
  ],
  "5eeca63bbfed7142cb30fab3": [
    [
      {
        "count": 2568,
        "_tpl": "5449016a4bdc2d6f028b456f"
      }
    ]
  ],
  "5eeca63bbfed7142cb30fab5": [
    [
      {
        "count": 8,
        "_tpl": "5d1c819a86f774771b0acd6c"
      }
    ]
  ],
  "5eeca63bbfed7142cb30fac3": [
    [
      {
        "count": 1605,
        "_tpl": "5449016a4bdc2d6f028b456f"
      }
    ]
  ],
  "5eeca63bbfed7142cb30fac5": [
    [
      {
        "count": 17396.06,
        "_tpl": "5449016a4bdc2d6f028b456f"
      }
    ]
  ],
  "5eeca63bbfed7142cb30fac7": [
    [
      {
        "count": 1,
        "_tpl": "59faff1d86f7746c51718c9c"
      }
    ]
  ],
  "5eeca63bbfed7142cb30facc": [
    [
      {
        "count": 3528.86,
        "_tpl": "5449016a4bdc2d6f028b456f"
      }
    ]
  ],
  "5eeca63bbfed7142cb30face": [
    [
      {
        "count": 12,
        "_tpl": "59faff1d86f7746c51718c9c"
      }
    ]
  ],
  "5eeca63bbfed7142cb30fad0": [
    [
      {
        "count": 112.03,
        "_tpl": "569668774bdc2da2298b4568"
      }
    ]
  ],
  "5eeca63bbfed7142cb30fad2": [
    [
      {
        "count": 6340.82,
        "_tpl": "5449016a4bdc2d6f028b456f"
      }
    ]
  ],
  "5eeca63bbfed7142cb30fad4": [
    [
      {
        "count": 5781.21,
        "_tpl": "5449016a4bdc2d6f028b456f"
      }
    ]
  ],
  "5eeca63bbfed7142cb30fad6": [
    [
      {
        "count": 2759.53,
        "_tpl": "5449016a4bdc2d6f028b456f"
      }
    ]
  ],
  "5eeca63bbfed7142cb30fad8": [
    [
      {
        "count": 11002.81,
        "_tpl": "5449016a4bdc2d6f028b456f"
      }
    ]
  ],
  "5eeca63bbfed7142cb30fada": [
    [
      {
        "count": 1793.32,
        "_tpl": "5449016a4bdc2d6f028b456f"
      }
    ]
  ],
  "5eeca63bbfed7142cb30fadc": [
    [
      {
        "count": 5828.29,
        "_tpl": "5449016a4bdc2d6f028b456f"
      }
    ]
  ],
  "5eeca63bbfed7142cb30fade": [
    [
      {
        "count": 4547.5,
        "_tpl": "5449016a4bdc2d6f028b456f"
      }
    ]
  ],
  "5eeca63bbfed7142cb30fae0": [
    [
      {
        "count": 35845,
        "_tpl": "5449016a4bdc2d6f028b456f"
      }
    ]
  ],
  "5eeca63bbfed7142cb30fae2": [
    [
      {
        "count": 25819.1,
        "_tpl": "5449016a4bdc2d6f028b456f"
      }
    ]
  ],
  "5eeca63bbfed7142cb30fae4": [
    [
      {
        "count": 37548.44,
        "_tpl": "5449016a4bdc2d6f028b456f"
      }
    ]
  ],
  "5eeca63bbfed7142cb30fae6": [
    [
      {
        "count": 2,
        "_tpl": "5d0375ff86f774186372f685"
      },
      {
        "count": 5,
        "_tpl": "590a3cd386f77436f20848cb"
      }
    ]
  ],
  "5eeca63bbfed7142cb30faef": [
    [
      {
        "count": 2,
        "_tpl": "56742c324bdc2d150f8b456d"
      },
      {
        "count": 1,
        "_tpl": "590a3b0486f7743954552bdb"
      }
    ]
  ],
  "5eeca63bbfed7142cb30faf8": [
    [
      {
        "count": 13.91,
        "_tpl": "569668774bdc2da2298b4568"
      }
    ]
  ],
  "5eeca63bbfed7142cb30fafa": [
    [
      {
        "count": 8309.57,
        "_tpl": "5449016a4bdc2d6f028b456f"
      }
    ]
  ],
  "5eeca63bbfed7142cb30fafc": [
    [
      {
        "count": 5,
        "_tpl": "590a386e86f77429692b27ab"
      }
    ]
  ],
  "5eeca63bbfed7142cb30fb04": [
    [
      {
        "count": 5867.88,
        "_tpl": "5449016a4bdc2d6f028b456f"
      }
    ]
  ],
  "5eeca63bbfed7142cb30fb06": [
    [
      {
        "count": 1600.72,
        "_tpl": "5449016a4bdc2d6f028b456f"
      }
    ]
  ],
  "5eeca63bbfed7142cb30fb08": [
    [
      {
        "count": 55524.07,
        "_tpl": "5449016a4bdc2d6f028b456f"
      }
    ]
  ],
  "5eeca63bbfed7142cb30fb12": [
    [
      {
        "count": 173930.64,
        "_tpl": "5449016a4bdc2d6f028b456f"
      }
    ]
  ],
  "5eeca63bbfed7142cb30fb14": [
    [
      {
        "count": 35374.2,
        "_tpl": "5449016a4bdc2d6f028b456f"
      }
    ]
  ],
  "5eeca63bbfed7142cb30fb16": [
    [
      {
        "count": 12813.52,
        "_tpl": "5449016a4bdc2d6f028b456f"
      }
    ]
  ],
  "5eeca63bbfed7142cb30fb18": [
    [
      {
        "count": 104.86,
        "_tpl": "5449016a4bdc2d6f028b456f"
      }
    ]
  ],
  "5eeca63bbfed7142cb30fb1a": [
    [
      {
        "count": 4,
        "_tpl": "5d235b4d86f7742e017bc88a"
      }
    ]
  ],
  "5eeca63bbfed7142cb30fb29": [
    [
      {
        "count": 28087.5,
        "_tpl": "5449016a4bdc2d6f028b456f"
      }
    ]
  ],
  "5eeca63bbfed7142cb30fb2b": [
    [
      {
        "count": 8459.42,
        "_tpl": "5449016a4bdc2d6f028b456f"
      }
    ]
  ],
  "5eeca63bbfed7142cb30fb2d": [
    [
      {
        "count": 1,
        "_tpl": "5672cb724bdc2dc2088b456b"
      }
    ]
  ],
  "5eeca63bbfed7142cb30fb2f": [
    [
      {
        "count": 2,
        "_tpl": "590a391c86f774385a33c404"
      }
    ]
  ],
  "5eeca63bbfed7142cb30fb38": [
    [
      {
        "count": 11.57,
        "_tpl": "569668774bdc2da2298b4568"
      }
    ]
  ],
  "5eeca63bbfed7142cb30fb3a": [
    [
      {
        "count": 4077.77,
        "_tpl": "5449016a4bdc2d6f028b456f"
      }
    ]
  ],
  "5eeca63bbfed7142cb30fb3c": [
    [
      {
        "count": 5977.02,
        "_tpl": "5449016a4bdc2d6f028b456f"
      }
    ]
  ],
  "5eeca63bbfed7142cb30fb3e": [
    [
      {
        "count": 10102.94,
        "_tpl": "5449016a4bdc2d6f028b456f"
      }
    ]
  ],
  "5eeca63bbfed7142cb30fb40": [
    [
      {
        "count": 38145.5,
        "_tpl": "5449016a4bdc2d6f028b456f"
      }
    ]
  ],
  "5eeca63bbfed7142cb30fb42": [
    [
      {
        "count": 16.93,
        "_tpl": "569668774bdc2da2298b4568"
      }
    ]
  ],
  "5eeca63bbfed7142cb30fb44": [
    [
      {
        "count": 7743.59,
        "_tpl": "5449016a4bdc2d6f028b456f"
      }
    ]
  ],
  "5eeca63bbfed7142cb30fb46": [
    [
      {
        "count": 1,
        "_tpl": "5d235b4d86f7742e017bc88a"
      },
      {
        "count": 1,
        "_tpl": "590c2d8786f774245b1f03f3"
      }
    ]
  ],
  "5eeca63bbfed7142cb30fb4e": [
    [
      {
        "count": 3431.49,
        "_tpl": "5449016a4bdc2d6f028b456f"
      }
    ]
  ],
  "5eeca63bbfed7142cb30fb50": [
    [
      {
        "count": 1789.04,
        "_tpl": "5449016a4bdc2d6f028b456f"
      }
    ]
  ],
  "5eeca63bbfed7142cb30fb52": [
    [
      {
        "count": 750.34,
        "_tpl": "5449016a4bdc2d6f028b456f"
      }
    ]
  ],
  "5eeca63bbfed7142cb30fb54": [
    [
      {
        "count": 40339,
        "_tpl": "5449016a4bdc2d6f028b456f"
      }
    ]
  ],
  "5eeca63bbfed7142cb30fb56": [
    [
      {
        "count": 2676.07,
        "_tpl": "5449016a4bdc2d6f028b456f"
      }
    ]
  ],
  "5eeca63bbfed7142cb30fb58": [
    [
      {
        "count": 5457,
        "_tpl": "5449016a4bdc2d6f028b456f"
      }
    ]
  ],
  "5eeca63bbfed7142cb30fb5a": [
    [
      {
        "count": 33073.7,
        "_tpl": "5449016a4bdc2d6f028b456f"
      }
    ]
  ],
  "5eeca63bbfed7142cb30fb5c": [
    [
      {
        "count": 16138.81,
        "_tpl": "5449016a4bdc2d6f028b456f"
      }
    ]
  ],
  "5eeca63bbfed7142cb30fb5e": [
    [
      {
        "count": 1663.64,
        "_tpl": "5449016a4bdc2d6f028b456f"
      }
    ]
  ],
  "5eeca63bbfed7142cb30fb60": [
    [
      {
        "count": 16.17,
        "_tpl": "569668774bdc2da2298b4568"
      }
    ]
  ],
  "5eeca63bbfed7142cb30fb62": [
    [
      {
        "count": 71.32,
        "_tpl": "569668774bdc2da2298b4568"
      }
    ]
  ],
  "5eeca63bbfed7142cb30fb64": [
    [
      {
        "count": 10857.29,
        "_tpl": "5449016a4bdc2d6f028b456f"
      }
    ]
  ],
  "5eeca63bbfed7142cb30fb66": [
    [
      {
        "count": 1845.75,
        "_tpl": "5449016a4bdc2d6f028b456f"
      }
    ]
  ],
  "5eeca63bbfed7142cb30fb68": [
    [
      {
        "count": 2,
        "_tpl": "590a391c86f774385a33c404"
      }
    ]
  ],
  "5eeca63bbfed7142cb30fb6a": [
    [
      {
        "count": 31928.8,
        "_tpl": "5449016a4bdc2d6f028b456f"
      }
    ]
  ],
  "5eeca63bbfed7142cb30fb6c": [
    [
      {
        "count": 2,
        "_tpl": "5672cb124bdc2d1a0f8b4568"
      },
      {
        "count": 2,
        "_tpl": "5672cb304bdc2dc2088b456a"
      }
    ]
  ],
  "5eeca63bbfed7142cb30fb6e": [
    [
      {
        "count": 3638,
        "_tpl": "5449016a4bdc2d6f028b456f"
      }
    ]
  ],
  "5eeca63bbfed7142cb30fb70": [
    [
      {
        "count": 12377.76,
        "_tpl": "5449016a4bdc2d6f028b456f"
      }
    ]
  ],
  "5eeca63bbfed7142cb30fb72": [
    [
      {
        "count": 3103,
        "_tpl": "5449016a4bdc2d6f028b456f"
      }
    ]
  ],
  "5eeca63bbfed7142cb30fb74": [
    [
      {
        "count": 36383.21,
        "_tpl": "5449016a4bdc2d6f028b456f"
      }
    ]
  ],
  "5eeca63bbfed7142cb30fb76": [
    [
      {
        "count": 3734.3,
        "_tpl": "5449016a4bdc2d6f028b456f"
      }
    ]
  ],
  "5eeca63bbfed7142cb30fb78": [
    [
      {
        "count": 4307.82,
        "_tpl": "5449016a4bdc2d6f028b456f"
      }
    ]
  ],
  "5eeca63bbfed7142cb30fb7a": [
    [
      {
        "count": 5243,
        "_tpl": "5449016a4bdc2d6f028b456f"
      }
    ]
  ],
  "5eeca63bbfed7142cb30fb7c": [
    [
      {
        "count": 10593,
        "_tpl": "5449016a4bdc2d6f028b456f"
      }
    ]
  ],
  "5eeca63bbfed7142cb30fb7e": [
    [
      {
        "count": 2994.93,
        "_tpl": "5449016a4bdc2d6f028b456f"
      }
    ]
  ],
  "5eeca63bbfed7142cb30fb82": [
    [
      {
        "count": 1,
        "_tpl": "59faf7ca86f7740dbe19f6c2"
      }
    ]
  ],
  "5eeca63bbfed7142cb30fb91": [
    [
      {
        "count": 4,
        "_tpl": "5c06779c86f77426e00dd782"
      }
    ]
  ],
  "5eeca63bbfed7142cb30fb93": [
    [
      {
        "count": 15210.05,
        "_tpl": "5449016a4bdc2d6f028b456f"
      }
    ]
  ],
  "5eeca63bbfed7142cb30fb95": [
    [
      {
        "count": 0.89,
        "_tpl": "569668774bdc2da2298b4568"
      }
    ]
  ],
  "5eeca63bbfed7142cb30fb97": [
    [
      {
        "count": 4486.51,
        "_tpl": "5449016a4bdc2d6f028b456f"
      }
    ]
  ],
  "5eeca63bbfed7142cb30fb99": [
    [
      {
        "count": 101.03,
        "_tpl": "569668774bdc2da2298b4568"
      }
    ]
  ],
  "5eeca63bbfed7142cb30fb9b": [
    [
      {
        "count": 1403.52,
        "_tpl": "5449016a4bdc2d6f028b456f"
      }
    ]
  ],
  "5eeca63bbfed7142cb30fb9d": [
    [
      {
        "count": 31.22,
        "_tpl": "569668774bdc2da2298b4568"
      }
    ]
  ],
  "5eeca63bbfed7142cb30fb9f": [
    [
      {
        "count": 6,
        "_tpl": "573476d324597737da2adc13"
      },
      {
        "count": 1,
        "_tpl": "5d0375ff86f774186372f685"
      }
    ]
  ],
  "5eeca63bbfed7142cb30fbaa": [
    [
      {
        "count": 16692,
        "_tpl": "5449016a4bdc2d6f028b456f"
      }
    ]
  ],
  "5eeca63bbfed7142cb30fbac": [
    [
      {
        "count": 26910.5,
        "_tpl": "5449016a4bdc2d6f028b456f"
      }
    ]
  ],
  "5eeca63bbfed7142cb30fbae": [
    [
      {
        "count": 2140,
        "_tpl": "5449016a4bdc2d6f028b456f"
      }
    ]
  ],
  "5eeca63bbfed7142cb30fbb0": [
    [
      {
        "count": 2889,
        "_tpl": "5449016a4bdc2d6f028b456f"
      }
    ]
  ],
  "5eeca63bbfed7142cb30fbb2": [
    [
      {
        "count": 8,
        "_tpl": "5c06782b86f77426df5407d2"
      },
      {
        "count": 2,
        "_tpl": "5d1c819a86f774771b0acd6c"
      }
    ]
  ],
  "5eeca63cbfed7142cb30fbbf": [
    [
      {
        "count": 2,
        "_tpl": "5af04b6486f774195a3ebb49"
      },
      {
        "count": 1,
        "_tpl": "590c2d8786f774245b1f03f3"
      }
    ]
  ],
  "5eeca63cbfed7142cb30fbcc": [
    [
      {
        "count": 8.98,
        "_tpl": "569668774bdc2da2298b4568"
      }
    ]
  ],
  "5eeca63cbfed7142cb30fbce": [
    [
      {
        "count": 35.98,
        "_tpl": "569668774bdc2da2298b4568"
      }
    ]
  ],
  "5eeca63cbfed7142cb30fbd0": [
    [
      {
        "count": 24.91,
        "_tpl": "569668774bdc2da2298b4568"
      }
    ]
  ],
  "5eeca63cbfed7142cb30fbd2": [
    [
      {
        "count": 26602.34,
        "_tpl": "5449016a4bdc2d6f028b456f"
      }
    ]
  ],
  "5eeca63cbfed7142cb30fbd4": [
    [
      {
        "count": 14556.28,
        "_tpl": "5449016a4bdc2d6f028b456f"
      }
    ]
  ],
  "5eeca63cbfed7142cb30fbd6": [
    [
      {
        "count": 53.07,
        "_tpl": "569668774bdc2da2298b4568"
      }
    ]
  ],
  "5eeca63cbfed7142cb30fbd8": [
    [
      {
        "count": 7708.28,
        "_tpl": "5449016a4bdc2d6f028b456f"
      }
    ]
  ],
  "5eeca63cbfed7142cb30fbda": [
    [
      {
        "count": 41020.27,
        "_tpl": "5449016a4bdc2d6f028b456f"
      }
    ]
  ],
  "5eeca63cbfed7142cb30fbe4": [
    [
      {
        "count": 17,
        "_tpl": "573476f124597737e04bf328"
      }
    ]
  ],
  "5eeca63cbfed7142cb30fbed": [
    [
      {
        "count": 14422.53,
        "_tpl": "5449016a4bdc2d6f028b456f"
      }
    ]
  ],
  "5eeca63cbfed7142cb30fbef": [
    [
      {
        "count": 38,
        "_tpl": "59faff1d86f7746c51718c9c"
      }
    ]
  ],
  "5eeca63cbfed7142cb30fbf1": [
    [
      {
        "count": 10273.07,
        "_tpl": "5449016a4bdc2d6f028b456f"
      }
    ]
  ],
  "5eeca63cbfed7142cb30fbf3": [
    [
      {
        "count": 1070,
        "_tpl": "5449016a4bdc2d6f028b456f"
      }
    ]
  ],
  "5eeca63cbfed7142cb30fbf5": [
    [
      {
        "count": 2846.2,
        "_tpl": "5449016a4bdc2d6f028b456f"
      }
    ]
  ],
  "5eeca63cbfed7142cb30fbf7": [
    [
      {
        "count": 1397.42,
        "_tpl": "5449016a4bdc2d6f028b456f"
      }
    ]
  ],
  "5eeca63cbfed7142cb30fbf9": [
    [
      {
        "count": 268.68,
        "_tpl": "5449016a4bdc2d6f028b456f"
      }
    ]
  ],
  "5eeca63cbfed7142cb30fbfb": [
    [
      {
        "count": 3852,
        "_tpl": "5449016a4bdc2d6f028b456f"
      }
    ]
  ],
  "5eeca63cbfed7142cb30fbfd": [
    [
      {
        "count": 1,
        "_tpl": "5c06779c86f77426e00dd782"
      },
      {
        "count": 2,
        "_tpl": "5c06782b86f77426df5407d2"
      }
    ]
  ],
  "5eeca63cbfed7142cb30fc04": [
    [
      {
        "count": 295.93,
        "_tpl": "569668774bdc2da2298b4568"
      }
    ]
  ],
  "5eeca63cbfed7142cb30fc06": [
    [
      {
        "count": 66.34,
        "_tpl": "5449016a4bdc2d6f028b456f"
      }
    ]
  ],
  "5eeca63cbfed7142cb30fc08": [
    [
      {
        "count": 27.66,
        "_tpl": "569668774bdc2da2298b4568"
      }
    ]
  ],
  "5eeca63cbfed7142cb30fc0a": [
    [
      {
        "count": 1579.32,
        "_tpl": "5449016a4bdc2d6f028b456f"
      }
    ]
  ],
  "5eeca63cbfed7142cb30fc0c": [
    [
      {
        "count": 8479.75,
        "_tpl": "5449016a4bdc2d6f028b456f"
      }
    ]
  ],
  "5eeca63cbfed7142cb30fc0e": [
    [
      {
        "count": 3,
        "_tpl": "5aa2b9ede5b5b000137b758b"
      }
    ]
  ],
  "5eeca63cbfed7142cb30fc18": [
    [
      {
        "count": 3,
        "_tpl": "5d1b392c86f77425243e98fe"
      },
      {
        "count": 2,
        "_tpl": "5672cb304bdc2dc2088b456a"
      }
    ]
  ],
  "5eeca63cbfed7142cb30fc22": [
    [
      {
        "count": 8346,
        "_tpl": "5449016a4bdc2d6f028b456f"
      }
    ]
  ],
  "5eeca63cbfed7142cb30fc24": [
    [
      {
        "count": 2,
        "_tpl": "5d235b4d86f7742e017bc88a"
      }
    ]
  ],
  "5eeca63cbfed7142cb30fc2e": [
    [
      {
        "count": 4576.39,
        "_tpl": "5449016a4bdc2d6f028b456f"
      }
    ]
  ],
  "5eeca63cbfed7142cb30fc30": [
    [
      {
        "count": 2198.85,
        "_tpl": "5449016a4bdc2d6f028b456f"
      }
    ]
  ],
  "5eeca63cbfed7142cb30fc32": [
    [
      {
        "count": 1988.06,
        "_tpl": "5449016a4bdc2d6f028b456f"
      }
    ]
  ],
  "5eeca63cbfed7142cb30fc34": [
    [
      {
        "count": 18704.67,
        "_tpl": "5449016a4bdc2d6f028b456f"
      }
    ]
  ],
  "5eeca63cbfed7142cb30fc36": [
    [
      {
        "count": 2256.63,
        "_tpl": "5449016a4bdc2d6f028b456f"
      }
    ]
  ],
  "5eeca63cbfed7142cb30fc38": [
    [
      {
        "count": 2218.11,
        "_tpl": "5449016a4bdc2d6f028b456f"
      }
    ]
  ],
  "5eeca63cbfed7142cb30fc3a": [
    [
      {
        "count": 5179.87,
        "_tpl": "5449016a4bdc2d6f028b456f"
      }
    ]
  ],
  "5eeca63cbfed7142cb30fc3c": [
    [
      {
        "count": 2568,
        "_tpl": "5449016a4bdc2d6f028b456f"
      }
    ]
  ],
  "5eeca63cbfed7142cb30fc3e": [
    [
      {
        "count": 11109.81,
        "_tpl": "5449016a4bdc2d6f028b456f"
      }
    ]
  ],
  "5eeca63cbfed7142cb30fc40": [
    [
      {
        "count": 9523,
        "_tpl": "5449016a4bdc2d6f028b456f"
      }
    ]
  ],
  "5eeca63cbfed7142cb30fc42": [
    [
      {
        "count": 2502.73,
        "_tpl": "5449016a4bdc2d6f028b456f"
      }
    ]
  ],
  "5eeca63cbfed7142cb30fc44": [
    [
      {
        "count": 6768.82,
        "_tpl": "5449016a4bdc2d6f028b456f"
      }
    ]
  ],
  "5eeca63cbfed7142cb30fc46": [
    [
      {
        "count": 1070,
        "_tpl": "5449016a4bdc2d6f028b456f"
      }
    ]
  ],
  "5eeca63cbfed7142cb30fc48": [
    [
      {
        "count": 7070.56,
        "_tpl": "5449016a4bdc2d6f028b456f"
      }
    ]
  ],
  "5eeca63cbfed7142cb30fc4a": [
    [
      {
        "count": 2824.8,
        "_tpl": "5449016a4bdc2d6f028b456f"
      }
    ]
  ],
  "5eeca63cbfed7142cb30fc4c": [
    [
      {
        "count": 22504.24,
        "_tpl": "5449016a4bdc2d6f028b456f"
      }
    ]
  ],
  "5eeca63cbfed7142cb30fc4e": [
    [
      {
        "count": 36.53,
        "_tpl": "569668774bdc2da2298b4568"
      }
    ]
  ],
  "5eeca63cbfed7142cb30fc50": [
    [
      {
        "count": 2723.15,
        "_tpl": "5449016a4bdc2d6f028b456f"
      }
    ]
  ],
  "5eeca63cbfed7142cb30fc52": [
    [
      {
        "count": 44.96,
        "_tpl": "569668774bdc2da2298b4568"
      }
    ]
  ],
  "5eeca63cbfed7142cb30fc54": [
    [
      {
        "count": 75.41,
        "_tpl": "569668774bdc2da2298b4568"
      }
    ]
  ],
  "5eeca63cbfed7142cb30fc56": [
    [
      {
        "count": 6942.16,
        "_tpl": "5449016a4bdc2d6f028b456f"
      }
    ]
  ],
  "5eeca63cbfed7142cb30fc58": [
    [
      {
        "count": 4,
        "_tpl": "573476d324597737da2adc13"
      },
      {
        "count": 2,
        "_tpl": "573475fb24597737fb1379e1"
      }
    ]
  ],
  "5eeca63cbfed7142cb30fc5a": [
    [
      {
        "count": 10497.77,
        "_tpl": "5449016a4bdc2d6f028b456f"
      }
    ]
  ],
  "5eeca63cbfed7142cb30fc5c": [
    [
      {
        "count": 4408.4,
        "_tpl": "5449016a4bdc2d6f028b456f"
      }
    ]
  ],
  "5eeca63cbfed7142cb30fc5e": [
    [
      {
        "count": 23008.21,
        "_tpl": "5449016a4bdc2d6f028b456f"
      }
    ]
  ],
  "5eeca63cbfed7142cb30fc60": [
    [
      {
        "count": 642,
        "_tpl": "5449016a4bdc2d6f028b456f"
      }
    ]
  ],
  "5eeca63cbfed7142cb30fc62": [
    [
      {
        "count": 2615.08,
        "_tpl": "5449016a4bdc2d6f028b456f"
      }
    ]
  ],
  "5eeca63cbfed7142cb30fc64": [
    [
      {
        "count": 3317,
        "_tpl": "5449016a4bdc2d6f028b456f"
      }
    ]
  ],
  "5eeca63cbfed7142cb30fc66": [
    [
      {
        "count": 204.44,
        "_tpl": "569668774bdc2da2298b4568"
      }
    ]
  ],
  "5eeca63cbfed7142cb30fc68": [
    [
      {
        "count": 50,
        "_tpl": "569668774bdc2da2298b4568"
      }
    ]
  ],
  "5eeca63cbfed7142cb30fc6a": [
    [
      {
        "count": 6184.6,
        "_tpl": "5449016a4bdc2d6f028b456f"
      }
    ]
  ],
  "5eeca63cbfed7142cb30fc6c": [
    [
      {
        "count": 49.99,
        "_tpl": "569668774bdc2da2298b4568"
      }
    ]
  ],
  "5eeca63cbfed7142cb30fc6e": [
    [
      {
        "count": 23754,
        "_tpl": "5449016a4bdc2d6f028b456f"
      }
    ]
  ],
  "5eeca63cbfed7142cb30fc70": [
    [
      {
        "count": 1,
        "_tpl": "56742c324bdc2d150f8b456d"
      },
      {
        "count": 2,
        "_tpl": "5d1b309586f77425227d1676"
      }
    ]
  ],
  "5eeca63cbfed7142cb30fc72": [
    [
      {
        "count": 29766.76,
        "_tpl": "5449016a4bdc2d6f028b456f"
      }
    ]
  ],
  "5eeca63cbfed7142cb30fc74": [
    [
      {
        "count": 1,
        "_tpl": "590c2b4386f77425357b6123"
      },
      {
        "count": 1,
        "_tpl": "590c2d8786f774245b1f03f3"
      },
      {
        "count": 1,
        "_tpl": "590c311186f77424d1667482"
      },
      {
        "count": 1,
        "_tpl": "5734795124597738002c6176"
      },
      {
        "count": 1,
        "_tpl": "590c2c9c86f774245b1f03f2"
      }
    ]
  ],
  "5eeca63cbfed7142cb30fc76": [
    [
      {
        "count": 3177.9,
        "_tpl": "5449016a4bdc2d6f028b456f"
      }
    ]
  ],
  "5eeca63cbfed7142cb30fc78": [
    [
      {
        "count": 17400.34,
        "_tpl": "5449016a4bdc2d6f028b456f"
      }
    ]
  ],
  "5eeca63cbfed7142cb30fc7a": [
    [
      {
        "count": 7767.13,
        "_tpl": "5449016a4bdc2d6f028b456f"
      }
    ]
  ],
  "5eeca63cbfed7142cb30fc7c": [
    [
      {
        "count": 2540.18,
        "_tpl": "5449016a4bdc2d6f028b456f"
      }
    ]
  ],
  "5eeca63cbfed7142cb30fc7e": [
    [
      {
        "count": 17.79,
        "_tpl": "569668774bdc2da2298b4568"
      }
    ]
  ],
  "5eeca63cbfed7142cb30fc80": [
    [
      {
        "count": 70.71,
        "_tpl": "569668774bdc2da2298b4568"
      }
    ]
  ],
  "5eeca63cbfed7142cb30fc82": [
    [
      {
        "count": 99.63,
        "_tpl": "569668774bdc2da2298b4568"
      }
    ]
  ],
  "5eeca63cbfed7142cb30fc84": [
    [
      {
        "count": 20585.73,
        "_tpl": "5449016a4bdc2d6f028b456f"
      }
    ]
  ],
  "5eeca63cbfed7142cb30fc86": [
    [
      {
        "count": 650.56,
        "_tpl": "5449016a4bdc2d6f028b456f"
      }
    ]
  ],
  "5eeca63cbfed7142cb30fc88": [
    [
      {
        "count": 1638.17,
        "_tpl": "5449016a4bdc2d6f028b456f"
      }
    ]
  ],
  "5eeca63cbfed7142cb30fc8a": [
    [
      {
        "count": 3217.49,
        "_tpl": "5449016a4bdc2d6f028b456f"
      }
    ]
  ],
  "5eeca63cbfed7142cb30fc8c": [
    [
      {
        "count": 1683.11,
        "_tpl": "5449016a4bdc2d6f028b456f"
      }
    ]
  ],
  "5eeca63cbfed7142cb30fc8e": [
    [
      {
        "count": 1,
        "_tpl": "59faff1d86f7746c51718c9c"
      }
    ]
  ],
  "5eeca63cbfed7142cb30fc9a": [
    [
      {
        "count": 8881,
        "_tpl": "5449016a4bdc2d6f028b456f"
      }
    ]
  ],
  "5eeca63cbfed7142cb30fc9c": [
    [
      {
        "count": 3210,
        "_tpl": "5449016a4bdc2d6f028b456f"
      }
    ]
  ],
  "5eeca63cbfed7142cb30fc9e": [
    [
      {
        "count": 4922,
        "_tpl": "5449016a4bdc2d6f028b456f"
      }
    ]
  ],
  "5eeca63cbfed7142cb30fca0": [
    [
      {
        "count": 2803.4,
        "_tpl": "5449016a4bdc2d6f028b456f"
      }
    ]
  ],
  "5eeca63cbfed7142cb30fca2": [
    [
      {
        "count": 36,
        "_tpl": "569668774bdc2da2298b4568"
      }
    ]
  ],
  "5eeca63cbfed7142cb30fca4": [
    [
      {
        "count": 5,
        "_tpl": "5734781f24597737e04bf32a"
      },
      {
        "count": 5,
        "_tpl": "590a3d9c86f774385926e510"
      },
      {
        "count": 2,
        "_tpl": "5d1c819a86f774771b0acd6c"
      }
    ]
  ],
  "5eeca63cbfed7142cb30fcb6": [
    [
      {
        "count": 15.4,
        "_tpl": "569668774bdc2da2298b4568"
      }
    ]
  ],
  "5eeca63cbfed7142cb30fcb8": [
    [
      {
        "count": 5,
        "_tpl": "5d1b392c86f77425243e98fe"
      }
    ]
  ],
  "5eeca63cbfed7142cb30fcc1": [
    [
      {
        "count": 2687.84,
        "_tpl": "5449016a4bdc2d6f028b456f"
      }
    ]
  ],
  "5eeca63cbfed7142cb30fcc3": [
    [
      {
        "count": 10849.8,
        "_tpl": "5449016a4bdc2d6f028b456f"
      }
    ]
  ],
  "5eeca63cbfed7142cb30fcc5": [
    [
      {
        "count": 22370.49,
        "_tpl": "5449016a4bdc2d6f028b456f"
      }
    ]
  ],
  "5eeca63cbfed7142cb30fcc7": [
    [
      {
        "count": 5,
        "_tpl": "590c5a7286f7747884343aea"
      },
      {
        "count": 2,
        "_tpl": "5d6fc78386f77449d825f9dc"
      }
    ]
  ],
  "5eeca63cbfed7142cb30fcc9": [
    [
      {
        "count": 13982.76,
        "_tpl": "5449016a4bdc2d6f028b456f"
      }
    ]
  ],
  "5eeca63cbfed7142cb30fccb": [
    [
      {
        "count": 2621.5,
        "_tpl": "5449016a4bdc2d6f028b456f"
      }
    ]
  ],
  "5eeca63cbfed7142cb30fccd": [
    [
      {
        "count": 1177,
        "_tpl": "5449016a4bdc2d6f028b456f"
      }
    ]
  ],
  "5eeca63cbfed7142cb30fccf": [
    [
      {
        "count": 1,
        "_tpl": "5c12620d86f7743f8b198b72"
      }
    ]
  ],
  "5eeca63cbfed7142cb30fcd1": [
    [
      {
        "count": 28013.67,
        "_tpl": "5449016a4bdc2d6f028b456f"
      }
    ]
  ],
  "5eeca63cbfed7142cb30fcd3": [
    [
      {
        "count": 2784.14,
        "_tpl": "5449016a4bdc2d6f028b456f"
      }
    ]
  ],
  "5eeca63cbfed7142cb30fcd5": [
    [
      {
        "count": 12091,
        "_tpl": "5449016a4bdc2d6f028b456f"
      }
    ]
  ],
  "5eeca63cbfed7142cb30fcd7": [
    [
      {
        "count": 3,
        "_tpl": "573474f924597738002c6174"
      }
    ]
  ],
  "5eeca63cbfed7142cb30fcd9": [
    [
      {
        "count": 100.67,
        "_tpl": "569668774bdc2da2298b4568"
      }
    ]
  ],
  "5eeca63cbfed7142cb30fcdb": [
    [
      {
        "count": 40.06,
        "_tpl": "569668774bdc2da2298b4568"
      }
    ]
  ],
  "5eeca63dbfed7142cb30fcdd": [
    [
      {
        "count": 77.05,
        "_tpl": "569668774bdc2da2298b4568"
      }
    ]
  ],
  "5eeca63dbfed7142cb30fcdf": [
    [
      {
        "count": 16320.98,
        "_tpl": "5449016a4bdc2d6f028b456f"
      }
    ]
  ],
  "5eeca63dbfed7142cb30fce1": [
    [
      {
        "count": 753.28,
        "_tpl": "5449016a4bdc2d6f028b456f"
      }
    ]
  ],
  "5eeca63dbfed7142cb30fce3": [
    [
      {
        "count": 8397.36,
        "_tpl": "5449016a4bdc2d6f028b456f"
      }
    ]
  ],
  "5eeca63dbfed7142cb30fce5": [
    [
      {
        "count": 12196.93,
        "_tpl": "5449016a4bdc2d6f028b456f"
      }
    ]
  ],
  "5eeca63dbfed7142cb30fce7": [
    [
      {
        "count": 8606.01,
        "_tpl": "5449016a4bdc2d6f028b456f"
      }
    ]
  ],
  "5eeca63dbfed7142cb30fce9": [
    [
      {
        "count": 35345.95,
        "_tpl": "5449016a4bdc2d6f028b456f"
      }
    ]
  ],
  "5eeca63dbfed7142cb30fcf0": [
    [
      {
        "count": 3,
        "_tpl": "590a3b0486f7743954552bdb"
      }
    ]
  ],
  "5eeca63dbfed7142cb30fcf2": [
    [
      {
        "count": 4408.4,
        "_tpl": "5449016a4bdc2d6f028b456f"
      }
    ]
  ],
  "5eeca63dbfed7142cb30fcf4": [
    [
      {
        "count": 12991.94,
        "_tpl": "5449016a4bdc2d6f028b456f"
      }
    ]
  ],
  "5eeca63dbfed7142cb30fcf6": [
    [
      {
        "count": 1,
        "_tpl": "5d40425986f7743185265461"
      },
      {
        "count": 1,
        "_tpl": "590c311186f77424d1667482"
      }
    ]
  ],
  "5eeca63dbfed7142cb30fcf8": [
    [
      {
        "count": 1934.56,
        "_tpl": "5449016a4bdc2d6f028b456f"
      }
    ]
  ],
  "5eeca63dbfed7142cb30fcfa": [
    [
      {
        "count": 3852,
        "_tpl": "5449016a4bdc2d6f028b456f"
      }
    ]
  ],
  "5eeca63dbfed7142cb30fcfc": [
    [
      {
        "count": 8749.39,
        "_tpl": "5449016a4bdc2d6f028b456f"
      }
    ]
  ],
  "5eeca63dbfed7142cb30fcfe": [
    [
      {
        "count": 2,
        "_tpl": "590c5c9f86f77477c91c36e7"
      }
    ]
  ],
  "5eeca63dbfed7142cb30fd09": [
    [
      {
        "count": 8364.19,
        "_tpl": "5449016a4bdc2d6f028b456f"
      }
    ]
  ],
  "5eeca63dbfed7142cb30fd0b": [
    [
      {
        "count": 391.95,
        "_tpl": "569668774bdc2da2298b4568"
      }
    ]
  ],
  "5eeca63dbfed7142cb30fd0f": [
    [
      {
        "count": 29.94,
        "_tpl": "569668774bdc2da2298b4568"
      }
    ]
  ],
  "5eeca63dbfed7142cb30fd11": [
    [
      {
        "count": 1,
        "_tpl": "590a358486f77429692b2790"
      }
    ]
  ],
  "5eeca63dbfed7142cb30fd13": [
    [
      {
        "count": 3442.19,
        "_tpl": "5449016a4bdc2d6f028b456f"
      }
    ]
  ],
  "5eeca63dbfed7142cb30fd15": [
    [
      {
        "count": 856,
        "_tpl": "5449016a4bdc2d6f028b456f"
      }
    ]
  ],
  "5eeca63dbfed7142cb30fd17": [
    [
      {
        "count": 26168.99,
        "_tpl": "5449016a4bdc2d6f028b456f"
      }
    ]
  ],
  "5eeca63dbfed7142cb30fd19": [
    [
      {
        "count": 8.99,
        "_tpl": "569668774bdc2da2298b4568"
      }
    ]
  ],
  "5eeca63dbfed7142cb30fd1b": [
    [
      {
        "count": 1,
        "_tpl": "59e35de086f7741778269d84"
      }
    ]
  ],
  "5eeca63dbfed7142cb30fd1d": [
    [
      {
        "count": 4816.07,
        "_tpl": "5449016a4bdc2d6f028b456f"
      }
    ]
  ],
  "5eeca63dbfed7142cb30fd1f": [
    [
      {
        "count": 2210.62,
        "_tpl": "5449016a4bdc2d6f028b456f"
      }
    ]
  ],
  "5eeca63dbfed7142cb30fd21": [
    [
      {
        "count": 64781.33,
        "_tpl": "5449016a4bdc2d6f028b456f"
      }
    ]
  ],
  "5eeca63dbfed7142cb30fd2e": [
    [
      {
        "count": 1,
        "_tpl": "57347c2e24597744902c94a1"
      }
    ]
  ],
  "5eeca63dbfed7142cb30fd30": [
    [
      {
        "count": 2,
        "_tpl": "57347c2e24597744902c94a1"
      }
    ]
  ],
  "5eeca63dbfed7142cb30fd32": [
    [
      {
        "count": 9413.86,
        "_tpl": "5449016a4bdc2d6f028b456f"
      }
    ]
  ],
  "5eeca63dbfed7142cb30fd34": [
    [
      {
        "count": 3212.14,
        "_tpl": "5449016a4bdc2d6f028b456f"
      }
    ]
  ],
  "5eeca63dbfed7142cb30fd36": [
    [
      {
        "count": 1,
        "_tpl": "573476f124597737e04bf328"
      }
    ]
  ],
  "5eeca63dbfed7142cb30fd38": [
    [
      {
        "count": 4,
        "_tpl": "57347baf24597738002c6178"
      },
      {
        "count": 1,
        "_tpl": "57347cd0245977445a2d6ff1"
      }
    ]
  ],
  "5eeca63dbfed7142cb30fd3a": [
    [
      {
        "count": 14996.05,
        "_tpl": "5449016a4bdc2d6f028b456f"
      }
    ]
  ],
  "5eeca63dbfed7142cb30fd3c": [
    [
      {
        "count": 2,
        "_tpl": "590a386e86f77429692b27ab"
      }
    ]
  ],
  "5eeca63dbfed7142cb30fd3e": [
    [
      {
        "count": 29314.79,
        "_tpl": "5449016a4bdc2d6f028b456f"
      }
    ]
  ],
  "5eeca63dbfed7142cb30fd40": [
    [
      {
        "count": 1498,
        "_tpl": "5449016a4bdc2d6f028b456f"
      }
    ]
  ],
  "5eeca63dbfed7142cb30fd42": [
    [
      {
        "count": 974.77,
        "_tpl": "5449016a4bdc2d6f028b456f"
      }
    ]
  ],
  "5eeca63dbfed7142cb30fd44": [
    [
      {
        "count": 1,
        "_tpl": "56742c324bdc2d150f8b456d"
      }
    ]
  ],
  "5eeca63dbfed7142cb30fd46": [
    [
      {
        "count": 27178,
        "_tpl": "5449016a4bdc2d6f028b456f"
      }
    ]
  ],
  "5eeca63dbfed7142cb30fd48": [
    [
      {
        "count": 2615.08,
        "_tpl": "5449016a4bdc2d6f028b456f"
      }
    ]
  ],
  "5eeca63dbfed7142cb30fd4a": [
    [
      {
        "count": 1,
        "_tpl": "5bfd37c80db834001d23e842"
      },
      {
        "count": 1,
        "_tpl": "5ae09bff5acfc4001562219d"
      },
      {
        "count": 1,
        "_tpl": "573476f124597737e04bf328"
      }
    ]
  ],
  "5eeca63dbfed7142cb30fd50": [
    [
      {
        "count": 18023.08,
        "_tpl": "5449016a4bdc2d6f028b456f"
      }
    ]
  ],
  "5eeca63dbfed7142cb30fd52": [
    [
      {
        "count": 178.99,
        "_tpl": "569668774bdc2da2298b4568"
      }
    ]
  ],
  "5eeca63dbfed7142cb30fd54": [
    [
      {
        "count": 3,
        "_tpl": "5d03775b86f774203e7e0c4b"
      }
    ]
  ],
  "5eeca63dbfed7142cb30fd56": [
    [
      {
        "count": 3434.7,
        "_tpl": "5449016a4bdc2d6f028b456f"
      }
    ]
  ],
  "5eeca63dbfed7142cb30fd58": [
    [
      {
        "count": 5252.63,
        "_tpl": "5449016a4bdc2d6f028b456f"
      }
    ]
  ],
  "5eeca63dbfed7142cb30fd5a": [
    [
      {
        "count": 6421.07,
        "_tpl": "5449016a4bdc2d6f028b456f"
      }
    ]
  ],
  "5eeca63dbfed7142cb30fd5c": [
    [
      {
        "count": 1796.53,
        "_tpl": "5449016a4bdc2d6f028b456f"
      }
    ]
  ],
  "5eeca63dbfed7142cb30fd5e": [
    [
      {
        "count": 6674.66,
        "_tpl": "5449016a4bdc2d6f028b456f"
      }
    ]
  ],
  "5eeca63dbfed7142cb30fd60": [
    [
      {
        "count": 9548.68,
        "_tpl": "5449016a4bdc2d6f028b456f"
      }
    ]
  ],
  "5eeca63dbfed7142cb30fd62": [
    [
      {
        "count": 4778.62,
        "_tpl": "5449016a4bdc2d6f028b456f"
      }
    ]
  ],
  "5eeca63dbfed7142cb30fd64": [
    [
      {
        "count": 1749.45,
        "_tpl": "5449016a4bdc2d6f028b456f"
      }
    ]
  ],
  "5eeca63dbfed7142cb30fd66": [
    [
      {
        "count": 1672.41,
        "_tpl": "5449016a4bdc2d6f028b456f"
      }
    ]
  ],
  "5eeca63dbfed7142cb30fd68": [
    [
      {
        "count": 69.34,
        "_tpl": "5449016a4bdc2d6f028b456f"
      }
    ]
  ],
  "5eeca63dbfed7142cb30fd6a": [
    [
      {
        "count": 5984.51,
        "_tpl": "5449016a4bdc2d6f028b456f"
      }
    ]
  ],
  "5eeca63dbfed7142cb30fd6c": [
    [
      {
        "count": 5339.3,
        "_tpl": "5449016a4bdc2d6f028b456f"
      }
    ]
  ],
  "5eeca63dbfed7142cb30fd6e": [
    [
      {
        "count": 2782,
        "_tpl": "5449016a4bdc2d6f028b456f"
      }
    ]
  ],
  "5eeca63dbfed7142cb30fd70": [
    [
      {
        "count": 3103,
        "_tpl": "5449016a4bdc2d6f028b456f"
      }
    ]
  ],
  "5eeca63dbfed7142cb30fd72": [
    [
      {
        "count": 2795.91,
        "_tpl": "5449016a4bdc2d6f028b456f"
      }
    ]
  ],
  "5eeca63dbfed7142cb30fd74": [
    [
      {
        "count": 2,
        "_tpl": "59faff1d86f7746c51718c9c"
      }
    ]
  ],
  "5eeca63dbfed7142cb30fd76": [
    [
      {
        "count": 39140.6,
        "_tpl": "5449016a4bdc2d6f028b456f"
      }
    ]
  ],
  "5eeca63dbfed7142cb30fd78": [
    [
      {
        "count": 5904.26,
        "_tpl": "5449016a4bdc2d6f028b456f"
      }
    ]
  ],
  "5eeca63dbfed7142cb30fd7a": [
    [
      {
        "count": 7961.87,
        "_tpl": "5449016a4bdc2d6f028b456f"
      }
    ]
  ],
  "5eeca63dbfed7142cb30fd7c": [
    [
      {
        "count": 8934.5,
        "_tpl": "5449016a4bdc2d6f028b456f"
      }
    ]
  ],
  "5eeca63dbfed7142cb30fd7e": [
    [
      {
        "count": 428,
        "_tpl": "5449016a4bdc2d6f028b456f"
      }
    ]
  ],
  "5eeca63dbfed7142cb30fd80": [
    [
      {
        "count": 1712,
        "_tpl": "5449016a4bdc2d6f028b456f"
      }
    ]
  ],
  "5eeca63dbfed7142cb30fd82": [
    [
      {
        "count": 1433.8,
        "_tpl": "5449016a4bdc2d6f028b456f"
      }
    ]
  ],
  "5eeca63dbfed7142cb30fd84": [
    [
      {
        "count": 2503.8,
        "_tpl": "5449016a4bdc2d6f028b456f"
      }
    ]
  ],
  "5eeca63dbfed7142cb30fd86": [
    [
      {
        "count": 46010,
        "_tpl": "5449016a4bdc2d6f028b456f"
      }
    ]
  ],
  "5eeca63dbfed7142cb30fd88": [
    [
      {
        "count": 8346,
        "_tpl": "5449016a4bdc2d6f028b456f"
      }
    ]
  ],
  "5eeca63dbfed7142cb30fd8a": [
    [
      {
        "count": 15087,
        "_tpl": "5449016a4bdc2d6f028b456f"
      }
    ]
  ],
  "5eeca63dbfed7142cb30fd8c": [
    [
      {
        "count": 62060,
        "_tpl": "5449016a4bdc2d6f028b456f"
      }
    ]
  ],
  "5eeca63dbfed7142cb30fd8e": [
    [
      {
        "count": 15194,
        "_tpl": "5449016a4bdc2d6f028b456f"
      }
    ]
  ],
  "5eeca63dbfed7142cb30fd90": [
    [
      {
        "count": 5642.11,
        "_tpl": "5449016a4bdc2d6f028b456f"
      }
    ]
  ],
  "5eeca63dbfed7142cb30fd92": [
    [
      {
        "count": 15515,
        "_tpl": "5449016a4bdc2d6f028b456f"
      }
    ]
  ],
  "5eeca63dbfed7142cb30fd94": [
    [
      {
        "count": 10239.9,
        "_tpl": "5449016a4bdc2d6f028b456f"
      }
    ]
  ],
  "5eeca63dbfed7142cb30fd96": [
    [
      {
        "count": 22609.1,
        "_tpl": "5449016a4bdc2d6f028b456f"
      }
    ]
  ],
  "5eeca63dbfed7142cb30fd98": [
    [
      {
        "count": 9095,
        "_tpl": "5449016a4bdc2d6f028b456f"
      }
    ]
  ],
  "5eeca63dbfed7142cb30fd9a": [
    [
      {
        "count": 10753.5,
        "_tpl": "5449016a4bdc2d6f028b456f"
      }
    ]
  ],
  "5eeca63dbfed7142cb30fd9c": [
    [
      {
        "count": 35245.8,
        "_tpl": "5449016a4bdc2d6f028b456f"
      }
    ]
  ],
  "5eeca63dbfed7142cb30fd9e": [
    [
      {
        "count": 5243,
        "_tpl": "5449016a4bdc2d6f028b456f"
      }
    ]
  ],
  "5eeca63dbfed7142cb30fda0": [
    [
      {
        "count": 6869.4,
        "_tpl": "5449016a4bdc2d6f028b456f"
      }
    ]
  ],
  "5eeca63dbfed7142cb30fda2": [
    [
      {
        "count": 5557.58,
        "_tpl": "5449016a4bdc2d6f028b456f"
      }
    ]
  ],
  "5eeca63dbfed7142cb30fda4": [
    [
      {
        "count": 10914,
        "_tpl": "5449016a4bdc2d6f028b456f"
      }
    ]
  ],
  "5eeca63dbfed7142cb30fda6": [
    [
      {
        "count": 1,
        "_tpl": "57347baf24597738002c6178"
      },
      {
        "count": 1,
        "_tpl": "5734779624597737e04bf329"
      }
    ]
  ],
  "5eeca63dbfed7142cb30fda8": [
    [
      {
        "count": 15,
        "_tpl": "57347cd0245977445a2d6ff1"
      }
    ]
  ],
  "5eeca63dbfed7142cb30fdaa": [
    [
      {
        "count": 17869,
        "_tpl": "5449016a4bdc2d6f028b456f"
      }
    ]
  ],
  "5eeca63dbfed7142cb30fdac": [
    [
      {
        "count": 14873,
        "_tpl": "5449016a4bdc2d6f028b456f"
      }
    ]
  ],
  "5eeca63dbfed7142cb30fdae": [
    [
      {
        "count": 2482.4,
        "_tpl": "5449016a4bdc2d6f028b456f"
      }
    ]
  ],
  "5eeca63dbfed7142cb30fdb0": [
    [
      {
        "count": 40397.85,
        "_tpl": "5449016a4bdc2d6f028b456f"
      }
    ]
  ],
  "5eeca63dbfed7142cb30fdb2": [
    [
      {
        "count": 2996,
        "_tpl": "5449016a4bdc2d6f028b456f"
      }
    ]
  ],
  "5eeca63dbfed7142cb30fdb4": [
    [
      {
        "count": 20223,
        "_tpl": "5449016a4bdc2d6f028b456f"
      }
    ]
  ],
  "5eeca63dbfed7142cb30fdb6": [
    [
      {
        "count": 5007.6,
        "_tpl": "5449016a4bdc2d6f028b456f"
      }
    ]
  ],
  "5eeca63dbfed7142cb30fdb8": [
    [
      {
        "count": 15301,
        "_tpl": "5449016a4bdc2d6f028b456f"
      }
    ]
  ],
  "5eeca63dbfed7142cb30fdba": [
    [
      {
        "count": 5113.53,
        "_tpl": "5449016a4bdc2d6f028b456f"
      }
    ]
  ],
  "5eeca63dbfed7142cb30fdbc": [
    [
      {
        "count": 11395.5,
        "_tpl": "5449016a4bdc2d6f028b456f"
      }
    ]
  ],
  "5eeca63dbfed7142cb30fdbe": [
    [
      {
        "count": 8538.6,
        "_tpl": "5449016a4bdc2d6f028b456f"
      }
    ]
  ],
  "5eeca63dbfed7142cb30fdc0": [
    [
      {
        "count": 10165,
        "_tpl": "5449016a4bdc2d6f028b456f"
      }
    ]
  ],
  "5eeca63dbfed7142cb30fdc2": [
    [
      {
        "count": 26578.8,
        "_tpl": "5449016a4bdc2d6f028b456f"
      }
    ]
  ],
  "5eeca63dbfed7142cb30fdc4": [
    [
      {
        "count": 10165,
        "_tpl": "5449016a4bdc2d6f028b456f"
      }
    ]
  ],
  "5eeca63dbfed7142cb30fdc6": [
    [
      {
        "count": 54570,
        "_tpl": "5449016a4bdc2d6f028b456f"
      }
    ]
  ],
  "5eeca63dbfed7142cb30fdc8": [
    [
      {
        "count": 9362.5,
        "_tpl": "5449016a4bdc2d6f028b456f"
      }
    ]
  ],
  "5eeca63dbfed7142cb30fdca": [
    [
      {
        "count": 8988,
        "_tpl": "5449016a4bdc2d6f028b456f"
      }
    ]
  ],
  "5eeca63dbfed7142cb30fdcc": [
    [
      {
        "count": 9990.16,
        "_tpl": "5449016a4bdc2d6f028b456f"
      }
    ]
  ],
  "5eeca63dbfed7142cb30fdce": [
    [
      {
        "count": 4,
        "_tpl": "5d1b31ce86f7742523398394"
      }
    ]
  ],
  "5eeca63dbfed7142cb30fdd0": [
    [
      {
        "count": 20544,
        "_tpl": "5449016a4bdc2d6f028b456f"
      }
    ]
  ],
  "5eeca63dbfed7142cb30fdd2": [
    [
      {
        "count": 31779,
        "_tpl": "5449016a4bdc2d6f028b456f"
      }
    ]
  ],
  "5eeca63dbfed7142cb30fdd4": [
    [
      {
        "count": 20544,
        "_tpl": "5449016a4bdc2d6f028b456f"
      }
    ]
  ],
  "5eeca63dbfed7142cb30fdd6": [
    [
      {
        "count": 15793.2,
        "_tpl": "5449016a4bdc2d6f028b456f"
      }
    ]
  ],
  "5eeca63dbfed7142cb30fdd8": [
    [
      {
        "count": 8346,
        "_tpl": "5449016a4bdc2d6f028b456f"
      }
    ]
  ],
  "5eeca63dbfed7142cb30fdda": [
    [
      {
        "count": 1,
        "_tpl": "5d0378d486f77420421a5ff4"
      }
    ]
  ],
  "5eeca63dbfed7142cb30fde1": [
    [
      {
        "count": 4173,
        "_tpl": "5449016a4bdc2d6f028b456f"
      }
    ]
  ],
  "5eeca63dbfed7142cb30fde3": [
    [
      {
        "count": 6955,
        "_tpl": "5449016a4bdc2d6f028b456f"
      }
    ]
  ],
  "5eeca63dbfed7142cb30fde5": [
    [
      {
        "count": 6634,
        "_tpl": "5449016a4bdc2d6f028b456f"
      }
    ]
  ],
  "5eeca63dbfed7142cb30fde7": [
    [
      {
        "count": 20758,
        "_tpl": "5449016a4bdc2d6f028b456f"
      }
    ]
  ],
  "5eeca63dbfed7142cb30fde9": [
    [
      {
        "count": 22470,
        "_tpl": "5449016a4bdc2d6f028b456f"
      }
    ]
  ],
  "5eeca63dbfed7142cb30fdeb": [
    [
      {
        "count": 4173,
        "_tpl": "5449016a4bdc2d6f028b456f"
      }
    ]
  ],
  "5eeca63dbfed7142cb30fded": [
    [
      {
        "count": 6676.8,
        "_tpl": "5449016a4bdc2d6f028b456f"
      }
    ]
  ],
  "5eeca63dbfed7142cb30fdef": [
    [
      {
        "count": 67891.5,
        "_tpl": "5449016a4bdc2d6f028b456f"
      }
    ]
  ],
  "5eeca63ebfed7142cb30fdf1": [
    [
      {
        "count": 6377.2,
        "_tpl": "5449016a4bdc2d6f028b456f"
      }
    ]
  ],
  "5eeca63ebfed7142cb30fdf3": [
    [
      {
        "count": 199.02,
        "_tpl": "5449016a4bdc2d6f028b456f"
      }
    ]
  ],
  "5eeca63ebfed7142cb30fdf5": [
    [
      {
        "count": 4162.3,
        "_tpl": "5449016a4bdc2d6f028b456f"
      }
    ]
  ],
  "5eeca63ebfed7142cb30fdf7": [
    [
      {
        "count": 230.05,
        "_tpl": "5449016a4bdc2d6f028b456f"
      }
    ]
  ],
  "5eeca63ebfed7142cb30fdf9": [
    [
      {
        "count": 1070,
        "_tpl": "5449016a4bdc2d6f028b456f"
      }
    ]
  ],
  "5eeca63ebfed7142cb30fdfb": [
    [
      {
        "count": 6056.2,
        "_tpl": "5449016a4bdc2d6f028b456f"
      }
    ]
  ],
  "5eeca63ebfed7142cb30fdfd": [
    [
      {
        "count": 8399.5,
        "_tpl": "5449016a4bdc2d6f028b456f"
      }
    ]
  ],
  "5eeca63ebfed7142cb30fdff": [
    [
      {
        "count": 1712,
        "_tpl": "5449016a4bdc2d6f028b456f"
      }
    ]
  ],
  "5eeca63ebfed7142cb30fe01": [
    [
      {
        "count": 16585,
        "_tpl": "5449016a4bdc2d6f028b456f"
      }
    ]
  ],
  "5eeca63ebfed7142cb30fe03": [
    [
      {
        "count": 20972,
        "_tpl": "5449016a4bdc2d6f028b456f"
      }
    ]
  ],
  "5eeca63ebfed7142cb30fe05": [
    [
      {
        "count": 5,
        "_tpl": "5d235b4d86f7742e017bc88a"
      }
    ]
  ],
  "5eeca63ebfed7142cb30fe13": [
    [
      {
        "count": 2849.41,
        "_tpl": "5449016a4bdc2d6f028b456f"
      }
    ]
  ],
  "5eeca63ebfed7142cb30fe15": [
    [
      {
        "count": 4440.5,
        "_tpl": "5449016a4bdc2d6f028b456f"
      }
    ]
  ],
  "5eeca63ebfed7142cb30fe17": [
    [
      {
        "count": 4066,
        "_tpl": "5449016a4bdc2d6f028b456f"
      }
    ]
  ],
  "5eeca63ebfed7142cb30fe19": [
    [
      {
        "count": 1070,
        "_tpl": "5449016a4bdc2d6f028b456f"
      }
    ]
  ],
  "5eeca63ebfed7142cb30fe1b": [
    [
      {
        "count": 1070,
        "_tpl": "5449016a4bdc2d6f028b456f"
      }
    ]
  ],
  "5eeca63ebfed7142cb30fe1d": [
    [
      {
        "count": 12412,
        "_tpl": "5449016a4bdc2d6f028b456f"
      }
    ]
  ],
  "5eeca63ebfed7142cb30fe1f": [
    [
      {
        "count": 4173,
        "_tpl": "5449016a4bdc2d6f028b456f"
      }
    ]
  ],
  "5eeca63ebfed7142cb30fe21": [
    [
      {
        "count": 27713,
        "_tpl": "5449016a4bdc2d6f028b456f"
      }
    ]
  ],
  "5eeca63ebfed7142cb30fe23": [
    [
      {
        "count": 642,
        "_tpl": "5449016a4bdc2d6f028b456f"
      }
    ]
  ],
  "5eeca63ebfed7142cb30fe25": [
    [
      {
        "count": 24396,
        "_tpl": "5449016a4bdc2d6f028b456f"
      }
    ]
  ],
  "5eeca63ebfed7142cb30fe27": [
    [
      {
        "count": 28355,
        "_tpl": "5449016a4bdc2d6f028b456f"
      }
    ]
  ],
  "5eeca63ebfed7142cb30fe29": [
    [
      {
        "count": 4643.8,
        "_tpl": "5449016a4bdc2d6f028b456f"
      }
    ]
  ],
  "5eeca63ebfed7142cb30fe2b": [
    [
      {
        "count": 5992,
        "_tpl": "5449016a4bdc2d6f028b456f"
      }
    ]
  ],
  "5eeca63ebfed7142cb30fe2d": [
    [
      {
        "count": 2247,
        "_tpl": "5449016a4bdc2d6f028b456f"
      }
    ]
  ],
  "5eeca63ebfed7142cb30fe2f": [
    [
      {
        "count": 535,
        "_tpl": "5449016a4bdc2d6f028b456f"
      }
    ]
  ],
  "5eeca63ebfed7142cb30fe31": [
    [
      {
        "count": 3,
        "_tpl": "5d1b309586f77425227d1676"
      }
    ]
  ],
  "5eeca63ebfed7142cb30fe33": [
    [
      {
        "count": 32382.48,
        "_tpl": "5449016a4bdc2d6f028b456f"
      }
    ]
  ],
  "5eeca63ebfed7142cb30fe35": [
    [
      {
        "count": 1819,
        "_tpl": "5449016a4bdc2d6f028b456f"
      }
    ]
  ],
  "5eeca63ebfed7142cb30fe37": [
    [
      {
        "count": 2625.78,
        "_tpl": "5449016a4bdc2d6f028b456f"
      }
    ]
  ],
  "5eeca63ebfed7142cb30fe39": [
    [
      {
        "count": 40759.51,
        "_tpl": "5449016a4bdc2d6f028b456f"
      }
    ]
  ],
  "5eeca63ebfed7142cb30fe3b": [
    [
      {
        "count": 23095.95,
        "_tpl": "5449016a4bdc2d6f028b456f"
      }
    ]
  ],
  "5eeca63ebfed7142cb30fe3d": [
    [
      {
        "count": 14598.01,
        "_tpl": "5449016a4bdc2d6f028b456f"
      }
    ]
  ],
  "5eeca63ebfed7142cb30fe3f": [
    [
      {
        "count": 12,
        "_tpl": "5d1c819a86f774771b0acd6c"
      }
    ]
  ],
  "5eeca63ebfed7142cb30fe4a": [
    [
      {
        "count": 4,
        "_tpl": "59faff1d86f7746c51718c9c"
      }
    ]
  ],
  "5eeca63ebfed7142cb30fe5b": [
    [
      {
        "count": 502.9,
        "_tpl": "5449016a4bdc2d6f028b456f"
      }
    ]
  ],
  "5eeca63ebfed7142cb30fe5d": [
    [
      {
        "count": 8,
        "_tpl": "5d1b2fa286f77425227d1674"
      },
      {
        "count": 15,
        "_tpl": "5c06779c86f77426e00dd782"
      },
      {
        "count": 4,
        "_tpl": "5d1b309586f77425227d1676"
      },
      {
        "count": 1,
        "_tpl": "5d03775b86f774203e7e0c4b"
      }
    ]
  ],
  "5eeca63ebfed7142cb30fe5f": [
    [
      {
        "count": 23326,
        "_tpl": "5449016a4bdc2d6f028b456f"
      }
    ]
  ],
  "5eeca63ebfed7142cb30fe61": [
    [
      {
        "count": 24970.59,
        "_tpl": "5449016a4bdc2d6f028b456f"
      }
    ]
  ],
  "5eeca63ebfed7142cb30fe63": [
    [
      {
        "count": 1,
        "_tpl": "59faff1d86f7746c51718c9c"
      },
      {
        "count": 1,
        "_tpl": "5d235b4d86f7742e017bc88a"
      }
    ]
  ],
  "5eeca63ebfed7142cb30fe76": [
    [
      {
        "count": 24767.29,
        "_tpl": "5449016a4bdc2d6f028b456f"
      }
    ]
  ],
  "5eeca63ebfed7142cb30fe78": [
    [
      {
        "count": 1,
        "_tpl": "59faff1d86f7746c51718c9c"
      },
      {
        "count": 2,
        "_tpl": "5d235b4d86f7742e017bc88a"
      }
    ]
  ],
  "5eeca63ebfed7142cb30fe89": [
    [
      {
        "count": 3,
        "_tpl": "590c37d286f77443be3d7827"
      },
      {
        "count": 3,
        "_tpl": "590c392f86f77444754deb29"
      }
    ]
  ],
  "5eeca63ebfed7142cb30fe8b": [
    [
      {
        "count": 2,
        "_tpl": "5d0377ce86f774186372f689"
      },
      {
        "count": 2,
        "_tpl": "5d03784a86f774203e7e0c4d"
      },
      {
        "count": 5,
        "_tpl": "5d0376a486f7747d8050965c"
      }
    ]
  ],
  "5eeca63ebfed7142cb30fe8d": [
    [
      {
        "count": 6848,
        "_tpl": "5449016a4bdc2d6f028b456f"
      }
    ]
  ],
  "5eeca63ebfed7142cb30fe8f": [
    [
      {
        "count": 2798.05,
        "_tpl": "5449016a4bdc2d6f028b456f"
      }
    ]
  ],
  "5eeca63ebfed7142cb30fe91": [
    [
      {
        "count": 10,
        "_tpl": "5e2af22086f7746d3f3c33fa"
      }
    ]
  ],
  "5eeca63ebfed7142cb30fe93": [
    [
      {
        "count": 10272,
        "_tpl": "5449016a4bdc2d6f028b456f"
      }
    ]
  ],
  "5eeca63ebfed7142cb30fe95": [
    [
      {
        "count": 2782,
        "_tpl": "5449016a4bdc2d6f028b456f"
      }
    ]
  ],
  "5eeca63ebfed7142cb30fe97": [
    [
      {
        "count": 1,
        "_tpl": "5e2af51086f7746d3f3c3402"
      }
    ]
  ],
  "5eeca63ebfed7142cb30fe99": [
    [
      {
        "count": 2482.4,
        "_tpl": "5449016a4bdc2d6f028b456f"
      }
    ]
  ],
  "5eeca63ebfed7142cb30fe9b": [
    [
      {
        "count": 9271.55,
        "_tpl": "5449016a4bdc2d6f028b456f"
      }
    ]
  ],
  "5eeca63ebfed7142cb30fe9d": [
    [
      {
        "count": 17013,
        "_tpl": "5449016a4bdc2d6f028b456f"
      }
    ]
  ],
  "5eeca63ebfed7142cb30fe9f": [
    [
      {
        "count": 909.5,
        "_tpl": "5449016a4bdc2d6f028b456f"
      }
    ]
  ],
  "5eeca63ebfed7142cb30fea1": [
    [
      {
        "count": 9737,
        "_tpl": "5449016a4bdc2d6f028b456f"
      }
    ]
  ],
  "5eeca63ebfed7142cb30fea3": [
    [
      {
        "count": 1926,
        "_tpl": "5449016a4bdc2d6f028b456f"
      }
    ]
  ],
  "5eeca63ebfed7142cb30fea5": [
    [
      {
        "count": 1551.5,
        "_tpl": "5449016a4bdc2d6f028b456f"
      }
    ]
  ],
  "5eeca63ebfed7142cb30fea7": [
    [
      {
        "count": 27178,
        "_tpl": "5449016a4bdc2d6f028b456f"
      }
    ]
  ],
  "5eeca63ebfed7142cb30fea9": [
    [
      {
        "count": 1284,
        "_tpl": "5449016a4bdc2d6f028b456f"
      }
    ]
  ],
  "5eeca63ebfed7142cb30feab": [
    [
      {
        "count": 4654.5,
        "_tpl": "5449016a4bdc2d6f028b456f"
      }
    ]
  ],
  "5eeca63ebfed7142cb30fead": [
    [
      {
        "count": 4,
        "_tpl": "5d0377ce86f774186372f689"
      },
      {
        "count": 6,
        "_tpl": "5d0376a486f7747d8050965c"
      }
    ]
  ],
  "5eeca63ebfed7142cb30feaf": [
    [
      {
        "count": 429.07,
        "_tpl": "5449016a4bdc2d6f028b456f"
      }
    ]
  ],
  "5eeca63ebfed7142cb30feb1": [
    [
      {
        "count": 4,
        "_tpl": "5734779624597737e04bf329"
      }
    ]
  ],
  "5eeca63ebfed7142cb30feb3": [
    [
      {
        "count": 1,
        "_tpl": "5e2aedd986f7746d404f3aa4"
      },
      {
        "count": 2,
        "_tpl": "5672cb304bdc2dc2088b456a"
      }
    ]
  ],
  "5eeca63ebfed7142cb30feb5": [
    [
      {
        "count": 1,
        "_tpl": "5e2aee0a86f774755a234b62"
      },
      {
        "count": 1,
        "_tpl": "590a391c86f774385a33c404"
      },
      {
        "count": 1,
        "_tpl": "5d1b2ffd86f77425243e8d17"
      }
    ]
  ],
  "5eeca63ebfed7142cb30febf": [
    [
      {
        "count": 17280.5,
        "_tpl": "5449016a4bdc2d6f028b456f"
      }
    ]
  ],
  "5eeca63ebfed7142cb30fec1": [
    [
      {
        "count": 3638,
        "_tpl": "5449016a4bdc2d6f028b456f"
      }
    ]
  ],
  "5ef52a1f7e0a17415066ec67": [
    [
      {
        "count": 2,
        "_tpl": "5734781f24597737e04bf32a"
      }
    ]
  ]
}