{
  "5eeca63bbfed7142cb30fa37": 2,
  "5eeca63bbfed7142cb30fa39": 3,
  "5eeca63bbfed7142cb30fa3b": 1,
  "5eeca63bbfed7142cb30fa3d": 2,
  "5eeca63bbfed7142cb30fa47": 3,
  "5eeca63bbfed7142cb30fa49": 3,
  "5eeca63bbfed7142cb30fa4b": 1,
  "5eeca63bbfed7142cb30fa4d": 1,
  "5eeca63bbfed7142cb30fa4f": 3,
  "5eeca63bbfed7142cb30fa51": 3,
  "5eeca63bbfed7142cb30fa53": 4,
  "5eeca63bbfed7142cb30fa55": 4,
  "5eeca63bbfed7142cb30fa5e": 3,
  "5eeca63bbfed7142cb30fa60": 4,
  "5eeca63bbfed7142cb30fa62": 4,
  "5eeca63bbfed7142cb30fa64": 4,
  "5eeca63bbfed7142cb30fa66": 3,
  "5eeca63bbfed7142cb30fa68": 4,
  "5eeca63bbfed7142cb30fa6a": 2,
  "5eeca63bbfed7142cb30fa6c": 2,
  "5eeca63bbfed7142cb30fa80": 2,
  "5eeca63bbfed7142cb30fa82": 4,
  "5eeca63bbfed7142cb30fa84": 1,
  "5eeca63bbfed7142cb30fa8b": 2,
  "5eeca63bbfed7142cb30fa8d": 2,
  "5eeca63bbfed7142cb30fa99": 2,
  "5eeca63bbfed7142cb30fa9b": 2,
  "5eeca63bbfed7142cb30fa9d": 2,
  "5eeca63bbfed7142cb30fa9f": 4,
  "5eeca63bbfed7142cb30faa1": 1,
  "5eeca63bbfed7142cb30faa3": 4,
  "5eeca63bbfed7142cb30fab1": 2,
  "5eeca63bbfed7142cb30fab3": 3,
  "5eeca63bbfed7142cb30fab5": 3,
  "5eeca63bbfed7142cb30fac3": 2,
  "5eeca63bbfed7142cb30fac5": 4,
  "5eeca63bbfed7142cb30fac7": 1,
  "5eeca63bbfed7142cb30facc": 2,
  "5eeca63bbfed7142cb30face": 2,
  "5eeca63bbfed7142cb30fad0": 2,
  "5eeca63bbfed7142cb30fad2": 3,
  "5eeca63bbfed7142cb30fad4": 3,
  "5eeca63bbfed7142cb30fad6": 4,
  "5eeca63bbfed7142cb30fad8": 3,
  "5eeca63bbfed7142cb30fada": 4,
  "5eeca63bbfed7142cb30fadc": 2,
  "5eeca63bbfed7142cb30fade": 2,
  "5eeca63bbfed7142cb30fae0": 3,
  "5eeca63bbfed7142cb30fae2": 3,
  "5eeca63bbfed7142cb30fae4": 1,
  "5eeca63bbfed7142cb30fae6": 2,
  "5eeca63bbfed7142cb30faef": 2,
  "5eeca63bbfed7142cb30faf8": 1,
  "5eeca63bbfed7142cb30fafa": 3,
  "5eeca63bbfed7142cb30fafc": 2,
  "5eeca63bbfed7142cb30fb04": 3,
  "5eeca63bbfed7142cb30fb06": 2,
  "5eeca63bbfed7142cb30fb08": 3,
  "5eeca63bbfed7142cb30fb12": 2,
  "5eeca63bbfed7142cb30fb14": 4,
  "5eeca63bbfed7142cb30fb16": 3,
  "5eeca63bbfed7142cb30fb18": 1,
  "5eeca63bbfed7142cb30fb1a": 3,
  "5eeca63bbfed7142cb30fb29": 4,
  "5eeca63bbfed7142cb30fb2b": 3,
  "5eeca63bbfed7142cb30fb2d": 4,
  "5eeca63bbfed7142cb30fb2f": 2,
  "5eeca63bbfed7142cb30fb38": 4,
  "5eeca63bbfed7142cb30fb3a": 2,
  "5eeca63bbfed7142cb30fb3c": 3,
  "5eeca63bbfed7142cb30fb3e": 4,
  "5eeca63bbfed7142cb30fb40": 4,
  "5eeca63bbfed7142cb30fb42": 3,
  "5eeca63bbfed7142cb30fb44": 3,
  "5eeca63bbfed7142cb30fb46": 2,
  "5eeca63bbfed7142cb30fb4e": 2,
  "5eeca63bbfed7142cb30fb50": 2,
  "5eeca63bbfed7142cb30fb52": 4,
  "5eeca63bbfed7142cb30fb54": 4,
  "5eeca63bbfed7142cb30fb56": 1,
  "5eeca63bbfed7142cb30fb58": 3,
  "5eeca63bbfed7142cb30fb5a": 4,
  "5eeca63bbfed7142cb30fb5c": 2,
  "5eeca63bbfed7142cb30fb5e": 3,
  "5eeca63bbfed7142cb30fb60": 2,
  "5eeca63bbfed7142cb30fb62": 2,
  "5eeca63bbfed7142cb30fb64": 4,
  "5eeca63bbfed7142cb30fb66": 4,
  "5eeca63bbfed7142cb30fb68": 3,
  "5eeca63bbfed7142cb30fb6a": 4,
  "5eeca63bbfed7142cb30fb6c": 2,
  "5eeca63bbfed7142cb30fb6e": 2,
  "5eeca63bbfed7142cb30fb70": 3,
  "5eeca63bbfed7142cb30fb72": 2,
  "5eeca63bbfed7142cb30fb74": 3,
  "5eeca63bbfed7142cb30fb76": 2,
  "5eeca63bbfed7142cb30fb78": 1,
  "5eeca63bbfed7142cb30fb7a": 2,
  "5eeca63bbfed7142cb30fb7c": 3,
  "5eeca63bbfed7142cb30fb7e": 1,
  "5eeca63bbfed7142cb30fb80": 3,
  "5eeca63bbfed7142cb30fb82": 1,
  "5eeca63bbfed7142cb30fb91": 3,
  "5eeca63bbfed7142cb30fb93": 3,
  "5eeca63bbfed7142cb30fb95": 3,
  "5eeca63bbfed7142cb30fb97": 3,
  "5eeca63bbfed7142cb30fb99": 4,
  "5eeca63bbfed7142cb30fb9b": 3,
  "5eeca63bbfed7142cb30fb9d": 1,
  "5eeca63bbfed7142cb30fb9f": 3,
  "5eeca63bbfed7142cb30fbaa": 3,
  "5eeca63bbfed7142cb30fbac": 4,
  "5eeca63bbfed7142cb30fbae": 2,
  "5eeca63bbfed7142cb30fbb0": 1,
  "5eeca63bbfed7142cb30fbb2": 3,
  "5eeca63cbfed7142cb30fbbf": 1,
  "5eeca63cbfed7142cb30fbcc": 2,
  "5eeca63cbfed7142cb30fbce": 1,
  "5eeca63cbfed7142cb30fbd0": 2,
  "5eeca63cbfed7142cb30fbd2": 3,
  "5eeca63cbfed7142cb30fbd4": 4,
  "5eeca63cbfed7142cb30fbd6": 3,
  "5eeca63cbfed7142cb30fbd8": 3,
  "5eeca63cbfed7142cb30fbda": 2,
  "5eeca63cbfed7142cb30fbe4": 3,
  "5eeca63cbfed7142cb30fbed": 3,
  "5eeca63cbfed7142cb30fbef": 4,
  "5eeca63cbfed7142cb30fbf1": 4,
  "5eeca63cbfed7142cb30fbf3": 2,
  "5eeca63cbfed7142cb30fbf5": 3,
  "5eeca63cbfed7142cb30fbf7": 4,
  "5eeca63cbfed7142cb30fbf9": 3,
  "5eeca63cbfed7142cb30fbfb": 3,
  "5eeca63cbfed7142cb30fbfd": 1,
  "5eeca63cbfed7142cb30fc04": 4,
  "5eeca63cbfed7142cb30fc06": 1,
  "5eeca63cbfed7142cb30fc08": 1,
  "5eeca63cbfed7142cb30fc0a": 1,
  "5eeca63cbfed7142cb30fc0c": 3,
  "5eeca63cbfed7142cb30fc0e": 1,
  "5eeca63cbfed7142cb30fc18": 2,
  "5eeca63cbfed7142cb30fc22": 2,
  "5eeca63cbfed7142cb30fc24": 3,
  "5eeca63cbfed7142cb30fc2e": 2,
  "5eeca63cbfed7142cb30fc30": 1,
  "5eeca63cbfed7142cb30fc32": 2,
  "5eeca63cbfed7142cb30fc34": 1,
  "5eeca63cbfed7142cb30fc36": 4,
  "5eeca63cbfed7142cb30fc38": 1,
  "5eeca63cbfed7142cb30fc3a": 3,
  "5eeca63cbfed7142cb30fc3c": 1,
  "5eeca63cbfed7142cb30fc3e": 4,
  "5eeca63cbfed7142cb30fc40": 3,
  "5eeca63cbfed7142cb30fc42": 3,
  "5eeca63cbfed7142cb30fc44": 3,
  "5eeca63cbfed7142cb30fc46": 4,
  "5eeca63cbfed7142cb30fc48": 1,
  "5eeca63cbfed7142cb30fc4a": 2,
  "5eeca63cbfed7142cb30fc4c": 1,
  "5eeca63cbfed7142cb30fc4e": 3,
  "5eeca63cbfed7142cb30fc50": 3,
  "5eeca63cbfed7142cb30fc52": 4,
  "5eeca63cbfed7142cb30fc54": 4,
  "5eeca63cbfed7142cb30fc56": 3,
  "5eeca63cbfed7142cb30fc58": 2,
  "5eeca63cbfed7142cb30fc5a": 3,
  "5eeca63cbfed7142cb30fc5c": 2,
  "5eeca63cbfed7142cb30fc5e": 3,
  "5eeca63cbfed7142cb30fc60": 1,
  "5eeca63cbfed7142cb30fc62": 3,
  "5eeca63cbfed7142cb30fc64": 2,
  "5eeca63cbfed7142cb30fc66": 4,
  "5eeca63cbfed7142cb30fc68": 4,
  "5eeca63cbfed7142cb30fc6a": 3,
  "5eeca63cbfed7142cb30fc6c": 2,
  "5eeca63cbfed7142cb30fc6e": 3,
  "5eeca63cbfed7142cb30fc70": 1,
  "5eeca63cbfed7142cb30fc72": 3,
  "5eeca63cbfed7142cb30fc74": 1,
  "5eeca63cbfed7142cb30fc76": 2,
  "5eeca63cbfed7142cb30fc78": 4,
  "5eeca63cbfed7142cb30fc7a": 4,
  "5eeca63cbfed7142cb30fc7c": 2,
  "5eeca63cbfed7142cb30fc7e": 4,
  "5eeca63cbfed7142cb30fc80": 2,
  "5eeca63cbfed7142cb30fc82": 3,
  "5eeca63cbfed7142cb30fc84": 4,
  "5eeca63cbfed7142cb30fc86": 1,
  "5eeca63cbfed7142cb30fc88": 4,
  "5eeca63cbfed7142cb30fc8a": 2,
  "5eeca63cbfed7142cb30fc8c": 2,
  "5eeca63cbfed7142cb30fc8e": 1,
  "5eeca63cbfed7142cb30fc9a": 2,
  "5eeca63cbfed7142cb30fc9c": 3,
  "5eeca63cbfed7142cb30fc9e": 2,
  "5eeca63cbfed7142cb30fca0": 2,
  "5eeca63cbfed7142cb30fca2": 2,
  "5eeca63cbfed7142cb30fca4": 1,
  "5eeca63cbfed7142cb30fcb6": 2,
  "5eeca63cbfed7142cb30fcb8": 2,
  "5eeca63cbfed7142cb30fcc1": 3,
  "5eeca63cbfed7142cb30fcc3": 3,
  "5eeca63cbfed7142cb30fcc5": 3,
  "5eeca63cbfed7142cb30fcc7": 1,
  "5eeca63cbfed7142cb30fcc9": 4,
  "5eeca63cbfed7142cb30fccb": 3,
  "5eeca63cbfed7142cb30fccd": 1,
  "5eeca63cbfed7142cb30fccf": 1,
  "5eeca63cbfed7142cb30fcd1": 3,
  "5eeca63cbfed7142cb30fcd3": 2,
  "5eeca63cbfed7142cb30fcd5": 3,
  "5eeca63cbfed7142cb30fcd7": 2,
  "5eeca63cbfed7142cb30fcd9": 4,
  "5eeca63cbfed7142cb30fcdb": 3,
  "5eeca63dbfed7142cb30fcdd": 3,
  "5eeca63dbfed7142cb30fcdf": 3,
  "5eeca63dbfed7142cb30fce1": 3,
  "5eeca63dbfed7142cb30fce3": 3,
  "5eeca63dbfed7142cb30fce5": 3,
  "5eeca63dbfed7142cb30fce7": 3,
  "5eeca63dbfed7142cb30fce9": 3,
  "5eeca63dbfed7142cb30fcf0": 2,
  "5eeca63dbfed7142cb30fcf2": 2,
  "5eeca63dbfed7142cb30fcf4": 4,
  "5eeca63dbfed7142cb30fcf6": 2,
  "5eeca63dbfed7142cb30fcf8": 2,
  "5eeca63dbfed7142cb30fcfa": 2,
  "5eeca63dbfed7142cb30fcfc": 2,
  "5eeca63dbfed7142cb30fcfe": 2,
  "5eeca63dbfed7142cb30fd09": 2,
  "5eeca63dbfed7142cb30fd0b": 4,
  "5eeca63dbfed7142cb30fd0f": 2,
  "5eeca63dbfed7142cb30fd11": 2,
  "5eeca63dbfed7142cb30fd13": 2,
  "5eeca63dbfed7142cb30fd15": 4,
  "5eeca63dbfed7142cb30fd17": 3,
  "5eeca63dbfed7142cb30fd19": 2,
  "5eeca63dbfed7142cb30fd1b": 2,
  "5eeca63dbfed7142cb30fd1d": 3,
  "5eeca63dbfed7142cb30fd1f": 2,
  "5eeca63dbfed7142cb30fd21": 3,
  "5eeca63dbfed7142cb30fd2e": 2,
  "5eeca63dbfed7142cb30fd30": 2,
  "5eeca63dbfed7142cb30fd32": 4,
  "5eeca63dbfed7142cb30fd34": 2,
  "5eeca63dbfed7142cb30fd36": 2,
  "5eeca63dbfed7142cb30fd38": 2,
  "5eeca63dbfed7142cb30fd3a": 2,
  "5eeca63dbfed7142cb30fd3c": 1,
  "5eeca63dbfed7142cb30fd3e": 3,
  "5eeca63dbfed7142cb30fd40": 2,
  "5eeca63dbfed7142cb30fd42": 3,
  "5eeca63dbfed7142cb30fd44": 4,
  "5eeca63dbfed7142cb30fd46": 4,
  "5eeca63dbfed7142cb30fd48": 2,
  "5eeca63dbfed7142cb30fd4a": 2,
  "5eeca63dbfed7142cb30fd50": 1,
  "5eeca63dbfed7142cb30fd52": 4,
  "5eeca63dbfed7142cb30fd54": 3,
  "5eeca63dbfed7142cb30fd56": 2,
  "5eeca63dbfed7142cb30fd58": 4,
  "5eeca63dbfed7142cb30fd5a": 3,
  "5eeca63dbfed7142cb30fd5c": 3,
  "5eeca63dbfed7142cb30fd5e": 2,
  "5eeca63dbfed7142cb30fd60": 3,
  "5eeca63dbfed7142cb30fd62": 4,
  "5eeca63dbfed7142cb30fd64": 3,
  "5eeca63dbfed7142cb30fd66": 1,
  "5eeca63dbfed7142cb30fd68": 3,
  "5eeca63dbfed7142cb30fd6a": 2,
  "5eeca63dbfed7142cb30fd6c": 3,
  "5eeca63dbfed7142cb30fd6e": 2,
  "5eeca63dbfed7142cb30fd70": 3,
  "5eeca63dbfed7142cb30fd72": 3,
  "5eeca63dbfed7142cb30fd74": 4,
  "5eeca63dbfed7142cb30fd76": 4,
  "5eeca63dbfed7142cb30fd78": 2,
  "5eeca63dbfed7142cb30fd7a": 3,
  "5eeca63dbfed7142cb30fd7c": 3,
  "5eeca63dbfed7142cb30fd7e": 2,
  "5eeca63dbfed7142cb30fd80": 4,
  "5eeca63dbfed7142cb30fd82": 2,
  "5eeca63dbfed7142cb30fd84": 4,
  "5eeca63dbfed7142cb30fd86": 4,
  "5eeca63dbfed7142cb30fd88": 3,
  "5eeca63dbfed7142cb30fd8a": 4,
  "5eeca63dbfed7142cb30fd8c": 3,
  "5eeca63dbfed7142cb30fd8e": 4,
  "5eeca63dbfed7142cb30fd90": 3,
  "5eeca63dbfed7142cb30fd92": 3,
  "5eeca63dbfed7142cb30fd94": 4,
  "5eeca63dbfed7142cb30fd96": 4,
  "5eeca63dbfed7142cb30fd98": 4,
  "5eeca63dbfed7142cb30fd9a": 3,
  "5eeca63dbfed7142cb30fd9c": 2,
  "5eeca63dbfed7142cb30fd9e": 2,
  "5eeca63dbfed7142cb30fda0": 2,
  "5eeca63dbfed7142cb30fda2": 2,
  "5eeca63dbfed7142cb30fda4": 3,
  "5eeca63dbfed7142cb30fda6": 2,
  "5eeca63dbfed7142cb30fda8": 2,
  "5eeca63dbfed7142cb30fdaa": 4,
  "5eeca63dbfed7142cb30fdac": 3,
  "5eeca63dbfed7142cb30fdae": 3,
  "5eeca63dbfed7142cb30fdb0": 4,
  "5eeca63dbfed7142cb30fdb2": 2,
  "5eeca63dbfed7142cb30fdb4": 4,
  "5eeca63dbfed7142cb30fdb6": 4,
  "5eeca63dbfed7142cb30fdb8": 4,
  "5eeca63dbfed7142cb30fdba": 4,
  "5eeca63dbfed7142cb30fdbc": 3,
  "5eeca63dbfed7142cb30fdbe": 3,
  "5eeca63dbfed7142cb30fdc0": 3,
  "5eeca63dbfed7142cb30fdc2": 4,
  "5eeca63dbfed7142cb30fdc4": 3,
  "5eeca63dbfed7142cb30fdc6": 3,
  "5eeca63dbfed7142cb30fdc8": 3,
  "5eeca63dbfed7142cb30fdca": 3,
  "5eeca63dbfed7142cb30fdcc": 3,
  "5eeca63dbfed7142cb30fdce": 4,
  "5eeca63dbfed7142cb30fdd0": 4,
  "5eeca63dbfed7142cb30fdd2": 4,
  "5eeca63dbfed7142cb30fdd4": 4,
  "5eeca63dbfed7142cb30fdd6": 4,
  "5eeca63dbfed7142cb30fdd8": 4,
  "5eeca63dbfed7142cb30fdda": 2,
  "5eeca63dbfed7142cb30fde1": 3,
  "5eeca63dbfed7142cb30fde3": 3,
  "5eeca63dbfed7142cb30fde5": 3,
  "5eeca63dbfed7142cb30fde7": 4,
  "5eeca63dbfed7142cb30fde9": 3,
  "5eeca63dbfed7142cb30fdeb": 3,
  "5eeca63dbfed7142cb30fded": 4,
  "5eeca63dbfed7142cb30fdef": 4,
  "5eeca63ebfed7142cb30fdf1": 3,
  "5eeca63ebfed7142cb30fdf3": 4,
  "5eeca63ebfed7142cb30fdf5": 4,
  "5eeca63ebfed7142cb30fdf7": 4,
  "5eeca63ebfed7142cb30fdf9": 4,
  "5eeca63ebfed7142cb30fdfb": 3,
  "5eeca63ebfed7142cb30fdfd": 4,
  "5eeca63ebfed7142cb30fdff": 3,
  "5eeca63ebfed7142cb30fe01": 3,
  "5eeca63ebfed7142cb30fe03": 4,
  "5eeca63ebfed7142cb30fe05": 2,
  "5eeca63ebfed7142cb30fe13": 4,
  "5eeca63ebfed7142cb30fe15": 4,
  "5eeca63ebfed7142cb30fe17": 4,
  "5eeca63ebfed7142cb30fe19": 3,
  "5eeca63ebfed7142cb30fe1b": 3,
  "5eeca63ebfed7142cb30fe1d": 3,
  "5eeca63ebfed7142cb30fe1f": 3,
  "5eeca63ebfed7142cb30fe21": 4,
  "5eeca63ebfed7142cb30fe23": 3,
  "5eeca63ebfed7142cb30fe25": 3,
  "5eeca63ebfed7142cb30fe27": 3,
  "5eeca63ebfed7142cb30fe29": 3,
  "5eeca63ebfed7142cb30fe2b": 3,
  "5eeca63ebfed7142cb30fe2d": 2,
  "5eeca63ebfed7142cb30fe2f": 3,
  "5eeca63ebfed7142cb30fe31": 2,
  "5eeca63ebfed7142cb30fe33": 3,
  "5eeca63ebfed7142cb30fe35": 2,
  "5eeca63ebfed7142cb30fe37": 2,
  "5eeca63ebfed7142cb30fe39": 4,
  "5eeca63ebfed7142cb30fe3b": 2,
  "5eeca63ebfed7142cb30fe3d": 2,
  "5eeca63ebfed7142cb30fe3f": 3,
  "5eeca63ebfed7142cb30fe4a": 3,
  "5eeca63ebfed7142cb30fe5b": 3,
  "5eeca63ebfed7142cb30fe5d": 3,
  "5eeca63ebfed7142cb30fe5f": 4,
  "5eeca63ebfed7142cb30fe61": 3,
  "5eeca63ebfed7142cb30fe63": 2,
  "5eeca63ebfed7142cb30fe76": 2,
  "5eeca63ebfed7142cb30fe78": 3,
  "5eeca63ebfed7142cb30fe89": 4,
  "5eeca63ebfed7142cb30fe8b": 4,
  "5eeca63ebfed7142cb30fe8d": 2,
  "5eeca63ebfed7142cb30fe8f": 3,
  "5eeca63ebfed7142cb30fe91": 3,
  "5eeca63ebfed7142cb30fe93": 2,
  "5eeca63ebfed7142cb30fe95": 2,
  "5eeca63ebfed7142cb30fe97": 1,
  "5eeca63ebfed7142cb30fe99": 4,
  "5eeca63ebfed7142cb30fe9b": 4,
  "5eeca63ebfed7142cb30fe9d": 3,
  "5eeca63ebfed7142cb30fe9f": 2,
  "5eeca63ebfed7142cb30fea1": 3,
  "5eeca63ebfed7142cb30fea3": 3,
  "5eeca63ebfed7142cb30fea5": 3,
  "5eeca63ebfed7142cb30fea7": 3,
  "5eeca63ebfed7142cb30fea9": 2,
  "5eeca63ebfed7142cb30feab": 3,
  "5eeca63ebfed7142cb30fead": 4,
  "5eeca63ebfed7142cb30feaf": 4,
  "5eeca63ebfed7142cb30feb1": 2,
  "5eeca63ebfed7142cb30feb3": 1,
  "5eeca63ebfed7142cb30feb5": 2,
  "5eeca63ebfed7142cb30febf": 3,
  "5eeca63ebfed7142cb30fec1": 2,
  "5ef52a1f7e0a17415066ec67": 2,
  "308TacX": 4,
  "VectorG30": 3,
  "5e0ac74b9d594972a112a9ed": 3,
  "45ACP_Silencer": 4,
  "zevTech": 3
}