{"_id":"5a7c2eca46aef81a7ca2145d","working":true,"customization_seller":false,"name":"Сергей Арсеньевич","surname":"Mechanic","nickname":"Механик","location":"Химкомбинат","avatar":"/files/trader/avatar/5a7c2eca46aef81a7ca2145d.jpg","balance_rub":80000000,"balance_dol":0,"balance_eur":0,"display":true,"discount":43,"discount_end":0,"buyer_up":false,"currency":"RUB","supply_next_time":1576764739,"repair":{"availability":true,"quality":"0.7","excluded_id_list":[],"excluded_category":[],"currency":"5449016a4bdc2d6f028b456f","currency_coefficient":1,"price_rate":175},"insurance":{"availability":false,"min_payment":0,"min_return_hour":24,"max_return_hour":36,"max_storage_time":72,"excluded_category":[]},"gridHeight":160,"loyalty":{"currentLevel":1,"currentStanding":0,"currentSalesSum":0,"loyaltyLevels":{"0":{"minLevel":1,"minSalesSum":0,"minStanding":0},"1":{"minLevel":20,"minSalesSum":750000,"minStanding":0.15},"2":{"minLevel":30,"minSalesSum":1600000,"minStanding":0.3},"3":{"minLevel":40,"minSalesSum":2500000,"minStanding":0.6}}},"sell_category":["5b5f78dc86f77409407a7f8e","5b5f71b386f774093f2ecf11","5b5f71c186f77409407a7ec0","5b5f71de86f774093f2ecf13","5b5f724186f77447ed5636ad","5b5f736886f774094242f193","5b5f73ec86f774093e6cb4fd","5b5f74cc86f77447ec5d770a","5b5f750686f774093e6cb503","5b5f751486f77447ec5d770c","5b5f752e86f774093e6cb505","5b5f754a86f774094242f19b","5b5f755f86f77447ec5d770e","5b5f757486f774093e6cb507","5b5f75b986f77447ec5d7710","5b5f75c686f774094242f19f","5b5f75e486f77447ec5d7712","5b5f760586f774093e6cb509","5b5f761f86f774094242f1a1","5b5f764186f77447ec5d7714","5b47574386f77428ca22b33e","5b47574386f77428ca22b341","5b47574386f77428ca22b345","5b47574386f77428ca22b2ef","5b47574386f77428ca22b343"]}