{"_id":"5935c25fb3acc3127c3d8cd9","working":true,"customization_seller":false,"name":"Тадеуш","surname":"Peacekeeper","nickname":"Миротворец","location":"Предпортовая","avatar":"/files/trader/avatar/5935c25fb3acc3127c3d8cd9.jpg","balance_rub":0,"balance_dol":700000,"balance_eur":0,"display":true,"discount":43,"discount_end":0,"buyer_up":false,"currency":"USD","supply_next_time":1576762388,"repair":{"availability":false,"quality":"2","excluded_id_list":[],"excluded_category":[],"price_rate":0},"insurance":{"availability":false,"min_payment":1000,"min_return_hour":10,"max_return_hour":20,"max_storage_time":24,"excluded_category":[]},"gridHeight":160,"loyalty":{"currentLevel":1,"currentStanding":0,"currentSalesSum":0,"loyaltyLevels":{"0":{"minLevel":1,"minSalesSum":0,"minStanding":0},"1":{"minLevel":10,"minSalesSum":11000,"minStanding":0},"2":{"minLevel":18,"minSalesSum":25000,"minStanding":0.3},"3":{"minLevel":29,"minSalesSum":32000,"minStanding":0.6}}},"sell_category":["5b47574386f77428ca22b33f","5b5f78dc86f77409407a7f8e","5b5f71b386f774093f2ecf11","5b5f71c186f77409407a7ec0","5b5f71de86f774093f2ecf13","5b5f724186f77447ed5636ad","5b5f736886f774094242f193","5b5f73ec86f774093e6cb4fd","5b5f74cc86f77447ec5d770a","5b5f750686f774093e6cb503","5b5f751486f77447ec5d770c","5b5f752e86f774093e6cb505","5b5f754a86f774094242f19b","5b5f755f86f77447ec5d770e","5b5f757486f774093e6cb507","5b5f75b986f77447ec5d7710","5b5f75c686f774094242f19f","5b5f75e486f77447ec5d7712","5b5f760586f774093e6cb509","5b5f761f86f774094242f1a1","5b5f764186f77447ec5d7714","5b47574386f77428ca22b346","5b47574386f77428ca22b340","5b47574386f77428ca22b344"]}