{
  "HexGridArmor": [
    [
      {
        "count": 5,
        "_tpl": "5ab8f20c86f7745cdb629fb2"
      },
      {
        "count": 5,
        "_tpl": "59e7708286f7742cbd762753"
      },
      {
        "count": 5,
        "_tpl": "5aa2b923e5b5b000137b7589"
      }
    ]
  ],
  "RysTFaceShield": [
    [
      {
        "count": 4,
        "_tpl": "57347c5b245977448d35f6e1"
      },
      {
        "count": 1,
        "_tpl": "5e2af4d286f7746d4159f07a"
      }
    ]
  ],
  "RysTHelmet": [
    [
      {
        "count": 5,
        "_tpl": "5e2af4d286f7746d4159f07a"
      },
      {
        "count": 6,
        "_tpl": "59e366c186f7741778269d85"
      },
      {
        "count": 1,
        "_tpl": "5e2af41e86f774755a234b67"
      }
    ]
  ],
  "5d34df2788a4504526796cfb": [
    [
      {
        "count": 119521,
        "_tpl": "5449016a4bdc2d6f028b456f"
      }
    ]
  ],
  "5d34df2788a4504526796d02": [
    [
      {
        "count": 4,
        "_tpl": "59e3639286f7741777737013"
      }
    ]
  ],
  "5d34df2788a4504526796d3d": [
    [
      {
        "count": 1,
        "_tpl": "5780cf7f2459777de4559322"
      },
      {
        "count": 1,
        "_tpl": "5a0dc95c86f77452440fc675"
      },
      {
        "count": 7,
        "_tpl": "5c12688486f77426843c7d32"
      }
    ]
  ],
  "5e0ac74b9d594972a112a89a": [
    [
      {
        "count": 39513,
        "_tpl": "5449016a4bdc2d6f028b456f"
      }
    ]
  ],
  "5e3c0b7e7dfe975b6f2b0730": [
    [
      {
        "count": 7,
        "level": 10,
        "side": "Any",
        "_tpl": "59f32c3b86f77472a31742f0"
      }
    ]
  ],
  "5ece83c001e14e770d5828ec": [
    [
      {
        "count": 4,
        "_tpl": "5b3b713c5acfc4330140bd8d"
      },
      {
        "count": 8,
        "_tpl": "573474f924597738002c6174"
      }
    ]
  ],
  "5ece83c001e14e770d5828ee": [
    [
      {
        "count": 15743.7,
        "_tpl": "5449016a4bdc2d6f028b456f"
      }
    ]
  ],
  "5ece83c101e14e770d5828f2": [
    [
      {
        "count": 32112.15,
        "_tpl": "5449016a4bdc2d6f028b456f"
      }
    ]
  ],
  "5ece83c101e14e770d5828f4": [
    [
      {
        "count": 3371.55,
        "_tpl": "5449016a4bdc2d6f028b456f"
      }
    ]
  ],
  "5ece83c101e14e770d5828f6": [
    [
      {
        "count": 18218.55,
        "_tpl": "5449016a4bdc2d6f028b456f"
      }
    ]
  ],
  "5ece83c101e14e770d5828f8": [
    [
      {
        "count": 4,
        "_tpl": "59e3647686f774176a362507"
      },
      {
        "count": 2,
        "_tpl": "59e3658a86f7741776641ac4"
      }
    ]
  ],
  "5ece83c101e14e770d5828fa": [
    [
      {
        "count": 1724.1,
        "_tpl": "5449016a4bdc2d6f028b456f"
      }
    ]
  ],
  "5ece83c101e14e770d5828fc": [
    [
      {
        "count": 25,
        "level": 30,
        "side": "Bear",
        "_tpl": "59f32bb586f774757e1e8442"
      }
    ]
  ],
  "5ece83c101e14e770d5828fe": [
    [
      {
        "count": 560.7,
        "_tpl": "5449016a4bdc2d6f028b456f"
      }
    ]
  ],
  "5ece83c101e14e770d582900": [
    [
      {
        "count": 2892.75,
        "_tpl": "5449016a4bdc2d6f028b456f"
      }
    ]
  ],
  "5ece83c101e14e770d582902": [
    [
      {
        "count": 3,
        "_tpl": "5aa7e373e5b5b000137b76f0"
      }
    ]
  ],
  "5ece83c101e14e770d582904": [
    [
      {
        "count": 4242,
        "_tpl": "5449016a4bdc2d6f028b456f"
      }
    ]
  ],
  "5ece83c101e14e770d582906": [
    [
      {
        "count": 4,
        "_tpl": "59e366c186f7741778269d85"
      }
    ]
  ],
  "5ece83c101e14e770d582908": [
    [
      {
        "count": 52218.81,
        "_tpl": "5449016a4bdc2d6f028b456f"
      }
    ]
  ],
  "5ece83c101e14e770d58290a": [
    [
      {
        "count": 4,
        "_tpl": "545cdb794bdc2d3a198b456a"
      }
    ]
  ],
  "5ece83c101e14e770d58290c": [
    [
      {
        "count": 4,
        "_tpl": "5aa2b923e5b5b000137b7589"
      },
      {
        "count": 3,
        "_tpl": "5ac4c50d5acfc40019262e87"
      }
    ]
  ],
  "5ece83c101e14e770d58290e": [
    [
      {
        "count": 2,
        "_tpl": "590de7e986f7741b096e5f32"
      },
      {
        "count": 3,
        "_tpl": "590de71386f774347051a052"
      }
    ]
  ],
  "5ece83c101e14e770d582910": [
    [
      {
        "count": 2278.5,
        "_tpl": "5449016a4bdc2d6f028b456f"
      }
    ]
  ],
  "5ece83c101e14e770d582912": [
    [
      {
        "count": 35352.45,
        "_tpl": "5449016a4bdc2d6f028b456f"
      }
    ]
  ],
  "5ece83c101e14e770d582914": [
    [
      {
        "count": 7173.71,
        "_tpl": "5449016a4bdc2d6f028b456f"
      }
    ]
  ],
  "5ece83c101e14e770d582916": [
    [
      {
        "count": 5,
        "_tpl": "5d1b31ce86f7742523398394"
      },
      {
        "count": 5,
        "_tpl": "590c2c9c86f774245b1f03f2"
      },
      {
        "count": 4,
        "_tpl": "590c2b4386f77425357b6123"
      }
    ]
  ],
  "5ece83c101e14e770d582918": [
    [
      {
        "count": 4,
        "_tpl": "5b432c305acfc40019478128"
      },
      {
        "count": 6,
        "_tpl": "5b4326435acfc433000ed01d"
      }
    ]
  ],
  "5ece83c101e14e770d58291a": [
    [
      {
        "count": 5,
        "_tpl": "5d40412b86f7743cb332ac3a"
      },
      {
        "count": 3,
        "_tpl": "5d4041f086f7743cac3f22a7"
      }
    ]
  ],
  "5ece83c101e14e770d58291c": [
    [
      {
        "count": 4,
        "_tpl": "590a3cd386f77436f20848cb"
      }
    ]
  ],
  "5ece83c101e14e770d58291e": [
    [
      {
        "count": 48414.45,
        "_tpl": "5449016a4bdc2d6f028b456f"
      }
    ]
  ],
  "5ece83c101e14e770d582920": [
    [
      {
        "count": 2094.75,
        "_tpl": "5449016a4bdc2d6f028b456f"
      }
    ]
  ],
  "5ece83c101e14e770d582922": [
    [
      {
        "count": 1935.15,
        "_tpl": "5449016a4bdc2d6f028b456f"
      }
    ]
  ],
  "5ece83c101e14e770d582924": [
    [
      {
        "count": 1,
        "_tpl": "5af0484c86f7740f02001f7f"
      },
      {
        "count": 1,
        "_tpl": "57514643245977207f2c2d09"
      },
      {
        "count": 1,
        "_tpl": "575146b724597720a27126d5"
      }
    ]
  ],
  "5ece83c101e14e770d582926": [
    [
      {
        "count": 601.65,
        "_tpl": "5449016a4bdc2d6f028b456f"
      }
    ]
  ],
  "5ece83c101e14e770d582928": [
    [
      {
        "count": 95760,
        "_tpl": "5449016a4bdc2d6f028b456f"
      }
    ]
  ],
  "5ece83c101e14e770d58292a": [
    [
      {
        "count": 1918.35,
        "_tpl": "5449016a4bdc2d6f028b456f"
      }
    ]
  ],
  "5ece83c101e14e770d58292c": [
    [
      {
        "count": 1,
        "_tpl": "57505f6224597709a92585a9"
      }
    ]
  ],
  "5ece83c101e14e770d58292e": [
    [
      {
        "count": 3,
        "_tpl": "5751435d24597720a27126d1"
      }
    ]
  ],
  "5ece83c101e14e770d582930": [
    [
      {
        "count": 2,
        "_tpl": "577e1c9d2459773cd707c525"
      }
    ]
  ],
  "5ece83c101e14e770d582932": [
    [
      {
        "count": 49020.3,
        "_tpl": "5449016a4bdc2d6f028b456f"
      }
    ]
  ],
  "5ece83c101e14e770d582934": [
    [
      {
        "count": 1,
        "_tpl": "59e3577886f774176a362503"
      },
      {
        "count": 3,
        "_tpl": "5673de654bdc2d180f8b456d"
      },
      {
        "count": 3,
        "_tpl": "544fb6cc4bdc2d34748b456e"
      }
    ]
  ],
  "5ece83c101e14e770d582936": [
    [
      {
        "count": 26742.87,
        "_tpl": "5449016a4bdc2d6f028b456f"
      }
    ]
  ],
  "5ece83c101e14e770d582938": [
    [
      {
        "count": 2,
        "_tpl": "59e3556c86f7741776641ac2"
      }
    ]
  ],
  "5ece83c101e14e770d58293a": [
    [
      {
        "count": 55205.85,
        "_tpl": "5449016a4bdc2d6f028b456f"
      }
    ]
  ],
  "5ece83c101e14e770d58293c": [
    [
      {
        "count": 42315,
        "_tpl": "5449016a4bdc2d6f028b456f"
      }
    ]
  ],
  "5ece83c101e14e770d58293e": [
    [
      {
        "count": 32680.2,
        "_tpl": "5449016a4bdc2d6f028b456f"
      }
    ]
  ],
  "5ece83c101e14e770d582940": [
    [
      {
        "count": 45654,
        "_tpl": "5449016a4bdc2d6f028b456f"
      }
    ]
  ],
  "5ece83c101e14e770d582942": [
    [
      {
        "count": 4735.5,
        "_tpl": "5449016a4bdc2d6f028b456f"
      }
    ]
  ],
  "5ece83c101e14e770d582946": [
    [
      {
        "count": 61063.38,
        "_tpl": "5449016a4bdc2d6f028b456f"
      }
    ]
  ],
  "5ece83c101e14e770d582948": [
    [
      {
        "count": 938.7,
        "_tpl": "5449016a4bdc2d6f028b456f"
      }
    ]
  ],
  "5ece83c101e14e770d58294a": [
    [
      {
        "count": 38535,
        "_tpl": "5449016a4bdc2d6f028b456f"
      }
    ]
  ],
  "5ece83c101e14e770d58294c": [
    [
      {
        "count": 24833.34,
        "_tpl": "5449016a4bdc2d6f028b456f"
      }
    ]
  ],
  "5ece83c101e14e770d58294e": [
    [
      {
        "count": 4470.9,
        "_tpl": "5449016a4bdc2d6f028b456f"
      }
    ]
  ],
  "5ece83c101e14e770d582950": [
    [
      {
        "count": 6,
        "level": 20,
        "side": "Any",
        "_tpl": "59f32c3b86f77472a31742f0"
      }
    ]
  ],
  "5ece83c101e14e770d582952": [
    [
      {
        "count": 1818.6,
        "_tpl": "5449016a4bdc2d6f028b456f"
      }
    ]
  ],
  "5ece83c101e14e770d582956": [
    [
      {
        "count": 3,
        "_tpl": "572b7fa524597762b747ce82"
      }
    ]
  ],
  "5ece83c101e14e770d582958": [
    [
      {
        "count": 2,
        "_tpl": "5d235b4d86f7742e017bc88a"
      }
    ]
  ],
  "5ece83c101e14e770d58295a": [
    [
      {
        "count": 1,
        "_tpl": "5d1b376e86f774252519444e"
      },
      {
        "count": 5,
        "_tpl": "5d40407c86f774318526545a"
      }
    ]
  ],
  "5ece83c101e14e770d58295c": [
    [
      {
        "count": 7,
        "_tpl": "59e3556c86f7741776641ac2"
      }
    ]
  ],
  "5ece83c101e14e770d58295e": [
    [
      {
        "count": 4935,
        "_tpl": "5449016a4bdc2d6f028b456f"
      }
    ]
  ],
  "5ece83c101e14e770d582960": [
    [
      {
        "count": 1752.45,
        "_tpl": "5449016a4bdc2d6f028b456f"
      }
    ]
  ],
  "5ece83c101e14e770d582962": [
    [
      {
        "count": 71925,
        "_tpl": "5449016a4bdc2d6f028b456f"
      }
    ]
  ],
  "5ece83c101e14e770d582964": [
    [
      {
        "count": 21058.8,
        "_tpl": "5449016a4bdc2d6f028b456f"
      }
    ]
  ],
  "5ece83c101e14e770d582966": [
    [
      {
        "count": 3,
        "_tpl": "5d235a5986f77443f6329bc6"
      },
      {
        "count": 6,
        "_tpl": "5734758f24597738025ee253"
      }
    ]
  ],
  "5ece83c101e14e770d582968": [
    [
      {
        "count": 3360,
        "_tpl": "5449016a4bdc2d6f028b456f"
      }
    ]
  ],
  "5ece83c101e14e770d58296a": [
    [
      {
        "count": 1,
        "_tpl": "590de71386f774347051a052"
      }
    ]
  ],
  "5ece83c101e14e770d58296c": [
    [
      {
        "count": 39076.8,
        "_tpl": "5449016a4bdc2d6f028b456f"
      }
    ]
  ],
  "5ece83c101e14e770d58296e": [
    [
      {
        "count": 1,
        "_tpl": "573474f924597738002c6174"
      }
    ]
  ],
  "5ece83c101e14e770d582970": [
    [
      {
        "count": 25138.05,
        "_tpl": "5449016a4bdc2d6f028b456f"
      }
    ]
  ],
  "5ece83c101e14e770d582972": [
    [
      {
        "count": 81883.2,
        "_tpl": "5449016a4bdc2d6f028b456f"
      }
    ]
  ],
  "5ece83c101e14e770d582974": [
    [
      {
        "count": 138526.08,
        "_tpl": "5449016a4bdc2d6f028b456f"
      }
    ]
  ],
  "5ece83c101e14e770d582976": [
    [
      {
        "count": 64155,
        "_tpl": "5449016a4bdc2d6f028b456f"
      }
    ]
  ],
  "5ece83c101e14e770d582978": [
    [
      {
        "count": 2,
        "_tpl": "59e770b986f7742cbd762754"
      }
    ]
  ],
  "5ece83c101e14e770d58297a": [
    [
      {
        "count": 3,
        "_tpl": "5d235b4d86f7742e017bc88a"
      }
    ]
  ],
  "5ece83c101e14e770d58297c": [
    [
      {
        "count": 36225,
        "_tpl": "5449016a4bdc2d6f028b456f"
      }
    ]
  ],
  "5ece83c101e14e770d58297e": [
    [
      {
        "count": 61110,
        "_tpl": "5449016a4bdc2d6f028b456f"
      }
    ]
  ],
  "5ece83c101e14e770d582982": [
    [
      {
        "count": 10,
        "level": 20,
        "side": "Any",
        "_tpl": "59f32c3b86f77472a31742f0"
      }
    ]
  ],
  "5ece83c101e14e770d582984": [
    [
      {
        "count": 12560.1,
        "_tpl": "5449016a4bdc2d6f028b456f"
      }
    ]
  ],
  "5ece83c101e14e770d582986": [
    [
      {
        "count": 64747.31,
        "_tpl": "5449016a4bdc2d6f028b456f"
      }
    ]
  ],
  "5ece83c101e14e770d582988": [
    [
      {
        "count": 3,
        "_tpl": "5c13cd2486f774072c757944"
      },
      {
        "count": 4,
        "_tpl": "5c13cef886f774072e618e82"
      }
    ]
  ],
  "5ece83c101e14e770d58298a": [
    [
      {
        "count": 2,
        "_tpl": "5734758f24597738025ee253"
      },
      {
        "count": 3,
        "_tpl": "5af0484c86f7740f02001f7f"
      }
    ]
  ],
  "5ece83c101e14e770d58298c": [
    [
      {
        "count": 4,
        "_tpl": "5c0fa877d174af02a012e1cf"
      }
    ]
  ],
  "5ece83c101e14e770d58298e": [
    [
      {
        "count": 64155,
        "_tpl": "5449016a4bdc2d6f028b456f"
      }
    ]
  ],
  "5ece83c101e14e770d582990": [
    [
      {
        "count": 17760.75,
        "_tpl": "5449016a4bdc2d6f028b456f"
      }
    ]
  ],
  "5ece83c101e14e770d582992": [
    [
      {
        "count": 60993.45,
        "_tpl": "5449016a4bdc2d6f028b456f"
      }
    ]
  ],
  "5ece83c101e14e770d582994": [
    [
      {
        "count": 7127.4,
        "_tpl": "5449016a4bdc2d6f028b456f"
      }
    ]
  ],
  "5ece83c101e14e770d582996": [
    [
      {
        "count": 553.35,
        "_tpl": "5449016a4bdc2d6f028b456f"
      }
    ]
  ],
  "5ece83c101e14e770d582998": [
    [
      {
        "count": 1,
        "_tpl": "590de7e986f7741b096e5f32"
      },
      {
        "count": 6,
        "_tpl": "573474f924597738002c6174"
      }
    ]
  ],
  "5ece83c101e14e770d58299a": [
    [
      {
        "count": 765.45,
        "_tpl": "5449016a4bdc2d6f028b456f"
      }
    ]
  ],
  "5ece83c101e14e770d58299c": [
    [
      {
        "count": 5,
        "_tpl": "57347c1124597737fb1379e3"
      },
      {
        "count": 1,
        "_tpl": "59faf98186f774067b6be103"
      }
    ]
  ],
  "5ece83c201e14e770d58299e": [
    [
      {
        "count": 22494.15,
        "_tpl": "5449016a4bdc2d6f028b456f"
      }
    ]
  ],
  "5ece83c201e14e770d5829a0": [
    [
      {
        "count": 12282.9,
        "_tpl": "5449016a4bdc2d6f028b456f"
      }
    ]
  ],
  "5ece83c201e14e770d5829a2": [
    [
      {
        "count": 2718.45,
        "_tpl": "5449016a4bdc2d6f028b456f"
      }
    ]
  ],
  "5ece83c201e14e770d5829a4": [
    [
      {
        "count": 115723.97,
        "_tpl": "5449016a4bdc2d6f028b456f"
      }
    ]
  ],
  "5ece83c201e14e770d5829a6": [
    [
      {
        "count": 20383.81,
        "_tpl": "5449016a4bdc2d6f028b456f"
      }
    ]
  ],
  "5ece83c201e14e770d5829a8": [
    [
      {
        "count": 2,
        "level": 1,
        "side": "Any",
        "_tpl": "59f32c3b86f77472a31742f0"
      }
    ]
  ],
  "5ece83c201e14e770d5829ac": [
    [
      {
        "count": 2129.4,
        "_tpl": "5449016a4bdc2d6f028b456f"
      }
    ]
  ],
  "5ece83c201e14e770d5829ae": [
    [
      {
        "count": 3626.7,
        "_tpl": "5449016a4bdc2d6f028b456f"
      }
    ]
  ],
  "5ece83c201e14e770d5829b0": [
    [
      {
        "count": 1812.3,
        "_tpl": "5449016a4bdc2d6f028b456f"
      }
    ]
  ],
  "5ece83c201e14e770d5829b2": [
    [
      {
        "count": 1,
        "level": 10,
        "side": "Any",
        "_tpl": "59f32c3b86f77472a31742f0"
      }
    ]
  ],
  "5ece83c201e14e770d5829b4": [
    [
      {
        "count": 2,
        "_tpl": "59e366c186f7741778269d85"
      }
    ]
  ],
  "5ece83c201e14e770d5829b6": [
    [
      {
        "count": 57928.5,
        "_tpl": "5449016a4bdc2d6f028b456f"
      }
    ]
  ],
  "5ece83c201e14e770d5829b8": [
    [
      {
        "count": 2145.15,
        "_tpl": "5449016a4bdc2d6f028b456f"
      }
    ]
  ],
  "5ece83c201e14e770d5829ba": [
    [
      {
        "count": 43575,
        "_tpl": "5449016a4bdc2d6f028b456f"
      }
    ]
  ],
  "5ece83c201e14e770d5829bc": [
    [
      {
        "count": 6,
        "_tpl": "57347b8b24597737dd42e192"
      }
    ]
  ],
  "5ece83c201e14e770d5829be": [
    [
      {
        "count": 67385.54,
        "_tpl": "5449016a4bdc2d6f028b456f"
      }
    ]
  ],
  "5ece83c201e14e770d5829c0": [
    [
      {
        "count": 55722.45,
        "_tpl": "5449016a4bdc2d6f028b456f"
      }
    ]
  ],
  "5ece83c201e14e770d5829c2": [
    [
      {
        "count": 10,
        "_tpl": "5d235b4d86f7742e017bc88a"
      }
    ]
  ],
  "5ece83c201e14e770d5829c4": [
    [
      {
        "count": 7696.5,
        "_tpl": "5449016a4bdc2d6f028b456f"
      }
    ]
  ],
  "5ece83c201e14e770d5829c6": [
    [
      {
        "count": 17850,
        "_tpl": "5449016a4bdc2d6f028b456f"
      }
    ]
  ],
  "5ece83c201e14e770d5829c8": [
    [
      {
        "count": 347585.44,
        "_tpl": "5449016a4bdc2d6f028b456f"
      }
    ]
  ],
  "5ece83c201e14e770d5829ca": [
    [
      {
        "count": 226837.17,
        "_tpl": "5449016a4bdc2d6f028b456f"
      }
    ]
  ],
  "5ece83c201e14e770d5829cc": [
    [
      {
        "count": 4,
        "_tpl": "590c595c86f7747884343ad7"
      },
      {
        "count": 2,
        "_tpl": "5c12688486f77426843c7d32"
      }
    ]
  ],
  "5ece83c201e14e770d5829ce": [
    [
      {
        "count": 1,
        "_tpl": "573474f924597738002c6174"
      }
    ]
  ],
  "5ece83c201e14e770d5829d0": [
    [
      {
        "count": 7,
        "_tpl": "59e366c186f7741778269d85"
      }
    ]
  ],
  "5ece83c201e14e770d5829d2": [
    [
      {
        "count": 29892.45,
        "_tpl": "5449016a4bdc2d6f028b456f"
      }
    ]
  ],
  "5ece83c201e14e770d5829d4": [
    [
      {
        "count": 20160,
        "_tpl": "5449016a4bdc2d6f028b456f"
      }
    ]
  ],
  "5ece83c201e14e770d5829d6": [
    [
      {
        "count": 10080,
        "_tpl": "5449016a4bdc2d6f028b456f"
      }
    ]
  ],
  "5ece83c201e14e770d5829d8": [
    [
      {
        "count": 47565,
        "_tpl": "5449016a4bdc2d6f028b456f"
      }
    ]
  ],
  "5ece83c201e14e770d5829da": [
    [
      {
        "count": 27373.5,
        "_tpl": "5449016a4bdc2d6f028b456f"
      }
    ]
  ],
  "5ece83c201e14e770d5829dc": [
    [
      {
        "count": 1,
        "_tpl": "5d235a5986f77443f6329bc6"
      },
      {
        "count": 2,
        "_tpl": "5734758f24597738025ee253"
      }
    ]
  ],
  "5ece83c201e14e770d5829de": [
    [
      {
        "count": 3675,
        "_tpl": "5449016a4bdc2d6f028b456f"
      }
    ]
  ],
  "5ece83c201e14e770d5829e0": [
    [
      {
        "count": 1575,
        "_tpl": "5449016a4bdc2d6f028b456f"
      }
    ]
  ],
  "5ece83c201e14e770d5829e2": [
    [
      {
        "count": 40698,
        "_tpl": "5449016a4bdc2d6f028b456f"
      }
    ]
  ],
  "5ece83c201e14e770d5829e4": [
    [
      {
        "count": 3,
        "_tpl": "59e366c186f7741778269d85"
      }
    ]
  ],
  "5ece83c201e14e770d5829e6": [
    [
      {
        "count": 7035,
        "_tpl": "5449016a4bdc2d6f028b456f"
      }
    ]
  ],
  "5ece83c201e14e770d5829e8": [
    [
      {
        "count": 5880,
        "_tpl": "5449016a4bdc2d6f028b456f"
      }
    ]
  ],
  "5ece83c201e14e770d5829ea": [
    [
      {
        "count": 3,
        "_tpl": "5d403f9186f7743cac3f229b"
      }
    ]
  ],
  "5ece83c201e14e770d5829ec": [
    [
      {
        "count": 34860,
        "_tpl": "5449016a4bdc2d6f028b456f"
      }
    ]
  ],
  "5ece83c201e14e770d5829ee": [
    [
      {
        "count": 121130.1,
        "_tpl": "5449016a4bdc2d6f028b456f"
      }
    ]
  ],
  "5ece83c201e14e770d5829f0": [
    [
      {
        "count": 5,
        "_tpl": "590c2d8786f774245b1f03f3"
      },
      {
        "count": 5,
        "_tpl": "590c311186f77424d1667482"
      },
      {
        "count": 1,
        "_tpl": "5d40419286f774318526545f"
      }
    ]
  ],
  "5ece83c201e14e770d5829f2": [
    [
      {
        "count": 4,
        "_tpl": "59e3556c86f7741776641ac2"
      },
      {
        "count": 2,
        "_tpl": "5d40412b86f7743cb332ac3a"
      }
    ]
  ],
  "5ece83c201e14e770d5829f4": [
    [
      {
        "count": 35017.5,
        "_tpl": "5449016a4bdc2d6f028b456f"
      }
    ]
  ],
  "5ece83c201e14e770d5829f6": [
    [
      {
        "count": 15946.85,
        "_tpl": "5449016a4bdc2d6f028b456f"
      }
    ]
  ],
  "5ece83c201e14e770d5829f8": [
    [
      {
        "count": 4,
        "_tpl": "5e2af47786f7746d404f3aaa"
      },
      {
        "count": 3,
        "_tpl": "5e2af4d286f7746d4159f07a"
      },
      {
        "count": 1,
        "_tpl": "5c12688486f77426843c7d32"
      },
      {
        "count": 5,
        "_tpl": "56e33634d2720bd8058b456b"
      }
    ]
  ],
  "5ece83c201e14e770d5829fa": [
    [
      {
        "count": 1,
        "_tpl": "5e2af4d286f7746d4159f07a"
      },
      {
        "count": 1,
        "_tpl": "5e2af4a786f7746d3f3c3400"
      }
    ]
  ],
  "5ece83c201e14e770d5829fc": [
    [
      {
        "count": 51660,
        "_tpl": "5449016a4bdc2d6f028b456f"
      }
    ]
  ],
  "5ece83c201e14e770d5829fe": [
    [
      {
        "count": 3,
        "_tpl": "5e2af41e86f774755a234b67"
      },
      {
        "count": 3,
        "_tpl": "5e2af4d286f7746d4159f07a"
      },
      {
        "count": 2,
        "_tpl": "5e2af4a786f7746d3f3c3400"
      }
    ]
  ],
  "5ece83c201e14e770d582a00": [
    [
      {
        "count": 27121.5,
        "_tpl": "5449016a4bdc2d6f028b456f"
      }
    ]
  ],
  "5ece83c201e14e770d582a02": [
    [
      {
        "count": 8610,
        "_tpl": "5449016a4bdc2d6f028b456f"
      }
    ]
  ],
  "5ece83c201e14e770d582a04": [
    [
      {
        "count": 1,
        "_tpl": "5c0e655586f774045612eeb2"
      },
      {
        "count": 6,
        "_tpl": "5e2af41e86f774755a234b67"
      }
    ]
  ],
  "5ece83c201e14e770d582a06": [
    [
      {
        "count": 12,
        "level": 30,
        "side": "Usec",
        "_tpl": "59f32c3b86f77472a31742f0"
      }
    ]
  ]
}