[
  {
    "_id": "HexGridArmor",
    "_tpl": "5fd4c474dd870108a754b241",
    "parentId": "hideout",
    "slotId": "hideout",
    "upd": {
      "UnlimitedCount": false,
      "StackObjectsCount": 2000
    }
  },
  {
    "_id": "RysTFaceShield",
    "_tpl": "5f60c85b58eff926626a60f7",
    "parentId": "hideout",
    "slotId": "hideout",
    "upd": {
      "UnlimitedCount": true,
      "StackObjectsCount": 999999999
    }
  },
  {
    "_id": "RysTHelmet",
    "_tpl": "5f60c74e3b85f6263c145586",
    "parentId": "hideout",
    "slotId": "hideout",
    "upd": {
      "UnlimitedCount": true,
      "StackObjectsCount": 999999999
    }
  },
  {
    "_id": "5d34df2788a4504526796cfb",
    "_tpl": "5ab8e79e86f7742d8b372e78",
    "parentId": "hideout",
    "slotId": "hideout",
    "upd": {
      "UnlimitedCount": true,
      "StackObjectsCount": 999999999
    }
  },
  {
    "_id": "5d34df2788a4504526796d02",
    "_tpl": "5b44cd8b86f774503d30cba2",
    "parentId": "hideout",
    "slotId": "hideout",
    "upd": {
      "UnlimitedCount": true,
      "StackObjectsCount": 999999999
    }
  },
  {
    "_id": "5d34df2788a4504526796d3d",
    "_tpl": "5bffe7930db834001b734a39",
    "parentId": "hideout",
    "slotId": "hideout",
    "upd": {
      "UnlimitedCount": true,
      "StackObjectsCount": 999999999
    }
  },
  {
    "_id": "5e0ac74b9d594972a112a89a",
    "_tpl": "5aa7e4a4e5b5b000137b76f2",
    "parentId": "hideout",
    "slotId": "hideout",
    "upd": {
      "UnlimitedCount": true,
      "StackObjectsCount": 999999999
    }
  },
  {
    "_id": "5e3c0b7e7dfe975b6f2b0730",
    "_tpl": "5aa7cfc0e5b5b00015693143",
    "parentId": "hideout",
    "slotId": "hideout",
    "upd": {
      "UnlimitedCount": true,
      "StackObjectsCount": 999999999
    }
  },
  {
    "_id": "5ece83c001e14e770d5828ec",
    "_tpl": "5b44cad286f77402a54ae7e5",
    "parentId": "hideout",
    "slotId": "hideout",
    "upd": {
      "UnlimitedCount": true,
      "StackObjectsCount": 999999999
    }
  },
  {
    "_id": "5ece83c001e14e770d5828ee",
    "_tpl": "56e335e4d2720b6c058b456d",
    "parentId": "hideout",
    "slotId": "hideout",
    "upd": {
      "UnlimitedCount": true,
      "StackObjectsCount": 999999999
    }
  },
  {
    "_id": "5ece83c101e14e770d5828f2",
    "_tpl": "5a7c4850e899ef00150be885",
    "parentId": "hideout",
    "slotId": "hideout",
    "upd": {
      "UnlimitedCount": true,
      "StackObjectsCount": 999999999
    }
  },
  {
    "_id": "5ece83c101e14e770d5828f4",
    "_tpl": "5b432f3d5acfc4704b4a1dfb",
    "parentId": "hideout",
    "slotId": "hideout",
    "upd": {
      "UnlimitedCount": true,
      "StackObjectsCount": 999999999
    }
  },
  {
    "_id": "5ece83c101e14e770d5828f6",
    "_tpl": "5aa7e3abe5b5b000171d064d",
    "parentId": "hideout",
    "slotId": "hideout",
    "upd": {
      "UnlimitedCount": true,
      "StackObjectsCount": 999999999
    }
  },
  {
    "_id": "5ece83c101e14e770d5828f8",
    "_tpl": "5b44cd8b86f774503d30cba2",
    "parentId": "hideout",
    "slotId": "hideout",
    "upd": {
      "UnlimitedCount": true,
      "StackObjectsCount": 999999999
    }
  },
  {
    "_id": "5ece83c101e14e770d5828fa",
    "_tpl": "5aa2a7e8e5b5b00016327c16",
    "parentId": "hideout",
    "slotId": "hideout",
    "upd": {
      "UnlimitedCount": true,
      "StackObjectsCount": 999999999
    }
  },
  {
    "_id": "5ece83c101e14e770d5828fc",
    "_tpl": "545cdb794bdc2d3a198b456a",
    "parentId": "hideout",
    "slotId": "hideout",
    "upd": {
      "UnlimitedCount": true,
      "StackObjectsCount": 999999999
    }
  },
  {
    "_id": "5ece83c101e14e770d5828fe",
    "_tpl": "5b3f3b0e86f7746752107cda",
    "parentId": "hideout",
    "slotId": "hideout",
    "upd": {
      "UnlimitedCount": true,
      "StackObjectsCount": 999999999
    }
  },
  {
    "_id": "5ece83c101e14e770d582900",
    "_tpl": "5b432be65acfc433000ed01f",
    "parentId": "hideout",
    "slotId": "hideout",
    "upd": {
      "UnlimitedCount": true,
      "StackObjectsCount": 999999999
    }
  },
  {
    "_id": "5ece83c101e14e770d582902",
    "_tpl": "5aa7e373e5b5b000137b76f0",
    "parentId": "hideout",
    "slotId": "hideout",
    "upd": {
      "UnlimitedCount": true,
      "StackObjectsCount": 999999999
    }
  },
  {
    "_id": "5ece83c101e14e770d582904",
    "_tpl": "5b4325355acfc40019478126",
    "parentId": "hideout",
    "slotId": "hideout",
    "upd": {
      "UnlimitedCount": true,
      "StackObjectsCount": 999999999
    }
  },
  {
    "_id": "5ece83c101e14e770d582906",
    "_tpl": "5aa7e373e5b5b000137b76f0",
    "parentId": "hideout",
    "slotId": "hideout",
    "upd": {
      "UnlimitedCount": true,
      "StackObjectsCount": 999999999
    }
  },
  {
    "_id": "5ece83c101e14e770d582908",
    "_tpl": "5b432d215acfc4771e1c6624",
    "parentId": "hideout",
    "slotId": "hideout",
    "upd": {
      "UnlimitedCount": true,
      "StackObjectsCount": 999999999
    }
  },
  {
    "_id": "5ece83c101e14e770d58290a",
    "_tpl": "545cdb794bdc2d3a198b456a",
    "parentId": "hideout",
    "slotId": "hideout",
    "upd": {
      "UnlimitedCount": true,
      "StackObjectsCount": 999999999
    }
  },
  {
    "_id": "5ece83c101e14e770d58290c",
    "_tpl": "5ab8dced86f774646209ec87",
    "parentId": "hideout",
    "slotId": "hideout",
    "upd": {
      "UnlimitedCount": true,
      "StackObjectsCount": 999999999
    }
  },
  {
    "_id": "5ece83c101e14e770d58290e",
    "_tpl": "5c0e625a86f7742d77340f62",
    "parentId": "hideout",
    "slotId": "hideout",
    "upd": {
      "UnlimitedCount": true,
      "StackObjectsCount": 999999999
    }
  },
  {
    "_id": "5ece83c101e14e770d582910",
    "_tpl": "5b4327aa5acfc400175496e0",
    "parentId": "hideout",
    "slotId": "hideout",
    "upd": {
      "UnlimitedCount": true,
      "StackObjectsCount": 999999999
    }
  },
  {
    "_id": "5ece83c101e14e770d582912",
    "_tpl": "5b44c8ea86f7742d1627baf1",
    "parentId": "hideout",
    "slotId": "hideout",
    "upd": {
      "UnlimitedCount": true,
      "StackObjectsCount": 999999999
    }
  },
  {
    "_id": "5ece83c101e14e770d582914",
    "_tpl": "5b432b6c5acfc4001a599bf0",
    "parentId": "hideout",
    "slotId": "hideout",
    "upd": {
      "UnlimitedCount": true,
      "StackObjectsCount": 999999999
    }
  },
  {
    "_id": "5ece83c101e14e770d582916",
    "_tpl": "5aa7e276e5b5b000171d0647",
    "parentId": "hideout",
    "slotId": "hideout",
    "upd": {
      "UnlimitedCount": true,
      "StackObjectsCount": 999999999
    }
  },
  {
    "_id": "5ece83c101e14e770d582918",
    "_tpl": "5b44cad286f77402a54ae7e5",
    "parentId": "hideout",
    "slotId": "hideout",
    "upd": {
      "UnlimitedCount": true,
      "StackObjectsCount": 999999999
    }
  },
  {
    "_id": "5ece83c101e14e770d58291a",
    "_tpl": "544a5caa4bdc2d1a388b4568",
    "parentId": "hideout",
    "slotId": "hideout",
    "upd": {
      "UnlimitedCount": true,
      "StackObjectsCount": 999999999
    }
  },
  {
    "_id": "5ece83c101e14e770d58291c",
    "_tpl": "545cdae64bdc2d39198b4568",
    "parentId": "hideout",
    "slotId": "hideout",
    "upd": {
      "UnlimitedCount": true,
      "StackObjectsCount": 999999999
    }
  },
  {
    "_id": "5ece83c101e14e770d58291e",
    "_tpl": "592c2d1a86f7746dbe2af32a",
    "parentId": "hideout",
    "slotId": "hideout",
    "upd": {
      "UnlimitedCount": true,
      "StackObjectsCount": 999999999
    }
  },
  {
    "_id": "5ece83c101e14e770d582920",
    "_tpl": "5b43271c5acfc432ff4dce65",
    "parentId": "hideout",
    "slotId": "hideout",
    "upd": {
      "UnlimitedCount": true,
      "StackObjectsCount": 999999999
    }
  },
  {
    "_id": "5ece83c101e14e770d582922",
    "_tpl": "5ab8f04f86f774585f4237d8",
    "parentId": "hideout",
    "slotId": "hideout",
    "upd": {
      "UnlimitedCount": true,
      "StackObjectsCount": 999999999
    }
  },
  {
    "_id": "5ece83c101e14e770d582924",
    "_tpl": "5b44d22286f774172b0c9de8",
    "parentId": "hideout",
    "slotId": "hideout",
    "upd": {
      "UnlimitedCount": true,
      "StackObjectsCount": 999999999
    }
  },
  {
    "_id": "5ece83c101e14e770d582926",
    "_tpl": "5b3f3af486f774679e752c1f",
    "parentId": "hideout",
    "slotId": "hideout",
    "upd": {
      "UnlimitedCount": true,
      "StackObjectsCount": 999999999
    }
  },
  {
    "_id": "5ece83c101e14e770d582928",
    "_tpl": "5c0e746986f7741453628fe5",
    "parentId": "hideout",
    "slotId": "hideout",
    "upd": {
      "UnlimitedCount": true,
      "StackObjectsCount": 999999999
    }
  },
  {
    "_id": "5ece83c101e14e770d58292a",
    "_tpl": "5b40e5e25acfc4001a599bea",
    "parentId": "hideout",
    "slotId": "hideout",
    "upd": {
      "UnlimitedCount": true,
      "StackObjectsCount": 999999999
    }
  },
  {
    "_id": "5ece83c101e14e770d58292c",
    "_tpl": "5ab8ee7786f7742d8f33f0b9",
    "parentId": "hideout",
    "slotId": "hideout",
    "upd": {
      "UnlimitedCount": true,
      "StackObjectsCount": 999999999
    }
  },
  {
    "_id": "5ece83c101e14e770d58292e",
    "_tpl": "5ab8e4ed86f7742d8e50c7fa",
    "parentId": "hideout",
    "slotId": "hideout",
    "upd": {
      "UnlimitedCount": true,
      "StackObjectsCount": 999999999
    }
  },
  {
    "_id": "5ece83c101e14e770d582930",
    "_tpl": "5b432b965acfc47a8774094e",
    "parentId": "hideout",
    "slotId": "hideout",
    "upd": {
      "UnlimitedCount": true,
      "StackObjectsCount": 999999999
    }
  },
  {
    "_id": "5ece83c101e14e770d582932",
    "_tpl": "5b44c6ae86f7742d1627baea",
    "parentId": "hideout",
    "slotId": "hideout",
    "upd": {
      "UnlimitedCount": true,
      "StackObjectsCount": 999999999
    }
  },
  {
    "_id": "5ece83c101e14e770d582934",
    "_tpl": "5ab8ebf186f7742d8b372e80",
    "parentId": "hideout",
    "slotId": "hideout",
    "upd": {
      "UnlimitedCount": true,
      "StackObjectsCount": 999999999
    }
  },
  {
    "_id": "5ece83c101e14e770d582936",
    "_tpl": "5aa2ba71e5b5b000137b758f",
    "parentId": "hideout",
    "slotId": "hideout",
    "upd": {
      "UnlimitedCount": true,
      "StackObjectsCount": 999999999
    }
  },
  {
    "_id": "5ece83c101e14e770d582938",
    "_tpl": "5a7c4850e899ef00150be885",
    "parentId": "hideout",
    "slotId": "hideout",
    "upd": {
      "UnlimitedCount": true,
      "StackObjectsCount": 999999999
    }
  },
  {
    "_id": "5ece83c101e14e770d58293a",
    "_tpl": "5b40e4035acfc47a87740943",
    "parentId": "hideout",
    "slotId": "hideout",
    "upd": {
      "UnlimitedCount": true,
      "StackObjectsCount": 999999999
    }
  },
  {
    "_id": "5ece83c101e14e770d58293c",
    "_tpl": "5c0e5bab86f77461f55ed1f3",
    "parentId": "hideout",
    "slotId": "hideout",
    "upd": {
      "UnlimitedCount": true,
      "StackObjectsCount": 999999999
    }
  },
  {
    "_id": "5ece83c101e14e770d58293e",
    "_tpl": "5645bc214bdc2d363b8b4571",
    "parentId": "hideout",
    "slotId": "hideout",
    "upd": {
      "UnlimitedCount": true,
      "StackObjectsCount": 999999999
    }
  },
  {
    "_id": "5ece83c101e14e770d582940",
    "_tpl": "5ab8dab586f77441cd04f2a2",
    "parentId": "hideout",
    "slotId": "hideout",
    "upd": {
      "UnlimitedCount": true,
      "StackObjectsCount": 999999999
    }
  },
  {
    "_id": "5ece83c101e14e770d582942",
    "_tpl": "5aa2ba19e5b5b00014028f4e",
    "parentId": "hideout",
    "slotId": "hideout",
    "upd": {
      "UnlimitedCount": true,
      "StackObjectsCount": 999999999
    }
  },
  {
    "_id": "5ece83c101e14e770d582946",
    "_tpl": "5b44d22286f774172b0c9de8",
    "parentId": "hideout",
    "slotId": "hideout",
    "upd": {
      "UnlimitedCount": true,
      "StackObjectsCount": 999999999
    }
  },
  {
    "_id": "5ece83c101e14e770d582948",
    "_tpl": "5b3f3ade86f7746b6b790d8e",
    "parentId": "hideout",
    "slotId": "hideout",
    "upd": {
      "UnlimitedCount": true,
      "StackObjectsCount": 999999999
    }
  },
  {
    "_id": "5ece83c101e14e770d58294a",
    "_tpl": "5648a69d4bdc2ded0b8b457b",
    "parentId": "hideout",
    "slotId": "hideout",
    "upd": {
      "UnlimitedCount": true,
      "StackObjectsCount": 999999999
    }
  },
  {
    "_id": "5ece83c101e14e770d58294c",
    "_tpl": "5645bcc04bdc2d363b8b4572",
    "parentId": "hideout",
    "slotId": "hideout",
    "upd": {
      "UnlimitedCount": true,
      "StackObjectsCount": 999999999
    }
  },
  {
    "_id": "5ece83c101e14e770d58294e",
    "_tpl": "5ab8f85d86f7745cd93a1cf5",
    "parentId": "hideout",
    "slotId": "hideout",
    "upd": {
      "UnlimitedCount": true,
      "StackObjectsCount": 999999999
    }
  },
  {
    "_id": "5ece83c101e14e770d582950",
    "_tpl": "5aa7e373e5b5b000137b76f0",
    "parentId": "hideout",
    "slotId": "hideout",
    "upd": {
      "UnlimitedCount": true,
      "StackObjectsCount": 999999999
    }
  },
  {
    "_id": "5ece83c101e14e770d582952",
    "_tpl": "5b40e61f5acfc4001a599bec",
    "parentId": "hideout",
    "slotId": "hideout",
    "upd": {
      "UnlimitedCount": true,
      "StackObjectsCount": 999999999
    }
  },
  {
    "_id": "5ece83c101e14e770d582956",
    "_tpl": "5648a7494bdc2d9d488b4583",
    "parentId": "hideout",
    "slotId": "hideout",
    "upd": {
      "UnlimitedCount": true,
      "StackObjectsCount": 999999999
    }
  },
  {
    "_id": "5ece83c101e14e770d582958",
    "_tpl": "5c0919b50db834001b7ce3b9",
    "parentId": "hideout",
    "slotId": "hideout",
    "upd": {
      "UnlimitedCount": true,
      "StackObjectsCount": 999999999
    }
  },
  {
    "_id": "5ece83c101e14e770d58295a",
    "_tpl": "545cdb794bdc2d3a198b456a",
    "parentId": "hideout",
    "slotId": "hideout",
    "upd": {
      "UnlimitedCount": true,
      "StackObjectsCount": 999999999
    }
  },
  {
    "_id": "5ece83c101e14e770d58295c",
    "_tpl": "5c0e774286f77468413cc5b2",
    "parentId": "hideout",
    "slotId": "hideout",
    "upd": {
      "UnlimitedCount": true,
      "StackObjectsCount": 999999999
    }
  },
  {
    "_id": "5ece83c101e14e770d58295e",
    "_tpl": "5c1a1cc52e221602b3136e3d",
    "parentId": "hideout",
    "slotId": "hideout",
    "upd": {
      "UnlimitedCount": true,
      "StackObjectsCount": 999999999
    }
  },
  {
    "_id": "5ece83c101e14e770d582960",
    "_tpl": "557ff21e4bdc2d89578b4586",
    "parentId": "hideout",
    "slotId": "hideout",
    "upd": {
      "UnlimitedCount": true,
      "StackObjectsCount": 999999999
    }
  },
  {
    "_id": "5ece83c101e14e770d582962",
    "_tpl": "5c0e57ba86f7747fa141986d",
    "parentId": "hideout",
    "slotId": "hideout",
    "upd": {
      "UnlimitedCount": true,
      "StackObjectsCount": 999999999
    }
  },
  {
    "_id": "5ece83c101e14e770d582964",
    "_tpl": "5b46238386f7741a693bcf9c",
    "parentId": "hideout",
    "slotId": "hideout",
    "upd": {
      "UnlimitedCount": true,
      "StackObjectsCount": 999999999
    }
  },
  {
    "_id": "5ece83c101e14e770d582966",
    "_tpl": "5b44cf1486f77431723e3d05",
    "parentId": "hideout",
    "slotId": "hideout",
    "upd": {
      "UnlimitedCount": true,
      "StackObjectsCount": 999999999
    }
  },
  {
    "_id": "5ece83c101e14e770d582968",
    "_tpl": "5c0d32fcd174af02a1659c75",
    "parentId": "hideout",
    "slotId": "hideout",
    "upd": {
      "UnlimitedCount": true,
      "StackObjectsCount": 999999999
    }
  },
  {
    "_id": "5ece83c101e14e770d58296a",
    "_tpl": "5c0e6a1586f77404597b4965",
    "parentId": "hideout",
    "slotId": "hideout",
    "upd": {
      "UnlimitedCount": true,
      "StackObjectsCount": 999999999
    }
  },
  {
    "_id": "5ece83c101e14e770d58296c",
    "_tpl": "545cdae64bdc2d39198b4568",
    "parentId": "hideout",
    "slotId": "hideout",
    "upd": {
      "UnlimitedCount": true,
      "StackObjectsCount": 999999999
    }
  },
  {
    "_id": "5ece83c101e14e770d58296e",
    "_tpl": "5ac4c50d5acfc40019262e87",
    "parentId": "hideout",
    "slotId": "hideout",
    "upd": {
      "UnlimitedCount": true,
      "StackObjectsCount": 999999999
    }
  },
  {
    "_id": "5ece83c101e14e770d582970",
    "_tpl": "5b432b2f5acfc4771e1c6622",
    "parentId": "hideout",
    "slotId": "hideout",
    "upd": {
      "UnlimitedCount": true,
      "StackObjectsCount": 999999999
    }
  },
  {
    "_id": "5ece83c101e14e770d582972",
    "_tpl": "5b40e1525acfc4771e1c6611",
    "parentId": "hideout",
    "slotId": "hideout",
    "upd": {
      "UnlimitedCount": true,
      "StackObjectsCount": 999999999
    }
  },
  {
    "_id": "5ece83c101e14e770d582974",
    "_tpl": "5b4329f05acfc47a86086aa1",
    "parentId": "hideout",
    "slotId": "hideout",
    "upd": {
      "UnlimitedCount": true,
      "StackObjectsCount": 999999999
    }
  },
  {
    "_id": "5ece83c101e14e770d582976",
    "_tpl": "5c0e51be86f774598e797894",
    "parentId": "hideout",
    "slotId": "hideout",
    "upd": {
      "UnlimitedCount": true,
      "StackObjectsCount": 999999999
    }
  },
  {
    "_id": "5ece83c101e14e770d582978",
    "_tpl": "5aa7d03ae5b5b00016327db5",
    "parentId": "hideout",
    "slotId": "hideout",
    "upd": {
      "UnlimitedCount": true,
      "StackObjectsCount": 999999999
    }
  },
  {
    "_id": "5ece83c101e14e770d58297a",
    "_tpl": "5c091a4e0db834001d5addc8",
    "parentId": "hideout",
    "slotId": "hideout",
    "upd": {
      "UnlimitedCount": true,
      "StackObjectsCount": 999999999
    }
  },
  {
    "_id": "5ece83c101e14e770d58297c",
    "_tpl": "5c165d832e2216398b5a7e36",
    "parentId": "hideout",
    "slotId": "hideout",
    "upd": {
      "UnlimitedCount": true,
      "StackObjectsCount": 999999999
    }
  },
  {
    "_id": "5ece83c101e14e770d58297e",
    "_tpl": "5c0e805e86f774683f3dd637",
    "parentId": "hideout",
    "slotId": "hideout",
    "upd": {
      "UnlimitedCount": true,
      "StackObjectsCount": 999999999
    }
  },
  {
    "_id": "5ece83c101e14e770d582982",
    "_tpl": "5ab8dced86f774646209ec87",
    "parentId": "hideout",
    "slotId": "hideout",
    "upd": {
      "UnlimitedCount": true,
      "StackObjectsCount": 999999999
    }
  },
  {
    "_id": "5ece83c101e14e770d582984",
    "_tpl": "5b432b965acfc47a8774094e",
    "parentId": "hideout",
    "slotId": "hideout",
    "upd": {
      "UnlimitedCount": true,
      "StackObjectsCount": 999999999
    }
  },
  {
    "_id": "5ece83c101e14e770d582986",
    "_tpl": "5b40e2bc5acfc40016388216",
    "parentId": "hideout",
    "slotId": "hideout",
    "upd": {
      "UnlimitedCount": true,
      "StackObjectsCount": 999999999
    }
  },
  {
    "_id": "5ece83c101e14e770d582988",
    "_tpl": "5c0e446786f7742013381639",
    "parentId": "hideout",
    "slotId": "hideout",
    "upd": {
      "UnlimitedCount": true,
      "StackObjectsCount": 999999999
    }
  },
  {
    "_id": "5ece83c101e14e770d58298a",
    "_tpl": "5ab8e79e86f7742d8b372e78",
    "parentId": "hideout",
    "slotId": "hideout",
    "upd": {
      "UnlimitedCount": true,
      "StackObjectsCount": 999999999
    }
  },
  {
    "_id": "5ece83c101e14e770d58298c",
    "_tpl": "5c0e722886f7740458316a57",
    "parentId": "hideout",
    "slotId": "hideout",
    "upd": {
      "UnlimitedCount": true,
      "StackObjectsCount": 999999999
    }
  },
  {
    "_id": "5ece83c101e14e770d58298e",
    "_tpl": "5c0e53c886f7747fa54205c7",
    "parentId": "hideout",
    "slotId": "hideout",
    "upd": {
      "UnlimitedCount": true,
      "StackObjectsCount": 999999999
    }
  },
  {
    "_id": "5ece83c101e14e770d582990",
    "_tpl": "59e7643b86f7742cbf2c109a",
    "parentId": "hideout",
    "slotId": "hideout",
    "upd": {
      "UnlimitedCount": true,
      "StackObjectsCount": 999999999
    }
  },
  {
    "_id": "5ece83c101e14e770d582992",
    "_tpl": "5aa7e454e5b5b0214e506fa2",
    "parentId": "hideout",
    "slotId": "hideout",
    "upd": {
      "UnlimitedCount": true,
      "StackObjectsCount": 999999999
    }
  },
  {
    "_id": "5ece83c101e14e770d582994",
    "_tpl": "5ab8f4ff86f77431c60d91ba",
    "parentId": "hideout",
    "slotId": "hideout",
    "upd": {
      "UnlimitedCount": true,
      "StackObjectsCount": 999999999
    }
  },
  {
    "_id": "5ece83c101e14e770d582996",
    "_tpl": "5b3f3b0186f774021a2afef7",
    "parentId": "hideout",
    "slotId": "hideout",
    "upd": {
      "UnlimitedCount": true,
      "StackObjectsCount": 999999999
    }
  },
  {
    "_id": "5ece83c101e14e770d582998",
    "_tpl": "5b44cad286f77402a54ae7e5",
    "parentId": "hideout",
    "slotId": "hideout",
    "upd": {
      "UnlimitedCount": true,
      "StackObjectsCount": 999999999
    }
  },
  {
    "_id": "5ece83c101e14e770d58299a",
    "_tpl": "5b3f16c486f7747c327f55f7",
    "parentId": "hideout",
    "slotId": "hideout",
    "upd": {
      "UnlimitedCount": true,
      "StackObjectsCount": 999999999
    }
  },
  {
    "_id": "5ece83c101e14e770d58299c",
    "_tpl": "592c2d1a86f7746dbe2af32a",
    "parentId": "hideout",
    "slotId": "hideout",
    "upd": {
      "UnlimitedCount": true,
      "StackObjectsCount": 999999999
    }
  },
  {
    "_id": "5ece83c201e14e770d58299e",
    "_tpl": "5929a2a086f7744f4b234d43",
    "parentId": "hideout",
    "slotId": "hideout",
    "upd": {
      "UnlimitedCount": true,
      "StackObjectsCount": 999999999
    }
  },
  {
    "_id": "5ece83c201e14e770d5829a0",
    "_tpl": "5a16b672fcdbcb001912fa83",
    "parentId": "hideout",
    "slotId": "hideout",
    "upd": {
      "UnlimitedCount": true,
      "StackObjectsCount": 999999999
    }
  },
  {
    "_id": "5ece83c201e14e770d5829a2",
    "_tpl": "572b7f1624597762ae139822",
    "parentId": "hideout",
    "slotId": "hideout",
    "upd": {
      "UnlimitedCount": true,
      "StackObjectsCount": 999999999
    }
  },
  {
    "_id": "5ece83c201e14e770d5829a4",
    "_tpl": "5ac8d6885acfc400180ae7b0",
    "parentId": "hideout",
    "slotId": "hideout",
    "upd": {
      "UnlimitedCount": true,
      "StackObjectsCount": 999999999
    }
  },
  {
    "_id": "5ece83c201e14e770d5829a6",
    "_tpl": "5648a7494bdc2d9d488b4583",
    "parentId": "hideout",
    "slotId": "hideout",
    "upd": {
      "UnlimitedCount": true,
      "StackObjectsCount": 999999999
    }
  },
  {
    "_id": "5ece83c201e14e770d5829a8",
    "_tpl": "544a5cde4bdc2d39388b456b",
    "parentId": "hideout",
    "slotId": "hideout",
    "upd": {
      "UnlimitedCount": true,
      "StackObjectsCount": 999999999
    }
  },
  {
    "_id": "5ece83c201e14e770d5829ac",
    "_tpl": "5aa2b986e5b5b00014028f4c",
    "parentId": "hideout",
    "slotId": "hideout",
    "upd": {
      "UnlimitedCount": true,
      "StackObjectsCount": 999999999
    }
  },
  {
    "_id": "5ece83c201e14e770d5829ae",
    "_tpl": "5ab8f39486f7745cd93a1cca",
    "parentId": "hideout",
    "slotId": "hideout",
    "upd": {
      "UnlimitedCount": true,
      "StackObjectsCount": 999999999
    }
  },
  {
    "_id": "5ece83c201e14e770d5829b0",
    "_tpl": "5aa2b87de5b5b00016327c25",
    "parentId": "hideout",
    "slotId": "hideout",
    "upd": {
      "UnlimitedCount": true,
      "StackObjectsCount": 999999999
    }
  },
  {
    "_id": "5ece83c201e14e770d5829b2",
    "_tpl": "5aa2b9ede5b5b000137b758b",
    "parentId": "hideout",
    "slotId": "hideout",
    "upd": {
      "UnlimitedCount": true,
      "StackObjectsCount": 999999999
    }
  },
  {
    "_id": "5ece83c201e14e770d5829b4",
    "_tpl": "5aa7e3abe5b5b000171d064d",
    "parentId": "hideout",
    "slotId": "hideout",
    "upd": {
      "UnlimitedCount": true,
      "StackObjectsCount": 999999999
    }
  },
  {
    "_id": "5ece83c201e14e770d5829b6",
    "_tpl": "5b40e3f35acfc40016388218",
    "parentId": "hideout",
    "slotId": "hideout",
    "upd": {
      "UnlimitedCount": true,
      "StackObjectsCount": 999999999
    }
  },
  {
    "_id": "5ece83c201e14e770d5829b8",
    "_tpl": "5aa2ba46e5b5b000137b758d",
    "parentId": "hideout",
    "slotId": "hideout",
    "upd": {
      "UnlimitedCount": true,
      "StackObjectsCount": 999999999
    }
  },
  {
    "_id": "5ece83c201e14e770d5829ba",
    "_tpl": "5c0e3eb886f7742015526062",
    "parentId": "hideout",
    "slotId": "hideout",
    "upd": {
      "UnlimitedCount": true,
      "StackObjectsCount": 999999999
    }
  },
  {
    "_id": "5ece83c201e14e770d5829bc",
    "_tpl": "5645bcc04bdc2d363b8b4572",
    "parentId": "hideout",
    "slotId": "hideout",
    "upd": {
      "UnlimitedCount": true,
      "StackObjectsCount": 999999999
    }
  },
  {
    "_id": "5ece83c201e14e770d5829be",
    "_tpl": "5aa7d193e5b5b000171d063f",
    "parentId": "hideout",
    "slotId": "hideout",
    "upd": {
      "UnlimitedCount": true,
      "StackObjectsCount": 999999999
    }
  },
  {
    "_id": "5ece83c201e14e770d5829c0",
    "_tpl": "5ab8ebf186f7742d8b372e80",
    "parentId": "hideout",
    "slotId": "hideout",
    "upd": {
      "UnlimitedCount": true,
      "StackObjectsCount": 999999999
    }
  },
  {
    "_id": "5ece83c201e14e770d5829c2",
    "_tpl": "5b44d0de86f774503d30cba8",
    "parentId": "hideout",
    "slotId": "hideout",
    "upd": {
      "UnlimitedCount": true,
      "StackObjectsCount": 999999999
    }
  },
  {
    "_id": "5ece83c201e14e770d5829c4",
    "_tpl": "59e7711e86f7746cae05fbe1",
    "parentId": "hideout",
    "slotId": "hideout",
    "upd": {
      "UnlimitedCount": true,
      "StackObjectsCount": 999999999
    }
  },
  {
    "_id": "5ece83c201e14e770d5829c6",
    "_tpl": "5c06c6a80db834001b735491",
    "parentId": "hideout",
    "slotId": "hideout",
    "upd": {
      "UnlimitedCount": true,
      "StackObjectsCount": 999999999
    }
  },
  {
    "_id": "5ece83c201e14e770d5829c8",
    "_tpl": "5ca20ee186f774799474abc2",
    "parentId": "hideout",
    "slotId": "hideout",
    "upd": {
      "UnlimitedCount": true,
      "StackObjectsCount": 999999999
    }
  },
  {
    "_id": "5ece83c201e14e770d5829ca",
    "_tpl": "5ca2151486f774244a3b8d30",
    "parentId": "hideout",
    "slotId": "hideout",
    "upd": {
      "UnlimitedCount": true,
      "StackObjectsCount": 999999999
    }
  },
  {
    "_id": "5ece83c201e14e770d5829cc",
    "_tpl": "5ca21c6986f77479963115a7",
    "parentId": "hideout",
    "slotId": "hideout",
    "upd": {
      "UnlimitedCount": true,
      "StackObjectsCount": 999999999
    }
  },
  {
    "_id": "5ece83c201e14e770d5829ce",
    "_tpl": "5aa2ba19e5b5b00014028f4e",
    "parentId": "hideout",
    "slotId": "hideout",
    "upd": {
      "UnlimitedCount": true,
      "StackObjectsCount": 999999999
    }
  },
  {
    "_id": "5ece83c201e14e770d5829d0",
    "_tpl": "5ca2113f86f7740b2547e1d2",
    "parentId": "hideout",
    "slotId": "hideout",
    "upd": {
      "UnlimitedCount": true,
      "StackObjectsCount": 999999999
    }
  },
  {
    "_id": "5ece83c201e14e770d5829d2",
    "_tpl": "5ca20abf86f77418567a43f2",
    "parentId": "hideout",
    "slotId": "hideout",
    "upd": {
      "UnlimitedCount": true,
      "StackObjectsCount": 999999999
    }
  },
  {
    "_id": "5ece83c201e14e770d5829d4",
    "_tpl": "5ca20d5986f774331e7c9602",
    "parentId": "hideout",
    "slotId": "hideout",
    "upd": {
      "UnlimitedCount": true,
      "StackObjectsCount": 999999999
    }
  },
  {
    "_id": "5ece83c201e14e770d5829d6",
    "_tpl": "5d5d8ca986f7742798716522",
    "parentId": "hideout",
    "slotId": "hideout",
    "upd": {
      "UnlimitedCount": true,
      "StackObjectsCount": 999999999
    }
  },
  {
    "_id": "5ece83c201e14e770d5829d8",
    "_tpl": "5d5d646386f7742797261fd9",
    "parentId": "hideout",
    "slotId": "hideout",
    "upd": {
      "UnlimitedCount": true,
      "StackObjectsCount": 999999999
    }
  },
  {
    "_id": "5ece83c201e14e770d5829da",
    "_tpl": "5d5d85c586f774279a21cbdb",
    "parentId": "hideout",
    "slotId": "hideout",
    "upd": {
      "UnlimitedCount": true,
      "StackObjectsCount": 999999999
    }
  },
  {
    "_id": "5ece83c201e14e770d5829dc",
    "_tpl": "5d5d87f786f77427997cfaef",
    "parentId": "hideout",
    "slotId": "hideout",
    "upd": {
      "UnlimitedCount": true,
      "StackObjectsCount": 999999999
    }
  },
  {
    "_id": "5ece83c201e14e770d5829de",
    "_tpl": "5d5fca1ea4b93635fd598c07",
    "parentId": "hideout",
    "slotId": "hideout",
    "upd": {
      "UnlimitedCount": true,
      "StackObjectsCount": 999999999
    }
  },
  {
    "_id": "5ece83c201e14e770d5829e0",
    "_tpl": "5d6d3943a4b9360dbc46d0cc",
    "parentId": "hideout",
    "slotId": "hideout",
    "upd": {
      "UnlimitedCount": true,
      "StackObjectsCount": 999999999
    }
  },
  {
    "_id": "5ece83c201e14e770d5829e2",
    "_tpl": "5d5d940f86f7742797262046",
    "parentId": "hideout",
    "slotId": "hideout",
    "upd": {
      "UnlimitedCount": true,
      "StackObjectsCount": 999999999
    }
  },
  {
    "_id": "5ece83c201e14e770d5829e4",
    "_tpl": "5d6d3829a4b9361bc8618943",
    "parentId": "hideout",
    "slotId": "hideout",
    "upd": {
      "UnlimitedCount": true,
      "StackObjectsCount": 999999999
    }
  },
  {
    "_id": "5ece83c201e14e770d5829e6",
    "_tpl": "5d6d2ef3a4b93618084f58bd",
    "parentId": "hideout",
    "slotId": "hideout",
    "upd": {
      "UnlimitedCount": true,
      "StackObjectsCount": 999999999
    }
  },
  {
    "_id": "5ece83c201e14e770d5829e8",
    "_tpl": "5d6d2e22a4b9361bd5780d05",
    "parentId": "hideout",
    "slotId": "hideout",
    "upd": {
      "UnlimitedCount": true,
      "StackObjectsCount": 999999999
    }
  },
  {
    "_id": "5ece83c201e14e770d5829ea",
    "_tpl": "5d5d87f786f77427997cfaef",
    "parentId": "hideout",
    "slotId": "hideout",
    "upd": {
      "UnlimitedCount": true,
      "StackObjectsCount": 999999999
    }
  },
  {
    "_id": "5ece83c201e14e770d5829ec",
    "_tpl": "5d6d3be5a4b9361bc73bc763",
    "parentId": "hideout",
    "slotId": "hideout",
    "upd": {
      "UnlimitedCount": true,
      "StackObjectsCount": 999999999
    }
  },
  {
    "_id": "5ece83c201e14e770d5829ee",
    "_tpl": "5d6d3716a4b9361bc8618872",
    "parentId": "hideout",
    "slotId": "hideout",
    "upd": {
      "UnlimitedCount": true,
      "StackObjectsCount": 999999999
    }
  },
  {
    "_id": "5ece83c201e14e770d5829f0",
    "_tpl": "5b4329f05acfc47a86086aa1",
    "parentId": "hideout",
    "slotId": "hideout",
    "upd": {
      "UnlimitedCount": true,
      "StackObjectsCount": 999999999
    }
  },
  {
    "_id": "5ece83c201e14e770d5829f2",
    "_tpl": "5c0e746986f7741453628fe5",
    "parentId": "hideout",
    "slotId": "hideout",
    "upd": {
      "UnlimitedCount": true,
      "StackObjectsCount": 999999999
    }
  },
  {
    "_id": "5ece83c201e14e770d5829f4",
    "_tpl": "5d6d3829a4b9361bc8618943",
    "parentId": "hideout",
    "slotId": "hideout",
    "upd": {
      "UnlimitedCount": true,
      "StackObjectsCount": 999999999
    }
  },
  {
    "_id": "5ece83c201e14e770d5829f6",
    "_tpl": "5a16bb52fcdbcb001a3b00dc",
    "parentId": "hideout",
    "slotId": "hideout",
    "upd": {
      "UnlimitedCount": true,
      "StackObjectsCount": 999999999
    }
  },
  {
    "_id": "5ece83c201e14e770d5829f8",
    "_tpl": "5e4abc6786f77406812bd572",
    "parentId": "hideout",
    "slotId": "hideout",
    "upd": {
      "UnlimitedCount": true,
      "StackObjectsCount": 999999999
    }
  },
  {
    "_id": "5ece83c201e14e770d5829fa",
    "_tpl": "59e7635f86f7742cbf2c1095",
    "parentId": "hideout",
    "slotId": "hideout",
    "upd": {
      "UnlimitedCount": true,
      "StackObjectsCount": 999999999
    }
  },
  {
    "_id": "5ece83c201e14e770d5829fc",
    "_tpl": "5df8a42886f77412640e2e75",
    "parentId": "hideout",
    "slotId": "hideout",
    "upd": {
      "UnlimitedCount": true,
      "StackObjectsCount": 999999999
    }
  },
  {
    "_id": "5ece83c201e14e770d5829fe",
    "_tpl": "5e4ac41886f77406a511c9a8",
    "parentId": "hideout",
    "slotId": "hideout",
    "upd": {
      "UnlimitedCount": true,
      "StackObjectsCount": 999999999
    }
  },
  {
    "_id": "5ece83c201e14e770d582a00",
    "_tpl": "5df8a2ca86f7740bfe6df777",
    "parentId": "hideout",
    "slotId": "hideout",
    "upd": {
      "UnlimitedCount": true,
      "StackObjectsCount": 999999999
    }
  },
  {
    "_id": "5ece83c201e14e770d582a02",
    "_tpl": "5e4abc1f86f774069619fbaa",
    "parentId": "hideout",
    "slotId": "hideout",
    "upd": {
      "UnlimitedCount": true,
      "StackObjectsCount": 999999999
    }
  },
  {
    "_id": "5ece83c201e14e770d582a04",
    "_tpl": "5e4abb5086f77406975c9342",
    "parentId": "hideout",
    "slotId": "hideout",
    "upd": {
      "UnlimitedCount": true,
      "StackObjectsCount": 999999999
    }
  },
  {
    "_id": "5ece83c201e14e770d582a06",
    "_tpl": "5ca20ee186f774799474abc2",
    "parentId": "hideout",
    "slotId": "hideout",
    "upd": {
      "UnlimitedCount": true,
      "StackObjectsCount": 999999999
    }
  }
]