{
  "5eeca63dbfed7142cb30fd0d": [
    [
      {
        "count": 3400,
        "_tpl": "5449016a4bdc2d6f028b456f"
      }
    ]
  ],
  "9mm_rip_box": [
    [
      {
        "count": 2,
        "_tpl": "573474f924597738002c6174"
      }
    ]
  ],
  "rotor43": [
    [
      {
        "count": 1,
        "_tpl": "5d1b2ffd86f77425243e8d17"
      },
      {
        "count": 1,
        "_tpl": "5672cb124bdc2d1a0f8b4568"
      }
    ]
  ],
  "m2_sword": [
    [
      {
        "count": 2,
        "_tpl": "5c052f6886f7746b1e3db148"
      },
      {
        "count": 1,
        "_tpl": "5913915886f774123603c392"
      },
      {
        "count": 2,
        "_tpl": "5c1267ee86f77416ec610f72"
      },
      {
        "count": 2,
        "_tpl": "5d03775b86f774203e7e0c4b"
      }
    ]
  ],
  "300BlackoutBPZ": [
    [
      {
        "count": 96,
        "_tpl": "5449016a4bdc2d6f028b456f"
      }
    ]
  ],
  "5fd251ee16cac650092f5d04": [
    [
      {
        "count": 58000,
        "_tpl": "5449016a4bdc2d6f028b456f"
      }
    ]
  ],
  "5fd251c90d9c95034825edb6": [
    [
      {
        "count": 48358,
        "_tpl": "5449016a4bdc2d6f028b456f"
      }
    ]
  ],
  "5fd35eb1a8c881276c55e714": [
    [
      {
        "count": 78000,
        "_tpl": "5449016a4bdc2d6f028b456f"
      }
    ]
  ],
  "5eeca634bfed7142cb30f68f": [
    [
      {
        "count": 47412.54,
        "_tpl": "5449016a4bdc2d6f028b456f"
      }
    ]
  ],
  "5eeca634bfed7142cb30f691": [
    [
      {
        "count": 18840.7,
        "_tpl": "5449016a4bdc2d6f028b456f"
      }
    ]
  ],
  "5eeca634bfed7142cb30f693": [
    [
      {
        "count": 11373.06,
        "_tpl": "5449016a4bdc2d6f028b456f"
      }
    ]
  ],
  "5eeca634bfed7142cb30f695": [
    [
      {
        "count": 3583.08,
        "_tpl": "5449016a4bdc2d6f028b456f"
      }
    ]
  ],
  "5eeca634bfed7142cb30f697": [
    [
      {
        "count": 16543.44,
        "_tpl": "5449016a4bdc2d6f028b456f"
      }
    ]
  ],
  "5eeca634bfed7142cb30f699": [
    [
      {
        "count": 2276.61,
        "_tpl": "5449016a4bdc2d6f028b456f"
      }
    ]
  ],
  "5eeca634bfed7142cb30f69b": [
    [
      {
        "count": 2221.11,
        "_tpl": "5449016a4bdc2d6f028b456f"
      }
    ]
  ],
  "5eeca634bfed7142cb30f69d": [
    [
      {
        "count": 19425,
        "_tpl": "5449016a4bdc2d6f028b456f"
      }
    ]
  ],
  "5eeca634bfed7142cb30f69f": [
    [
      {
        "count": 25314.66,
        "_tpl": "5449016a4bdc2d6f028b456f"
      }
    ]
  ],
  "5eeca634bfed7142cb30f6a1": [
    [
      {
        "count": 34.63,
        "_tpl": "569668774bdc2da2298b4568"
      }
    ]
  ],
  "5eeca634bfed7142cb30f6a3": [
    [
      {
        "count": 17386.76,
        "_tpl": "5449016a4bdc2d6f028b456f"
      }
    ]
  ],
  "5eeca634bfed7142cb30f6a5": [
    [
      {
        "count": 28369.59,
        "_tpl": "5449016a4bdc2d6f028b456f"
      }
    ]
  ],
  "5eeca634bfed7142cb30f6af": [
    [
      {
        "count": 8862.24,
        "_tpl": "5449016a4bdc2d6f028b456f"
      }
    ]
  ],
  "5eeca634bfed7142cb30f6b1": [
    [
      {
        "count": 22151.16,
        "_tpl": "5449016a4bdc2d6f028b456f"
      }
    ]
  ],
  "5eeca634bfed7142cb30f6b3": [
    [
      {
        "count": 38485.92,
        "_tpl": "5449016a4bdc2d6f028b456f"
      }
    ]
  ],
  "5eeca634bfed7142cb30f6b5": [
    [
      {
        "count": 3054.72,
        "_tpl": "5449016a4bdc2d6f028b456f"
      }
    ]
  ],
  "5eeca634bfed7142cb30f6b7": [
    [
      {
        "count": 4243.53,
        "_tpl": "5449016a4bdc2d6f028b456f"
      }
    ]
  ],
  "5eeca634bfed7142cb30f6b9": [
    [
      {
        "count": 17673.42,
        "_tpl": "5449016a4bdc2d6f028b456f"
      }
    ]
  ],
  "5eeca634bfed7142cb30f6bb": [
    [
      {
        "count": 2385.39,
        "_tpl": "5449016a4bdc2d6f028b456f"
      }
    ]
  ],
  "5eeca634bfed7142cb30f6bd": [
    [
      {
        "count": 2955.93,
        "_tpl": "5449016a4bdc2d6f028b456f"
      }
    ]
  ],
  "5eeca634bfed7142cb30f6c1": [
    [
      {
        "count": 4,
        "level": 20,
        "side": "Bear",
        "_tpl": "59f32bb586f774757e1e8442"
      }
    ]
  ],
  "5eeca634bfed7142cb30f6c3": [
    [
      {
        "count": 4987.23,
        "_tpl": "5449016a4bdc2d6f028b456f"
      }
    ]
  ],
  "5eeca634bfed7142cb30f6c5": [
    [
      {
        "count": 8796.75,
        "_tpl": "5449016a4bdc2d6f028b456f"
      }
    ]
  ],
  "5eeca634bfed7142cb30f6c7": [
    [
      {
        "count": 9013.2,
        "_tpl": "5449016a4bdc2d6f028b456f"
      }
    ]
  ],
  "5eeca634bfed7142cb30f6c9": [
    [
      {
        "count": 2664,
        "_tpl": "5449016a4bdc2d6f028b456f"
      }
    ]
  ],
  "5eeca634bfed7142cb30f6cb": [
    [
      {
        "count": 6537.9,
        "_tpl": "5449016a4bdc2d6f028b456f"
      }
    ]
  ],
  "5eeca634bfed7142cb30f6cd": [
    [
      {
        "count": 1187.7,
        "_tpl": "5449016a4bdc2d6f028b456f"
      }
    ]
  ],
  "5eeca634bfed7142cb30f6cf": [
    [
      {
        "count": 3089.13,
        "_tpl": "5449016a4bdc2d6f028b456f"
      }
    ]
  ],
  "5eeca634bfed7142cb30f6d1": [
    [
      {
        "count": 299.48,
        "_tpl": "5449016a4bdc2d6f028b456f"
      }
    ]
  ],
  "5eeca634bfed7142cb30f6d3": [
    [
      {
        "count": 1,
        "_tpl": "5d03775b86f774203e7e0c4b"
      }
    ]
  ],
  "5eeca634bfed7142cb30f6db": [
    [
      {
        "count": 1,
        "_tpl": "57347cd0245977445a2d6ff1"
      }
    ]
  ],
  "5eeca634bfed7142cb30f6dd": [
    [
      {
        "count": 1110,
        "_tpl": "5449016a4bdc2d6f028b456f"
      }
    ]
  ],
  "5eeca634bfed7142cb30f6df": [
    [
      {
        "count": 199.44,
        "_tpl": "5696686a4bdc2da3298b456a"
      }
    ]
  ],
  "5eeca634bfed7142cb30f6e1": [
    [
      {
        "count": 5,
        "level": 2,
        "side": "Usec",
        "_tpl": "59f32c3b86f77472a31742f0"
      }
    ]
  ],
  "5eeca634bfed7142cb30f6e3": [
    [
      {
        "count": 102065.61,
        "_tpl": "5449016a4bdc2d6f028b456f"
      }
    ]
  ],
  "5eeca635bfed7142cb30f6e5": [
    [
      {
        "count": 1756.02,
        "_tpl": "5449016a4bdc2d6f028b456f"
      }
    ]
  ],
  "5eeca635bfed7142cb30f6e7": [
    [
      {
        "count": 62.16,
        "_tpl": "5449016a4bdc2d6f028b456f"
      }
    ]
  ],
  "5eeca635bfed7142cb30f6e9": [
    [
      {
        "count": 682.65,
        "_tpl": "5449016a4bdc2d6f028b456f"
      }
    ]
  ],
  "5eeca635bfed7142cb30f6eb": [
    [
      {
        "count": 2,
        "_tpl": "573478bc24597738002c6175"
      }
    ]
  ],
  "5eeca635bfed7142cb30f6f5": [
    [
      {
        "count": 2564.1,
        "_tpl": "5449016a4bdc2d6f028b456f"
      }
    ]
  ],
  "5eeca635bfed7142cb30f6f7": [
    [
      {
        "count": 34495.2,
        "_tpl": "5449016a4bdc2d6f028b456f"
      }
    ]
  ],
  "5eeca635bfed7142cb30f702": [
    [
      {
        "count": 14792.97,
        "_tpl": "5449016a4bdc2d6f028b456f"
      }
    ]
  ],
  "5eeca635bfed7142cb30f704": [
    [
      {
        "count": 146.11,
        "_tpl": "5696686a4bdc2da3298b456a"
      }
    ]
  ],
  "5eeca635bfed7142cb30f706": [
    [
      {
        "count": 94.35,
        "_tpl": "5449016a4bdc2d6f028b456f"
      }
    ]
  ],
  "5eeca635bfed7142cb30f708": [
    [
      {
        "count": 6714.39,
        "_tpl": "5449016a4bdc2d6f028b456f"
      }
    ]
  ],
  "5eeca635bfed7142cb30f70a": [
    [
      {
        "count": 53738.43,
        "_tpl": "5449016a4bdc2d6f028b456f"
      }
    ]
  ],
  "5eeca635bfed7142cb30f70c": [
    [
      {
        "count": 17845.47,
        "_tpl": "5449016a4bdc2d6f028b456f"
      }
    ]
  ],
  "5eeca635bfed7142cb30f70e": [
    [
      {
        "count": 5304.69,
        "_tpl": "5449016a4bdc2d6f028b456f"
      }
    ]
  ],
  "5eeca635bfed7142cb30f710": [
    [
      {
        "count": 17400.36,
        "_tpl": "5449016a4bdc2d6f028b456f"
      }
    ]
  ],
  "5eeca635bfed7142cb30f714": [
    [
      {
        "count": 7246.08,
        "_tpl": "5449016a4bdc2d6f028b456f"
      }
    ]
  ],
  "5eeca635bfed7142cb30f716": [
    [
      {
        "count": 77.03,
        "_tpl": "5696686a4bdc2da3298b456a"
      }
    ]
  ],
  "5eeca635bfed7142cb30f718": [
    [
      {
        "count": 133.5,
        "_tpl": "5449016a4bdc2d6f028b456f"
      }
    ]
  ],
  "5eeca635bfed7142cb30f71a": [
    [
      {
        "count": 2761.68,
        "_tpl": "5449016a4bdc2d6f028b456f"
      }
    ]
  ],
  "5eeca635bfed7142cb30f71c": [
    [
      {
        "count": 27782.19,
        "_tpl": "5449016a4bdc2d6f028b456f"
      }
    ]
  ],
  "5eeca635bfed7142cb30f71e": [
    [
      {
        "count": 6993,
        "_tpl": "5449016a4bdc2d6f028b456f"
      }
    ]
  ],
  "5eeca635bfed7142cb30f720": [
    [
      {
        "count": 76874.78,
        "_tpl": "5449016a4bdc2d6f028b456f"
      }
    ]
  ],
  "5eeca635bfed7142cb30f728": [
    [
      {
        "count": 5972.91,
        "_tpl": "5449016a4bdc2d6f028b456f"
      }
    ]
  ],
  "5eeca635bfed7142cb30f72a": [
    [
      {
        "count": 1304.25,
        "_tpl": "5449016a4bdc2d6f028b456f"
      }
    ]
  ],
  "5eeca635bfed7142cb30f72c": [
    [
      {
        "count": 2487.51,
        "_tpl": "5449016a4bdc2d6f028b456f"
      }
    ]
  ],
  "5eeca635bfed7142cb30f72e": [
    [
      {
        "count": 5820.84,
        "_tpl": "5449016a4bdc2d6f028b456f"
      }
    ]
  ],
  "5eeca635bfed7142cb30f730": [
    [
      {
        "count": 16534.56,
        "_tpl": "5449016a4bdc2d6f028b456f"
      }
    ]
  ],
  "5eeca635bfed7142cb30f732": [
    [
      {
        "count": 11511.81,
        "_tpl": "5449016a4bdc2d6f028b456f"
      }
    ]
  ],
  "5eeca635bfed7142cb30f734": [
    [
      {
        "count": 5608.83,
        "_tpl": "5449016a4bdc2d6f028b456f"
      }
    ]
  ],
  "5eeca635bfed7142cb30f736": [
    [
      {
        "count": 3718.5,
        "_tpl": "5449016a4bdc2d6f028b456f"
      }
    ]
  ],
  "5eeca635bfed7142cb30f738": [
    [
      {
        "count": 15039.39,
        "_tpl": "5449016a4bdc2d6f028b456f"
      }
    ]
  ],
  "5eeca635bfed7142cb30f73a": [
    [
      {
        "count": 15696.51,
        "_tpl": "5449016a4bdc2d6f028b456f"
      }
    ]
  ],
  "5eeca635bfed7142cb30f73c": [
    [
      {
        "count": 31854.78,
        "_tpl": "5449016a4bdc2d6f028b456f"
      }
    ]
  ],
  "5eeca635bfed7142cb30f742": [
    [
      {
        "count": 6671.1,
        "_tpl": "5449016a4bdc2d6f028b456f"
      }
    ]
  ],
  "5eeca635bfed7142cb30f744": [
    [
      {
        "count": 5765.34,
        "_tpl": "5449016a4bdc2d6f028b456f"
      }
    ]
  ],
  "5eeca635bfed7142cb30f746": [
    [
      {
        "count": 11088.9,
        "_tpl": "5449016a4bdc2d6f028b456f"
      }
    ]
  ],
  "5eeca635bfed7142cb30f748": [
    [
      {
        "count": 43702.92,
        "_tpl": "5449016a4bdc2d6f028b456f"
      }
    ]
  ],
  "5eeca635bfed7142cb30f74a": [
    [
      {
        "count": 5328,
        "_tpl": "5449016a4bdc2d6f028b456f"
      }
    ]
  ],
  "5eeca635bfed7142cb30f74c": [
    [
      {
        "count": 6149.4,
        "_tpl": "5449016a4bdc2d6f028b456f"
      }
    ]
  ],
  "5eeca635bfed7142cb30f74e": [
    [
      {
        "count": 18324.99,
        "_tpl": "5449016a4bdc2d6f028b456f"
      }
    ]
  ],
  "5eeca635bfed7142cb30f750": [
    [
      {
        "count": 3106.89,
        "_tpl": "5449016a4bdc2d6f028b456f"
      }
    ]
  ],
  "5eeca635bfed7142cb30f752": [
    [
      {
        "count": 4213.56,
        "_tpl": "5449016a4bdc2d6f028b456f"
      }
    ]
  ],
  "5eeca635bfed7142cb30f754": [
    [
      {
        "count": 30675.96,
        "_tpl": "5449016a4bdc2d6f028b456f"
      }
    ]
  ],
  "5eeca635bfed7142cb30f756": [
    [
      {
        "count": 3045.84,
        "_tpl": "5449016a4bdc2d6f028b456f"
      }
    ]
  ],
  "5eeca635bfed7142cb30f758": [
    [
      {
        "count": 15263.61,
        "_tpl": "5449016a4bdc2d6f028b456f"
      }
    ]
  ],
  "5eeca635bfed7142cb30f75a": [
    [
      {
        "count": 15071.14,
        "_tpl": "5449016a4bdc2d6f028b456f"
      }
    ]
  ],
  "5eeca635bfed7142cb30f75c": [
    [
      {
        "count": 7785.54,
        "_tpl": "5449016a4bdc2d6f028b456f"
      }
    ]
  ],
  "5eeca635bfed7142cb30f75e": [
    [
      {
        "count": 5,
        "level": 20,
        "side": "Usec",
        "_tpl": "59f32c3b86f77472a31742f0"
      }
    ]
  ],
  "5eeca635bfed7142cb30f760": [
    [
      {
        "count": 28690.17,
        "_tpl": "5449016a4bdc2d6f028b456f"
      }
    ]
  ],
  "5eeca635bfed7142cb30f762": [
    [
      {
        "count": 1107.78,
        "_tpl": "5449016a4bdc2d6f028b456f"
      }
    ]
  ],
  "5eeca635bfed7142cb30f764": [
    [
      {
        "count": 3011.43,
        "_tpl": "5449016a4bdc2d6f028b456f"
      }
    ]
  ],
  "5eeca635bfed7142cb30f766": [
    [
      {
        "count": 13051.38,
        "_tpl": "5449016a4bdc2d6f028b456f"
      }
    ]
  ],
  "5eeca635bfed7142cb30f768": [
    [
      {
        "count": 3184.37,
        "_tpl": "5449016a4bdc2d6f028b456f"
      }
    ]
  ],
  "5eeca635bfed7142cb30f76a": [
    [
      {
        "count": 286.38,
        "_tpl": "5449016a4bdc2d6f028b456f"
      }
    ]
  ],
  "5eeca635bfed7142cb30f76c": [
    [
      {
        "count": 4695.3,
        "_tpl": "5449016a4bdc2d6f028b456f"
      }
    ]
  ],
  "5eeca635bfed7142cb30f76e": [
    [
      {
        "count": 359.36,
        "_tpl": "5449016a4bdc2d6f028b456f"
      }
    ]
  ],
  "5eeca635bfed7142cb30f770": [
    [
      {
        "count": 15412.35,
        "_tpl": "5449016a4bdc2d6f028b456f"
      }
    ]
  ],
  "5eeca635bfed7142cb30f772": [
    [
      {
        "count": 777,
        "_tpl": "5449016a4bdc2d6f028b456f"
      }
    ]
  ],
  "5eeca635bfed7142cb30f774": [
    [
      {
        "count": 4676.43,
        "_tpl": "5449016a4bdc2d6f028b456f"
      }
    ]
  ],
  "5eeca635bfed7142cb30f776": [
    [
      {
        "count": 22026.84,
        "_tpl": "5449016a4bdc2d6f028b456f"
      }
    ]
  ],
  "5eeca635bfed7142cb30f778": [
    [
      {
        "count": 136.38,
        "_tpl": "5696686a4bdc2da3298b456a"
      }
    ]
  ],
  "5eeca635bfed7142cb30f77a": [
    [
      {
        "count": 31292.01,
        "_tpl": "5449016a4bdc2d6f028b456f"
      }
    ]
  ],
  "5eeca635bfed7142cb30f784": [
    [
      {
        "count": 18019.74,
        "_tpl": "5449016a4bdc2d6f028b456f"
      }
    ]
  ],
  "5eeca635bfed7142cb30f786": [
    [
      {
        "count": 1663.89,
        "_tpl": "5449016a4bdc2d6f028b456f"
      }
    ]
  ],
  "5eeca635bfed7142cb30f788": [
    [
      {
        "count": 15634.35,
        "_tpl": "5449016a4bdc2d6f028b456f"
      }
    ]
  ],
  "5eeca635bfed7142cb30f792": [
    [
      {
        "count": 1107.78,
        "_tpl": "5449016a4bdc2d6f028b456f"
      }
    ]
  ],
  "5eeca635bfed7142cb30f794": [
    [
      {
        "count": 61920.24,
        "_tpl": "5449016a4bdc2d6f028b456f"
      }
    ]
  ],
  "5eeca635bfed7142cb30f796": [
    [
      {
        "count": 31080,
        "_tpl": "5449016a4bdc2d6f028b456f"
      }
    ]
  ],
  "5eeca635bfed7142cb30f798": [
    [
      {
        "count": 21242.07,
        "_tpl": "5449016a4bdc2d6f028b456f"
      }
    ]
  ],
  "5eeca635bfed7142cb30f79a": [
    [
      {
        "count": 8368.29,
        "_tpl": "5449016a4bdc2d6f028b456f"
      }
    ]
  ],
  "5eeca635bfed7142cb30f79c": [
    [
      {
        "count": 3832.83,
        "_tpl": "5449016a4bdc2d6f028b456f"
      }
    ]
  ],
  "5eeca635bfed7142cb30f79e": [
    [
      {
        "count": 65.4,
        "_tpl": "5696686a4bdc2da3298b456a"
      }
    ]
  ],
  "5eeca635bfed7142cb30f7a0": [
    [
      {
        "count": 8990.39,
        "_tpl": "5449016a4bdc2d6f028b456f"
      }
    ]
  ],
  "5eeca635bfed7142cb30f7a2": [
    [
      {
        "count": 1552.89,
        "_tpl": "5449016a4bdc2d6f028b456f"
      }
    ]
  ],
  "5eeca635bfed7142cb30f7a4": [
    [
      {
        "count": 33.3,
        "_tpl": "5449016a4bdc2d6f028b456f"
      }
    ]
  ],
  "5eeca635bfed7142cb30f7a6": [
    [
      {
        "count": 3539.79,
        "_tpl": "5449016a4bdc2d6f028b456f"
      }
    ]
  ],
  "5eeca635bfed7142cb30f7a8": [
    [
      {
        "count": 2442,
        "_tpl": "5449016a4bdc2d6f028b456f"
      }
    ]
  ],
  "5eeca635bfed7142cb30f7aa": [
    [
      {
        "count": 69.99,
        "_tpl": "5696686a4bdc2da3298b456a"
      }
    ]
  ],
  "5eeca635bfed7142cb30f7ac": [
    [
      {
        "count": 46758.42,
        "_tpl": "5449016a4bdc2d6f028b456f"
      }
    ]
  ],
  "5eeca635bfed7142cb30f7ae": [
    [
      {
        "count": 48700.14,
        "_tpl": "5449016a4bdc2d6f028b456f"
      }
    ]
  ],
  "5eeca635bfed7142cb30f7b0": [
    [
      {
        "count": 12467.58,
        "_tpl": "5449016a4bdc2d6f028b456f"
      }
    ]
  ],
  "5eeca635bfed7142cb30f7b2": [
    [
      {
        "count": 889.11,
        "_tpl": "5449016a4bdc2d6f028b456f"
      }
    ]
  ],
  "5eeca635bfed7142cb30f7b4": [
    [
      {
        "count": 4,
        "_tpl": "59e3647686f774176a362507"
      },
      {
        "count": 4,
        "_tpl": "59faf7ca86f7740dbe19f6c2"
      },
      {
        "count": 4,
        "_tpl": "5d235a5986f77443f6329bc6"
      }
    ]
  ],
  "5eeca635bfed7142cb30f7b6": [
    [
      {
        "count": 6,
        "_tpl": "5672cb304bdc2dc2088b456a"
      }
    ]
  ],
  "5eeca635bfed7142cb30f7b8": [
    [
      {
        "count": 6803.1,
        "_tpl": "5449016a4bdc2d6f028b456f"
      }
    ]
  ],
  "5eeca635bfed7142cb30f7ba": [
    [
      {
        "count": 2053.5,
        "_tpl": "5449016a4bdc2d6f028b456f"
      }
    ]
  ],
  "5eeca635bfed7142cb30f7bc": [
    [
      {
        "count": 17982,
        "_tpl": "5449016a4bdc2d6f028b456f"
      }
    ]
  ],
  "5eeca635bfed7142cb30f7be": [
    [
      {
        "count": 2024.64,
        "_tpl": "5449016a4bdc2d6f028b456f"
      }
    ]
  ],
  "5eeca635bfed7142cb30f7c0": [
    [
      {
        "count": 852.48,
        "_tpl": "5449016a4bdc2d6f028b456f"
      }
    ]
  ],
  "5eeca635bfed7142cb30f7c2": [
    [
      {
        "count": 8217.33,
        "_tpl": "5449016a4bdc2d6f028b456f"
      }
    ]
  ],
  "5eeca635bfed7142cb30f7c4": [
    [
      {
        "count": 18925.5,
        "_tpl": "5449016a4bdc2d6f028b456f"
      }
    ]
  ],
  "5eeca635bfed7142cb30f7c6": [
    [
      {
        "count": 10933.5,
        "_tpl": "5449016a4bdc2d6f028b456f"
      }
    ]
  ],
  "5eeca635bfed7142cb30f7c8": [
    [
      {
        "count": 8658,
        "_tpl": "5449016a4bdc2d6f028b456f"
      }
    ]
  ],
  "5eeca635bfed7142cb30f7ca": [
    [
      {
        "count": 5328,
        "_tpl": "5449016a4bdc2d6f028b456f"
      }
    ]
  ],
  "5eeca635bfed7142cb30f7cc": [
    [
      {
        "count": 13653,
        "_tpl": "5449016a4bdc2d6f028b456f"
      }
    ]
  ],
  "5eeca635bfed7142cb30f7ce": [
    [
      {
        "count": 9768,
        "_tpl": "5449016a4bdc2d6f028b456f"
      }
    ]
  ],
  "5eeca635bfed7142cb30f7d0": [
    [
      {
        "count": 12321,
        "_tpl": "5449016a4bdc2d6f028b456f"
      }
    ]
  ],
  "5eeca635bfed7142cb30f7d2": [
    [
      {
        "count": 10212,
        "_tpl": "5449016a4bdc2d6f028b456f"
      }
    ]
  ],
  "5eeca635bfed7142cb30f7d4": [
    [
      {
        "count": 4662,
        "_tpl": "5449016a4bdc2d6f028b456f"
      }
    ]
  ],
  "5eeca635bfed7142cb30f7d6": [
    [
      {
        "count": 8436,
        "_tpl": "5449016a4bdc2d6f028b456f"
      }
    ]
  ],
  "5eeca635bfed7142cb30f7d8": [
    [
      {
        "count": 21312,
        "_tpl": "5449016a4bdc2d6f028b456f"
      }
    ]
  ],
  "5eeca635bfed7142cb30f7da": [
    [
      {
        "count": 21312,
        "_tpl": "5449016a4bdc2d6f028b456f"
      }
    ]
  ],
  "5eeca635bfed7142cb30f7dc": [
    [
      {
        "count": 6993,
        "_tpl": "5449016a4bdc2d6f028b456f"
      }
    ]
  ],
  "5eeca635bfed7142cb30f7de": [
    [
      {
        "count": 1,
        "_tpl": "590a358486f77429692b2790"
      }
    ]
  ],
  "5eeca635bfed7142cb30f7e9": [
    [
      {
        "count": 22718.59,
        "_tpl": "5449016a4bdc2d6f028b456f"
      }
    ]
  ],
  "5eeca635bfed7142cb30f7eb": [
    [
      {
        "count": 48.95,
        "_tpl": "5449016a4bdc2d6f028b456f"
      }
    ]
  ],
  "5eeca635bfed7142cb30f7ed": [
    [
      {
        "count": 10,
        "_tpl": "573478bc24597738002c6175"
      }
    ]
  ],
  "5eeca635bfed7142cb30f7f5": [
    [
      {
        "count": 21312,
        "_tpl": "5449016a4bdc2d6f028b456f"
      }
    ]
  ],
  "5eeca635bfed7142cb30f7f7": [
    [
      {
        "count": 33166.8,
        "_tpl": "5449016a4bdc2d6f028b456f"
      }
    ]
  ],
  "5eeca635bfed7142cb30f7f9": [
    [
      {
        "count": 40376.25,
        "_tpl": "5449016a4bdc2d6f028b456f"
      }
    ]
  ],
  "5eeca635bfed7142cb30f7fb": [
    [
      {
        "count": 7055.16,
        "_tpl": "5449016a4bdc2d6f028b456f"
      }
    ]
  ],
  "5eeca635bfed7142cb30f7fd": [
    [
      {
        "count": 22254.39,
        "_tpl": "5449016a4bdc2d6f028b456f"
      }
    ]
  ],
  "5eeca635bfed7142cb30f7ff": [
    [
      {
        "count": 19536,
        "_tpl": "5449016a4bdc2d6f028b456f"
      }
    ]
  ],
  "5eeca635bfed7142cb30f801": [
    [
      {
        "count": 3885,
        "_tpl": "5449016a4bdc2d6f028b456f"
      }
    ]
  ],
  "5eeca635bfed7142cb30f803": [
    [
      {
        "count": 1998,
        "_tpl": "5449016a4bdc2d6f028b456f"
      }
    ]
  ],
  "5eeca635bfed7142cb30f805": [
    [
      {
        "count": 3108,
        "_tpl": "5449016a4bdc2d6f028b456f"
      }
    ]
  ],
  "5eeca635bfed7142cb30f807": [
    [
      {
        "count": 5215.89,
        "_tpl": "5449016a4bdc2d6f028b456f"
      }
    ]
  ],
  "5eeca635bfed7142cb30f809": [
    [
      {
        "count": 19948.92,
        "_tpl": "5449016a4bdc2d6f028b456f"
      }
    ]
  ],
  "5eeca635bfed7142cb30f80b": [
    [
      {
        "count": 2597.4,
        "_tpl": "5449016a4bdc2d6f028b456f"
      }
    ]
  ],
  "5eeca635bfed7142cb30f80d": [
    [
      {
        "count": 5461.2,
        "_tpl": "5449016a4bdc2d6f028b456f"
      }
    ]
  ],
  "5eeca635bfed7142cb30f80f": [
    [
      {
        "count": 3718.5,
        "_tpl": "5449016a4bdc2d6f028b456f"
      }
    ]
  ],
  "5eeca635bfed7142cb30f811": [
    [
      {
        "count": 24753,
        "_tpl": "5449016a4bdc2d6f028b456f"
      }
    ]
  ],
  "5eeca635bfed7142cb30f819": [
    [
      {
        "count": 1880.34,
        "_tpl": "5449016a4bdc2d6f028b456f"
      }
    ]
  ],
  "5eeca635bfed7142cb30f81b": [
    [
      {
        "count": 2442,
        "_tpl": "5449016a4bdc2d6f028b456f"
      }
    ]
  ],
  "5eeca635bfed7142cb30f81d": [
    [
      {
        "count": 18131.85,
        "_tpl": "5449016a4bdc2d6f028b456f"
      }
    ]
  ],
  "5eeca635bfed7142cb30f81f": [
    [
      {
        "count": 6105,
        "_tpl": "5449016a4bdc2d6f028b456f"
      }
    ]
  ],
  "5eeca635bfed7142cb30f821": [
    [
      {
        "count": 5550,
        "_tpl": "5449016a4bdc2d6f028b456f"
      }
    ]
  ],
  "5eeca635bfed7142cb30f823": [
    [
      {
        "count": 171507.35,
        "_tpl": "5449016a4bdc2d6f028b456f"
      }
    ]
  ],
  "5eeca635bfed7142cb30f832": [
    [
      {
        "count": 888,
        "_tpl": "5449016a4bdc2d6f028b456f"
      }
    ]
  ],
  "5eeca635bfed7142cb30f834": [
    [
      {
        "count": 871.35,
        "_tpl": "5449016a4bdc2d6f028b456f"
      }
    ]
  ],
  "5eeca635bfed7142cb30f836": [
    [
      {
        "count": 8606.16,
        "_tpl": "5449016a4bdc2d6f028b456f"
      }
    ]
  ],
  "5eeca635bfed7142cb30f83b": [
    [
      {
        "count": 26.64,
        "_tpl": "5449016a4bdc2d6f028b456f"
      }
    ]
  ],
  "5eeca635bfed7142cb30f83d": [
    [
      {
        "count": 8,
        "_tpl": "5d1b376e86f774252519444e"
      },
      {
        "count": 2,
        "_tpl": "5d40407c86f774318526545a"
      }
    ]
  ],
  "5eeca635bfed7142cb30f83f": [
    [
      {
        "count": 94369.98,
        "_tpl": "5449016a4bdc2d6f028b456f"
      }
    ]
  ],
  "5eeca635bfed7142cb30f84e": [
    [
      {
        "count": 2164.5,
        "_tpl": "5449016a4bdc2d6f028b456f"
      }
    ]
  ],
  "5eeca635bfed7142cb30f850": [
    [
      {
        "count": 57402.54,
        "_tpl": "5449016a4bdc2d6f028b456f"
      }
    ]
  ],
  "5eeca635bfed7142cb30f852": [
    [
      {
        "count": 5058.27,
        "_tpl": "5449016a4bdc2d6f028b456f"
      }
    ]
  ],
  "5eeca635bfed7142cb30f854": [
    [
      {
        "count": 51282,
        "_tpl": "5449016a4bdc2d6f028b456f"
      }
    ]
  ],
  "5eeca635bfed7142cb30f856": [
    [
      {
        "count": 2053.5,
        "_tpl": "5449016a4bdc2d6f028b456f"
      }
    ]
  ],
  "5eeca635bfed7142cb30f858": [
    [
      {
        "count": 3,
        "_tpl": "573474f924597738002c6174"
      },
      {
        "count": 1,
        "_tpl": "590de7e986f7741b096e5f32"
      }
    ]
  ]
}