{
	"equipment": {
		"Headwear": 72,
		"Earpiece": 0,
		"FaceCover": 53,
		"ArmorVest": 41,
		"Eyewear": 49,
		"ArmBand": 0,
		"TacticalVest": 100,
		"Backpack": 58,
		"FirstPrimaryWeapon": 99,
		"SecondPrimaryWeapon": 0,
		"Holster": 17,
		"Scabbard": 100
	},
	"mods": {
		"mod_pistol_grip": 98,
		"mod_magazine": 100,
		"mod_reciever": 98,
		"mod_stock": 94,
		"mod_charge": 84,
		"mod_barrel": 98,
		"mod_handguard": 98,
		"mod_mount_001": 67,
		"mod_mount_000": 81,
		"mod_scope": 88,
		"mod_sight_rear": 78,
		"mod_tactical": 88,
		"mod_muzzle": 94,
		"mod_bipod": 100,
		"mod_gas_block": 99,
		"mod_mount": 84,
		"mod_tactical_2": 50,
		"mod_foregrip": 97,
		"mod_tactical_003": 61,
		"mod_tactical_000": 80,
		"mod_tactical_001": 76,
		"mod_tactical_002": 77,
		"mod_tactical001": 0,
		"mod_tactical002": 0,
		"mod_sight_front": 81,
		"mod_launcher": 0,
		"mod_equipment": 58,
		"mod_stock_000": 97,
		"mod_mount_004": 61,
		"mod_mount_003": 93,
		"mod_flashlight": 100,
		"mod_mount_002": 88,
		"mod_pistol_grip_akms": 0,
		"mod_stock_akms": 0,
		"mod_equipment_000": 77,
		"mod_nvg": 0,
		"mod_equipment_001": 0,
		"mod_equipment_002": 0,
		"mod_scope_000": 100,
		"mod_scope_001": 100,
		"mod_scope_002": 0,
		"mod_scope_003": 0,
		"mod_pistolgrip": 0,
		"mod_mount_005": 0,
		"mod_stock_001": 100,
		"mod_mount_006": 0,
		"mod_muzzle_000": 100,
		"mod_muzzle_001": 100,
		"mod_stock_axis": 100,
		"mod_trigger": 0,
		"mod_hammer": 0,
		"mod_catch": 0
	}
}