{"_id":"5c0647fdd443bc2504c2d371","working":true,"customization_seller":false,"name":"Егерь","surname":"Егерь","nickname":"Jaeger","location":"","avatar":"/files/trader/avatar/5c0647fdd443bc2504c2d371.jpg","balance_rub":80000000,"balance_dol":0,"balance_eur":0,"display":false,"discount":15,"discount_end":0,"buyer_up":false,"currency":"RUB","supply_next_time":1576761964,"repair":{"availability":false,"quality":"0.7","excluded_id_list":[],"excluded_category":[],"currency":"5449016a4bdc2d6f028b456f","currency_coefficient":1,"price_rate":0},"insurance":{"availability":false,"min_payment":0,"min_return_hour":24,"max_return_hour":36,"max_storage_time":72,"excluded_category":[]},"gridHeight":120,"loyalty":{"currentLevel":1,"currentStanding":0,"currentSalesSum":0,"loyaltyLevels":{"0":{"minLevel":1,"minSalesSum":0,"minStanding":0},"1":{"minLevel":15,"minSalesSum":1000000,"minStanding":0.2},"2":{"minLevel":22,"minSalesSum":1500000,"minStanding":0.35},"3":{"minLevel":33,"minSalesSum":2300000,"minStanding":0.5}}},"sell_category":["5b5f78e986f77447ed5636b1","5b5f791486f774093f2ed3be","5b5f792486f77447ed5636b3","5b5f794b86f77409407a7f92","5b5f798886f77447ed5636b5","5b5f7a0886f77409407a7f96","5b5f75b986f77447ec5d7710","5b47574386f77428ca22b346","5b47574386f77428ca22b340"]}