{
	"equipment": {
		"Headwear": 74,
		"Earpiece": 0,
		"FaceCover": 52,
		"ArmorVest": 39,
		"Eyewear": 51,
		"ArmBand": 0,
		"TacticalVest": 100,
		"Backpack": 45,
		"FirstPrimaryWeapon": 99,
		"SecondPrimaryWeapon": 0,
		"Holster": 20,
		"Scabbard": 100
	},
	"mods": {
		"mod_pistol_grip": 99,
		"mod_magazine": 100,
		"mod_reciever": 100,
		"mod_stock": 96,
		"mod_charge": 89,
		"mod_barrel": 99,
		"mod_handguard": 99,
		"mod_mount_001": 71,
		"mod_mount_000": 83,
		"mod_scope": 91,
		"mod_sight_rear": 79,
		"mod_tactical": 91,
		"mod_muzzle": 95,
		"mod_bipod": 100,
		"mod_gas_block": 99,
		"mod_mount": 89,
		"mod_tactical_2": 0,
		"mod_foregrip": 98,
		"mod_tactical_003": 87,
		"mod_tactical_000": 76,
		"mod_tactical_001": 89,
		"mod_tactical_002": 88,
		"mod_tactical001": 0,
		"mod_tactical002": 0,
		"mod_sight_front": 75,
		"mod_launcher": 0,
		"mod_equipment": 69,
		"mod_stock_000": 98,
		"mod_mount_004": 70,
		"mod_mount_003": 100,
		"mod_flashlight": 100,
		"mod_mount_002": 73,
		"mod_pistol_grip_akms": 0,
		"mod_stock_akms": 0,
		"mod_equipment_000": 74,
		"mod_nvg": 0,
		"mod_equipment_001": 0,
		"mod_equipment_002": 0,
		"mod_scope_000": 100,
		"mod_scope_001": 75,
		"mod_scope_002": 0,
		"mod_scope_003": 0,
		"mod_pistolgrip": 100,
		"mod_mount_005": 0,
		"mod_stock_001": 100,
		"mod_mount_006": 0,
		"mod_muzzle_000": 100,
		"mod_muzzle_001": 100,
		"mod_stock_axis": 100,
		"mod_trigger": 0,
		"mod_hammer": 0,
		"mod_catch": 0
	}
}