{
  "adrenaline": [
    [
      {
        "count": 30057,
        "_tpl": "5449016a4bdc2d6f028b456f"
      }
    ]
  ],
  "HemostaticTrade": [
    [
      {
        "count": 2776,
        "_tpl": "5449016a4bdc2d6f028b456f"
      }
    ]
  ],
  "TourniquetTrade": [
    [
      {
        "count": 1296,
        "_tpl": "5449016a4bdc2d6f028b456f"
      }
    ]
  ],
  "5eeca648bfed7142cb3105b2": [
    [
      {
        "count": 10126.08,
        "_tpl": "5449016a4bdc2d6f028b456f"
      }
    ]
  ],
  "5eeca648bfed7142cb3105b4": [
    [
      {
        "count": 4,
        "_tpl": "5734758f24597738025ee253"
      }
    ]
  ],
  "5eeca648bfed7142cb3105b6": [
    [
      {
        "count": 6,
        "_tpl": "5d1b3a5d86f774252167ba22"
      }
    ]
  ],
  "5eeca648bfed7142cb3105b8": [
    [
      {
        "count": 1,
        "_tpl": "59e3658a86f7741776641ac4"
      },
      {
        "count": 1,
        "_tpl": "59e3639286f7741777737013"
      },
      {
        "count": 5,
        "_tpl": "573478bc24597738002c6175"
      }
    ]
  ],
  "5eeca648bfed7142cb3105ba": [
    [
      {
        "count": 14502.24,
        "_tpl": "5449016a4bdc2d6f028b456f"
      }
    ]
  ],
  "5eeca648bfed7142cb3105bc": [
    [
      {
        "count": 1,
        "_tpl": "57347b8b24597737dd42e192"
      },
      {
        "count": 1,
        "_tpl": "56742c284bdc2d98058b456d"
      }
    ]
  ],
  "5eeca648bfed7142cb3105be": [
    [
      {
        "count": 533782.55,
        "_tpl": "5449016a4bdc2d6f028b456f"
      }
    ]
  ],
  "5eeca649bfed7142cb3105c0": [
    [
      {
        "count": 60,
        "_tpl": "5734773724597737fd047c14"
      },
      {
        "count": 10,
        "_tpl": "57347d90245977448f7b7f65"
      }
    ]
  ],
  "5eeca649bfed7142cb3105c4": [
    [
      {
        "count": 15278.54,
        "_tpl": "5449016a4bdc2d6f028b456f"
      }
    ]
  ],
  "5eeca649bfed7142cb3105c6": [
    [
      {
        "count": 10,
        "_tpl": "59e361e886f774176c10a2a5"
      },
      {
        "count": 10,
        "_tpl": "59e3606886f77417674759a5"
      },
      {
        "count": 10,
        "_tpl": "5e2af02c86f7746d420957d4"
      }
    ]
  ],
  "5eeca649bfed7142cb3105c8": [
    [
      {
        "count": 10,
        "_tpl": "56742c284bdc2d98058b456d"
      },
      {
        "count": 2,
        "_tpl": "5c13cef886f774072e618e82"
      },
      {
        "count": 2,
        "_tpl": "5d4041f086f7743cac3f22a7"
      }
    ]
  ],
  "5eeca649bfed7142cb3105ca": [
    [
      {
        "count": 21654.22,
        "_tpl": "5449016a4bdc2d6f028b456f"
      }
    ]
  ],
  "5eeca649bfed7142cb3105cc": [
    [
      {
        "count": 2604.42,
        "_tpl": "5449016a4bdc2d6f028b456f"
      }
    ]
  ],
  "5eeca649bfed7142cb3105ce": [
    [
      {
        "count": 4104,
        "_tpl": "5449016a4bdc2d6f028b456f"
      }
    ]
  ],
  "5eeca649bfed7142cb3105d0": [
    [
      {
        "count": 48488.81,
        "_tpl": "5449016a4bdc2d6f028b456f"
      }
    ]
  ],
  "5eeca649bfed7142cb3105d2": [
    [
      {
        "count": 1976.4,
        "_tpl": "5449016a4bdc2d6f028b456f"
      }
    ]
  ],
  "5eeca649bfed7142cb3105d4": [
    [
      {
        "count": 1,
        "_tpl": "59e3577886f774176a362503"
      },
      {
        "count": 1,
        "_tpl": "59e35abd86f7741778269d82"
      }
    ]
  ],
  "5eeca649bfed7142cb3105d6": [
    [
      {
        "count": 2,
        "_tpl": "57347b8b24597737dd42e192"
      }
    ]
  ],
  "5eeca649bfed7142cb3105d8": [
    [
      {
        "count": 435240,
        "_tpl": "5449016a4bdc2d6f028b456f"
      }
    ]
  ],
  "5eeca649bfed7142cb3105da": [
    [
      {
        "count": 15352.68,
        "_tpl": "569668774bdc2da2298b4568"
      }
    ]
  ],
  "5eeca649bfed7142cb3105dc": [
    [
      {
        "count": 5,
        "_tpl": "5734758f24597738025ee253"
      },
      {
        "count": 2,
        "_tpl": "59faf7ca86f7740dbe19f6c2"
      },
      {
        "count": 2,
        "_tpl": "5d235a5986f77443f6329bc6"
      }
    ]
  ],
  "5eeca649bfed7142cb3105de": [
    [
      {
        "count": 17411.76,
        "_tpl": "5449016a4bdc2d6f028b456f"
      }
    ]
  ],
  "5eeca649bfed7142cb3105e0": [
    [
      {
        "count": 20,
        "_tpl": "5af0534a86f7743b6f354284"
      },
      {
        "count": 10,
        "_tpl": "5d1b3a5d86f774252167ba22"
      }
    ]
  ],
  "5eeca649bfed7142cb3105e2": [
    [
      {
        "count": 12065.76,
        "_tpl": "5449016a4bdc2d6f028b456f"
      }
    ]
  ],
  "5eeca649bfed7142cb3105e4": [
    [
      {
        "count": 13736.52,
        "_tpl": "5449016a4bdc2d6f028b456f"
      }
    ]
  ],
  "5eeca649bfed7142cb3105e6": [
    [
      {
        "count": 23286.15,
        "_tpl": "5449016a4bdc2d6f028b456f"
      }
    ]
  ],
  "5eeca649bfed7142cb3105e8": [
    [
      {
        "count": 3510,
        "_tpl": "5449016a4bdc2d6f028b456f"
      }
    ]
  ],
  "5eeca649bfed7142cb3105ea": [
    [
      {
        "count": 6237,
        "_tpl": "5449016a4bdc2d6f028b456f"
      }
    ]
  ],
  "5eeca649bfed7142cb3105ec": [
    [
      {
        "count": 1,
        "_tpl": "5d1b3f2d86f774253763b735"
      }
    ]
  ],
  "5eeca649bfed7142cb3105ee": [
    [
      {
        "count": 2,
        "_tpl": "57347c1124597737fb1379e3"
      }
    ]
  ],
  "5eeca649bfed7142cb3105f0": [
    [
      {
        "count": 1895.4,
        "_tpl": "5449016a4bdc2d6f028b456f"
      }
    ]
  ],
  "5eeca649bfed7142cb3105f2": [
    [
      {
        "count": 13195.44,
        "_tpl": "5449016a4bdc2d6f028b456f"
      }
    ]
  ],
  "5eeca649bfed7142cb3105f4": [
    [
      {
        "count": 22774.5,
        "_tpl": "5449016a4bdc2d6f028b456f"
      }
    ]
  ],
  "5eeca649bfed7142cb3105f6": [
    [
      {
        "count": 21546,
        "_tpl": "5449016a4bdc2d6f028b456f"
      }
    ]
  ],
  "5eeca649bfed7142cb3105f8": [
    [
      {
        "count": 1903111.25,
        "_tpl": "5449016a4bdc2d6f028b456f"
      }
    ]
  ],
  "5eeca649bfed7142cb3105fa": [
    [
      {
        "count": 10,
        "_tpl": "5c052e6986f7746b207bc3c9"
      },
      {
        "count": 10,
        "_tpl": "5c0530ee86f774697952d952"
      },
      {
        "count": 10,
        "_tpl": "5af0548586f7743a532b7e99"
      }
    ]
  ],
  "5eeca649bfed7142cb3105fc": [
    [
      {
        "count": 9882,
        "_tpl": "5449016a4bdc2d6f028b456f"
      }
    ]
  ],
  "5eeca649bfed7142cb3105fe": [
    [
      {
        "count": 189000,
        "_tpl": "5449016a4bdc2d6f028b456f"
      }
    ]
  ],
  "5eeca649bfed7142cb310600": [
    [
      {
        "count": 2,
        "_tpl": "5d1b3f2d86f774253763b735"
      },
      {
        "count": 1,
        "_tpl": "590a3d9c86f774385926e510"
      }
    ]
  ],
  "5eeca649bfed7142cb310602": [
    [
      {
        "count": 27864,
        "_tpl": "5449016a4bdc2d6f028b456f"
      }
    ]
  ],
  "5eeca649bfed7142cb310604": [
    [
      {
        "count": 25369.2,
        "_tpl": "5449016a4bdc2d6f028b456f"
      }
    ]
  ],
  "5eeca649bfed7142cb310606": [
    [
      {
        "count": 7,
        "_tpl": "5b4335ba86f7744d2837a264"
      },
      {
        "count": 7,
        "_tpl": "5d1b3f2d86f774253763b735"
      },
      {
        "count": 2,
        "_tpl": "5755383e24597772cb798966"
      }
    ]
  ],
  "5eeca649bfed7142cb310608": [
    [
      {
        "count": 15444,
        "_tpl": "5449016a4bdc2d6f028b456f"
      }
    ]
  ],
  "5eeca649bfed7142cb31060a": [
    [
      {
        "count": 5,
        "_tpl": "5d1b3a5d86f774252167ba22"
      }
    ]
  ],
  "5eeca649bfed7142cb31060c": [
    [
      {
        "count": 4,
        "_tpl": "56742c284bdc2d98058b456d"
      },
      {
        "count": 4,
        "_tpl": "57347b8b24597737dd42e192"
      }
    ]
  ],
  "5eeca649bfed7142cb31060e": [
    [
      {
        "count": 5,
        "_tpl": "5d40412b86f7743cb332ac3a"
      }
    ]
  ],
  "5eeca649bfed7142cb310610": [
    [
      {
        "count": 1,
        "_tpl": "57347d3d245977448f7b7f61"
      }
    ]
  ],
  "5eeca649bfed7142cb310612": [
    [
      {
        "count": 1,
        "_tpl": "57513fcc24597720a31c09a6"
      }
    ]
  ],
  "5eeca649bfed7142cb310614": [
    [
      {
        "count": 18159.12,
        "_tpl": "5449016a4bdc2d6f028b456f"
      }
    ]
  ],
  "5eeca649bfed7142cb310616": [
    [
      {
        "count": 2,
        "_tpl": "59e3606886f77417674759a5"
      },
      {
        "count": 1,
        "_tpl": "59e361e886f774176c10a2a5"
      }
    ]
  ],
  "5eeca649bfed7142cb310618": [
    [
      {
        "count": 2,
        "_tpl": "5d1b3f2d86f774253763b735"
      }
    ]
  ],
  "5eeca649bfed7142cb31061a": [
    [
      {
        "count": 1,
        "_tpl": "5b4335ba86f7744d2837a264"
      },
      {
        "count": 1,
        "_tpl": "5d1b3a5d86f774252167ba22"
      }
    ]
  ],
  "5eeca649bfed7142cb31061c": [
    [
      {
        "count": 6,
        "_tpl": "5d1b33a686f7742523398398"
      },
      {
        "count": 5,
        "_tpl": "5d1b385e86f774252167b98a"
      }
    ]
  ],
  "5eeca649bfed7142cb31061e": [
    [
      {
        "count": 50,
        "_tpl": "5d1b376e86f774252519444e"
      },
      {
        "count": 35,
        "_tpl": "5d40407c86f774318526545a"
      },
      {
        "count": 30,
        "_tpl": "5d403f9186f7743cac3f229b"
      }
    ]
  ],
  "5eeca649bfed7142cb310620": [
    [
      {
        "count": 1,
        "_tpl": "59e3596386f774176c10a2a2"
      }
    ]
  ],
  "5eeca649bfed7142cb310622": [
    [
      {
        "count": 2,
        "_tpl": "5e2aef7986f7746d3f3c33f5"
      }
    ]
  ],
  "5eeca649bfed7142cb310624": [
    [
      {
        "count": 140,
        "level": 15,
        "side": "Any",
        "_tpl": "59f32c3b86f77472a31742f0"
      }
    ]
  ],
  "5eeca649bfed7142cb310626": [
    [
      {
        "count": 100,
        "level": 10,
        "side": "Any",
        "_tpl": "59f32c3b86f77472a31742f0"
      }
    ]
  ],
  "5eeca649bfed7142cb310628": [
    [
      {
        "count": 20,
        "level": 39,
        "side": "Any",
        "_tpl": "59f32c3b86f77472a31742f0"
      },
      {
        "count": 140,
        "level": 10,
        "side": "Usec",
        "_tpl": "59f32c3b86f77472a31742f0"
      }
    ]
  ],
  "5eeca649bfed7142cb31062a": [
    [
      {
        "count": 10,
        "_tpl": "5e2af02c86f7746d420957d4"
      }
    ]
  ]
}