[
  {
    "_id": "adrenaline",
    "_tpl": "5c10c8fd86f7743d7d706df3",
    "parentId": "hideout",
    "slotId": "hideout",
    "upd": {
      "UnlimitedCount": true,
      "StackObjectsCount": 999999999
    }
  },
  {
    "_id": "HemostaticTrade",
    "_tpl": "5e8488fa988a8701445df1e4",
    "parentId": "hideout",
    "slotId": "hideout",
    "upd": {
      "UnlimitedCount": true,
      "StackObjectsCount": 999999999
    }
  },
  {
    "_id": "TourniquetTrade",
    "_tpl": "5e831507ea0a7c419c2f9bd9",
    "parentId": "hideout",
    "slotId": "hideout",
    "upd": {
      "UnlimitedCount": true,
      "StackObjectsCount": 999999999
    }
  },
  {
    "_id": "5eeca648bfed7142cb3105b2",
    "_tpl": "5a80a29286f7742b25692012",
    "parentId": "hideout",
    "slotId": "hideout",
    "upd": {
      "UnlimitedCount": true,
      "StackObjectsCount": 999999999
    }
  },
  {
    "_id": "5eeca648bfed7142cb3105b4",
    "_tpl": "5780d0532459777a5108b9a2",
    "parentId": "hideout",
    "slotId": "hideout",
    "upd": {
      "UnlimitedCount": true,
      "StackObjectsCount": 999999999
    }
  },
  {
    "_id": "5eeca648bfed7142cb3105b6",
    "_tpl": "567143bf4bdc2d1a0f8b4567",
    "parentId": "hideout",
    "slotId": "hideout",
    "upd": {
      "UnlimitedCount": true,
      "StackObjectsCount": 999999999
    }
  },
  {
    "_id": "5eeca648bfed7142cb3105b8",
    "_tpl": "590c60fc86f77412b13fddcf",
    "parentId": "hideout",
    "slotId": "hideout",
    "upd": {
      "UnlimitedCount": true,
      "StackObjectsCount": 999999999
    }
  },
  {
    "_id": "5eeca648bfed7142cb3105ba",
    "_tpl": "5798a2832459774b53341029",
    "parentId": "hideout",
    "slotId": "hideout",
    "upd": {
      "UnlimitedCount": true,
      "StackObjectsCount": 999999999
    }
  },
  {
    "_id": "5eeca648bfed7142cb3105bc",
    "_tpl": "5673de654bdc2d180f8b456d",
    "parentId": "hideout",
    "slotId": "hideout",
    "upd": {
      "UnlimitedCount": true,
      "StackObjectsCount": 999999999
    }
  },
  {
    "_id": "5eeca648bfed7142cb3105be",
    "_tpl": "5aafbcd986f7745e590fff23",
    "parentId": "hideout",
    "slotId": "hideout",
    "upd": {
      "UnlimitedCount": true,
      "StackObjectsCount": 999999999
    }
  },
  {
    "_id": "5eeca649bfed7142cb3105c0",
    "_tpl": "5ad5d7d286f77450166e0a89",
    "parentId": "hideout",
    "slotId": "hideout",
    "upd": {
      "UnlimitedCount": true,
      "StackObjectsCount": 999999999
    }
  },
  {
    "_id": "5eeca649bfed7142cb3105c4",
    "_tpl": "544fb45d4bdc2dee738b4568",
    "parentId": "hideout",
    "slotId": "hideout",
    "upd": {
      "UnlimitedCount": true,
      "StackObjectsCount": 999999999
    }
  },
  {
    "_id": "5eeca649bfed7142cb3105c6",
    "_tpl": "59fafd4b86f7745ca07e1232",
    "parentId": "hideout",
    "slotId": "hideout",
    "upd": {
      "UnlimitedCount": true,
      "StackObjectsCount": 999999999
    }
  },
  {
    "_id": "5eeca649bfed7142cb3105c8",
    "_tpl": "590c657e86f77412b013051d",
    "parentId": "hideout",
    "slotId": "hideout",
    "upd": {
      "UnlimitedCount": true,
      "StackObjectsCount": 999999999
    }
  },
  {
    "_id": "5eeca649bfed7142cb3105ca",
    "_tpl": "590c678286f77426c9660122",
    "parentId": "hideout",
    "slotId": "hideout",
    "upd": {
      "UnlimitedCount": true,
      "StackObjectsCount": 999999999
    }
  },
  {
    "_id": "5eeca649bfed7142cb3105cc",
    "_tpl": "544fb3364bdc2d34748b456a",
    "parentId": "hideout",
    "slotId": "hideout",
    "upd": {
      "UnlimitedCount": true,
      "StackObjectsCount": 999999999
    }
  },
  {
    "_id": "5eeca649bfed7142cb3105ce",
    "_tpl": "544fb37f4bdc2dee738b4567",
    "parentId": "hideout",
    "slotId": "hideout",
    "upd": {
      "UnlimitedCount": true,
      "StackObjectsCount": 999999999
    }
  },
  {
    "_id": "5eeca649bfed7142cb3105d0",
    "_tpl": "590c657e86f77412b013051d",
    "parentId": "hideout",
    "slotId": "hideout",
    "upd": {
      "UnlimitedCount": true,
      "StackObjectsCount": 999999999
    }
  },
  {
    "_id": "5eeca649bfed7142cb3105d2",
    "_tpl": "5751a25924597722c463c472",
    "parentId": "hideout",
    "slotId": "hideout",
    "upd": {
      "UnlimitedCount": true,
      "StackObjectsCount": 999999999
    }
  },
  {
    "_id": "5eeca649bfed7142cb3105d4",
    "_tpl": "590c678286f77426c9660122",
    "parentId": "hideout",
    "slotId": "hideout",
    "upd": {
      "UnlimitedCount": true,
      "StackObjectsCount": 999999999
    }
  },
  {
    "_id": "5eeca649bfed7142cb3105d6",
    "_tpl": "544fb37f4bdc2dee738b4567",
    "parentId": "hideout",
    "slotId": "hideout",
    "upd": {
      "UnlimitedCount": true,
      "StackObjectsCount": 999999999
    }
  },
  {
    "_id": "5eeca649bfed7142cb3105d8",
    "_tpl": "5c093e3486f77430cb02e593",
    "parentId": "hideout",
    "slotId": "hideout",
    "upd": {
      "UnlimitedCount": true,
      "StackObjectsCount": 999999999
    }
  },
  {
    "_id": "5eeca649bfed7142cb3105da",
    "_tpl": "59fb042886f7746c5005a7b2",
    "parentId": "hideout",
    "slotId": "hideout",
    "upd": {
      "UnlimitedCount": true,
      "StackObjectsCount": 999999999
    }
  },
  {
    "_id": "5eeca649bfed7142cb3105dc",
    "_tpl": "59fb016586f7746d0d4b423a",
    "parentId": "hideout",
    "slotId": "hideout",
    "upd": {
      "UnlimitedCount": true,
      "StackObjectsCount": 999999999
    }
  },
  {
    "_id": "5eeca649bfed7142cb3105de",
    "_tpl": "574eb85c245977648157eec3",
    "parentId": "hideout",
    "slotId": "hideout",
    "upd": {
      "UnlimitedCount": true,
      "StackObjectsCount": 999999999
    }
  },
  {
    "_id": "5eeca649bfed7142cb3105e0",
    "_tpl": "59fb042886f7746c5005a7b2",
    "parentId": "hideout",
    "slotId": "hideout",
    "upd": {
      "UnlimitedCount": true,
      "StackObjectsCount": 999999999
    }
  },
  {
    "_id": "5eeca649bfed7142cb3105e2",
    "_tpl": "5448fee04bdc2dbc018b4567",
    "parentId": "hideout",
    "slotId": "hideout",
    "upd": {
      "UnlimitedCount": true,
      "StackObjectsCount": 999999999
    }
  },
  {
    "_id": "5eeca649bfed7142cb3105e4",
    "_tpl": "5900b89686f7744e704a8747",
    "parentId": "hideout",
    "slotId": "hideout",
    "upd": {
      "UnlimitedCount": true,
      "StackObjectsCount": 999999999
    }
  },
  {
    "_id": "5eeca649bfed7142cb3105e6",
    "_tpl": "590c695186f7741e566b64a2",
    "parentId": "hideout",
    "slotId": "hideout",
    "upd": {
      "UnlimitedCount": true,
      "StackObjectsCount": 999999999
    }
  },
  {
    "_id": "5eeca649bfed7142cb3105e8",
    "_tpl": "5755356824597772cb798962",
    "parentId": "hideout",
    "slotId": "hideout",
    "upd": {
      "UnlimitedCount": true,
      "StackObjectsCount": 999999999
    }
  },
  {
    "_id": "5eeca649bfed7142cb3105ea",
    "_tpl": "590c661e86f7741e566b646a",
    "parentId": "hideout",
    "slotId": "hideout",
    "upd": {
      "UnlimitedCount": true,
      "StackObjectsCount": 999999999
    }
  },
  {
    "_id": "5eeca649bfed7142cb3105ec",
    "_tpl": "590c5d4b86f774784e1b9c45",
    "parentId": "hideout",
    "slotId": "hideout",
    "upd": {
      "UnlimitedCount": true,
      "StackObjectsCount": 999999999
    }
  },
  {
    "_id": "5eeca649bfed7142cb3105ee",
    "_tpl": "590c661e86f7741e566b646a",
    "parentId": "hideout",
    "slotId": "hideout",
    "upd": {
      "UnlimitedCount": true,
      "StackObjectsCount": 999999999
    }
  },
  {
    "_id": "5eeca649bfed7142cb3105f0",
    "_tpl": "544fb25a4bdc2dfb738b4567",
    "parentId": "hideout",
    "slotId": "hideout",
    "upd": {
      "UnlimitedCount": true,
      "StackObjectsCount": 999999999
    }
  },
  {
    "_id": "5eeca649bfed7142cb3105f2",
    "_tpl": "5751487e245977207e26a315",
    "parentId": "hideout",
    "slotId": "hideout",
    "upd": {
      "UnlimitedCount": true,
      "StackObjectsCount": 999999999
    }
  },
  {
    "_id": "5eeca649bfed7142cb3105f4",
    "_tpl": "544fb3f34bdc2d03748b456a",
    "parentId": "hideout",
    "slotId": "hideout",
    "upd": {
      "UnlimitedCount": true,
      "StackObjectsCount": 999999999
    }
  },
  {
    "_id": "5eeca649bfed7142cb3105f6",
    "_tpl": "5a8036fb86f77407252ddc02",
    "parentId": "hideout",
    "slotId": "hideout",
    "upd": {
      "UnlimitedCount": true,
      "StackObjectsCount": 999999999
    }
  },
  {
    "_id": "5eeca649bfed7142cb3105f8",
    "_tpl": "5b7c710788a4506dec015957",
    "parentId": "hideout",
    "slotId": "hideout",
    "upd": {
      "UnlimitedCount": true,
      "StackObjectsCount": 999999999
    }
  },
  {
    "_id": "5eeca649bfed7142cb3105fa",
    "_tpl": "5c0a840b86f7742ffa4f2482",
    "parentId": "hideout",
    "slotId": "hideout",
    "upd": {
      "UnlimitedCount": true,
      "StackObjectsCount": 999999999
    }
  },
  {
    "_id": "5eeca649bfed7142cb3105fc",
    "_tpl": "5be4038986f774527d3fae60",
    "parentId": "hideout",
    "slotId": "hideout",
    "upd": {
      "UnlimitedCount": true,
      "StackObjectsCount": 999999999
    }
  },
  {
    "_id": "5eeca649bfed7142cb3105fe",
    "_tpl": "5c94bbff86f7747ee735c08f",
    "parentId": "hideout",
    "slotId": "hideout",
    "upd": {
      "UnlimitedCount": true,
      "StackObjectsCount": 999999999
    }
  },
  {
    "_id": "5eeca649bfed7142cb310600",
    "_tpl": "5c0e531286f7747fa54205c2",
    "parentId": "hideout",
    "slotId": "hideout",
    "upd": {
      "UnlimitedCount": true,
      "StackObjectsCount": 999999999
    }
  },
  {
    "_id": "5eeca649bfed7142cb310602",
    "_tpl": "5c0e533786f7747fa23f4d47",
    "parentId": "hideout",
    "slotId": "hideout",
    "upd": {
      "UnlimitedCount": true,
      "StackObjectsCount": 999999999
    }
  },
  {
    "_id": "5eeca649bfed7142cb310604",
    "_tpl": "5c0e530286f7747fa1419862",
    "parentId": "hideout",
    "slotId": "hideout",
    "upd": {
      "UnlimitedCount": true,
      "StackObjectsCount": 999999999
    }
  },
  {
    "_id": "5eeca649bfed7142cb310606",
    "_tpl": "5aafbcd986f7745e590fff23",
    "parentId": "hideout",
    "slotId": "hideout",
    "upd": {
      "UnlimitedCount": true,
      "StackObjectsCount": 999999999
    }
  },
  {
    "_id": "5eeca649bfed7142cb310608",
    "_tpl": "5af0454c86f7746bf20992e8",
    "parentId": "hideout",
    "slotId": "hideout",
    "upd": {
      "UnlimitedCount": true,
      "StackObjectsCount": 999999999
    }
  },
  {
    "_id": "5eeca649bfed7142cb31060a",
    "_tpl": "59e3577886f774176a362503",
    "parentId": "hideout",
    "slotId": "hideout",
    "upd": {
      "UnlimitedCount": true,
      "StackObjectsCount": 999999999
    }
  },
  {
    "_id": "5eeca649bfed7142cb31060c",
    "_tpl": "5d1b3a5d86f774252167ba22",
    "parentId": "hideout",
    "slotId": "hideout",
    "upd": {
      "UnlimitedCount": true,
      "StackObjectsCount": 999999999
    }
  },
  {
    "_id": "5eeca649bfed7142cb31060e",
    "_tpl": "5c0e534186f7747fa1419867",
    "parentId": "hideout",
    "slotId": "hideout",
    "upd": {
      "UnlimitedCount": true,
      "StackObjectsCount": 999999999
    }
  },
  {
    "_id": "5eeca649bfed7142cb310610",
    "_tpl": "5751487e245977207e26a315",
    "parentId": "hideout",
    "slotId": "hideout",
    "upd": {
      "UnlimitedCount": true,
      "StackObjectsCount": 999999999
    }
  },
  {
    "_id": "5eeca649bfed7142cb310612",
    "_tpl": "544fb6cc4bdc2d34748b456e",
    "parentId": "hideout",
    "slotId": "hideout",
    "upd": {
      "UnlimitedCount": true,
      "StackObjectsCount": 999999999
    }
  },
  {
    "_id": "5eeca649bfed7142cb310614",
    "_tpl": "5448ff904bdc2d6f028b456e",
    "parentId": "hideout",
    "slotId": "hideout",
    "upd": {
      "UnlimitedCount": true,
      "StackObjectsCount": 999999999
    }
  },
  {
    "_id": "5eeca649bfed7142cb310616",
    "_tpl": "5c0e531d86f7747fa23f4d42",
    "parentId": "hideout",
    "slotId": "hideout",
    "upd": {
      "UnlimitedCount": true,
      "StackObjectsCount": 999999999
    }
  },
  {
    "_id": "5eeca649bfed7142cb310618",
    "_tpl": "5af0454c86f7746bf20992e8",
    "parentId": "hideout",
    "slotId": "hideout",
    "upd": {
      "UnlimitedCount": true,
      "StackObjectsCount": 999999999
    }
  },
  {
    "_id": "5eeca649bfed7142cb31061a",
    "_tpl": "5af0548586f7743a532b7e99",
    "parentId": "hideout",
    "slotId": "hideout",
    "upd": {
      "UnlimitedCount": true,
      "StackObjectsCount": 999999999
    }
  },
  {
    "_id": "5eeca649bfed7142cb31061c",
    "_tpl": "5d80c78786f774403a401e3e",
    "parentId": "hideout",
    "slotId": "hideout",
    "upd": {
      "UnlimitedCount": true,
      "StackObjectsCount": 999999999
    }
  },
  {
    "_id": "5eeca649bfed7142cb31061e",
    "_tpl": "5c0a840b86f7742ffa4f2482",
    "parentId": "hideout",
    "slotId": "hideout",
    "upd": {
      "UnlimitedCount": true,
      "StackObjectsCount": 999999999
    }
  },
  {
    "_id": "5eeca649bfed7142cb310620",
    "_tpl": "544fb45d4bdc2dee738b4568",
    "parentId": "hideout",
    "slotId": "hideout",
    "upd": {
      "UnlimitedCount": true,
      "StackObjectsCount": 999999999
    }
  },
  {
    "_id": "5eeca649bfed7142cb310622",
    "_tpl": "5d02778e86f774203e7dedbe",
    "parentId": "hideout",
    "slotId": "hideout",
    "upd": {
      "UnlimitedCount": true,
      "StackObjectsCount": 999999999
    }
  },
  {
    "_id": "5eeca649bfed7142cb310624",
    "_tpl": "59fb042886f7746c5005a7b2",
    "parentId": "hideout",
    "slotId": "hideout",
    "upd": {
      "UnlimitedCount": true,
      "StackObjectsCount": 999999999
    }
  },
  {
    "_id": "5eeca649bfed7142cb310626",
    "_tpl": "5b7c710788a4506dec015957",
    "parentId": "hideout",
    "slotId": "hideout",
    "upd": {
      "UnlimitedCount": true,
      "StackObjectsCount": 999999999
    }
  },
  {
    "_id": "5eeca649bfed7142cb310628",
    "_tpl": "5c0530ee86f774697952d952",
    "parentId": "hideout",
    "slotId": "hideout",
    "upd": {
      "UnlimitedCount": true,
      "StackObjectsCount": 999999999
    }
  },
  {
    "_id": "5eeca649bfed7142cb31062a",
    "_tpl": "5a0ee37f86f774023657a86f",
    "parentId": "hideout",
    "slotId": "hideout",
    "upd": {
      "UnlimitedCount": true,
      "StackObjectsCount": 999999999
    }
  }
]