{
	"equipment": {
		"Headwear": 91,
		"Earpiece": 37,
		"FaceCover": 63,
		"ArmorVest": 56,
		"Eyewear": 69,
		"ArmBand": 0,
		"TacticalVest": 100,
		"Backpack": 57,
		"FirstPrimaryWeapon": 100,
		"SecondPrimaryWeapon": 0,
		"Holster": 12,
		"Scabbard": 6
	},
	"mods": {
		"mod_pistol_grip": 100,
		"mod_magazine": 100,
		"mod_reciever": 100,
		"mod_stock": 86,
		"mod_charge": 100,
		"mod_barrel": 100,
		"mod_handguard": 100,
		"mod_mount_001": 100,
		"mod_mount_000": 83,
		"mod_scope": 98,
		"mod_sight_rear": 92,
		"mod_tactical": 100,
		"mod_muzzle": 100,
		"mod_bipod": 0,
		"mod_gas_block": 100,
		"mod_mount": 80,
		"mod_tactical_2": 100,
		"mod_foregrip": 97,
		"mod_tactical_003": 0,
		"mod_tactical_000": 100,
		"mod_tactical_001": 94,
		"mod_tactical_002": 0,
		"mod_tactical001": 0,
		"mod_tactical002": 0,
		"mod_sight_front": 100,
		"mod_launcher": 0,
		"mod_equipment": 68,
		"mod_stock_000": 100,
		"mod_mount_004": 0,
		"mod_mount_003": 0,
		"mod_flashlight": 100,
		"mod_mount_002": 100,
		"mod_pistol_grip_akms": 0,
		"mod_stock_akms": 0,
		"mod_equipment_000": 0,
		"mod_nvg": 74,
		"mod_equipment_001": 0,
		"mod_equipment_002": 0,
		"mod_scope_000": 0,
		"mod_scope_001": 0,
		"mod_scope_002": 0,
		"mod_scope_003": 0,
		"mod_pistolgrip": 0,
		"mod_mount_005": 0,
		"mod_stock_001": 0,
		"mod_mount_006": 0,
		"mod_muzzle_000": 0,
		"mod_muzzle_001": 0,
		"mod_stock_axis": 0,
		"mod_trigger": 0,
		"mod_hammer": 0,
		"mod_catch": 0
	}
}