{"_id":"54cb57776803fa99248b456e","working":true,"customization_seller":false,"name":"Эльвира","surname":"Хабибуллина","nickname":"Therapist","location":"","avatar":"/files/trader/avatar/54cb57776803fa99248b456e.jpg","balance_rub":20000000,"balance_dol":0,"balance_eur":0,"display":true,"discount":25,"discount_end":0,"buyer_up":false,"medic":true,"currency":"RUB","supply_next_time":1576761726,"repair":{"availability":false,"quality":"0","excluded_id_list":[],"excluded_category":["5447e1d04bdc2dff2f8b4567"],"currency":"5449016a4bdc2d6f028b456f","currency_coefficient":1,"price_rate":0},"insurance":{"availability":true,"min_payment":0,"min_return_hour":12,"max_return_hour":24,"max_storage_time":72,"excluded_category":[]},"gridHeight":120,"loyalty":{"currentLevel":1,"currentStanding":0,"currentSalesSum":0,"loyaltyLevels":{"0":{"minLevel":0,"minSalesSum":0,"minStanding":0,"heal_price_coef":0},"1":{"minLevel":13,"minSalesSum":400000,"minStanding":0.15,"heal_price_coef":0},"2":{"minLevel":20,"minSalesSum":700000,"minStanding":0.3,"heal_price_coef":0},"3":{"minLevel":32,"minSalesSum":900000,"minStanding":0.6,"heal_price_coef":0}}},"sell_category":["5b47574386f77428ca22b344","5b47574386f77428ca22b2f1","5b47574386f77428ca22b340","5b47574386f77428ca22b2f4","5b47574386f77428ca22b2f3","5b47574386f77428ca22b342","5b47574386f77428ca22b341","5b5f6fa186f77409407a7eb7","5b47574386f77428ca22b343"]}