{
  "RFB_TS": [
    [
      {
        "count": 22,
        "_tpl": "5696686a4bdc2da3298b456a"
      }
    ]
  ],
  "SRD": [
    [
      {
        "count": 441,
        "_tpl": "5696686a4bdc2da3298b456a"
      }
    ]
  ],
  "ds150Stock": [
    [
      {
        "count": 67,
        "_tpl": "5696686a4bdc2da3298b456a"
      }
    ]
  ],
  "5d34df2788a4504526796d5e": [
    [
      {
        "count": 454,
        "_tpl": "5696686a4bdc2da3298b456a"
      }
    ]
  ],
  "5d34df2788a4504526796d5f": [
    [
      {
        "count": 851,
        "_tpl": "5696686a4bdc2da3298b456a"
      }
    ]
  ],
  "5d34df2788a4504526796d60": [
    [
      {
        "count": 23,
        "_tpl": "5696686a4bdc2da3298b456a"
      }
    ]
  ],
  "5d34df2788a4504526796b8f": [
    [
      {
        "count": 1175,
        "_tpl": "5696686a4bdc2da3298b456a"
      }
    ]
  ],
  "5d34df2788a4504526796c13": [
    [
      {
        "count": 10,
        "_tpl": "5696686a4bdc2da3298b456a"
      }
    ]
  ],
  "5d34df2788a4504526796bef": [
    [
      {
        "count": 1,
        "_tpl": "590c595c86f7747884343ad7"
      }
    ]
  ],
  "5d34df2788a4504526796c26": [
    [
      {
        "count": 452,
        "_tpl": "5696686a4bdc2da3298b456a"
      }
    ]
  ],
  "45ACP_HYDRA": [
    [
      {
        "count": 1,
        "_tpl": "5696686a4bdc2da3298b456a"
      }
    ]
  ],
  "45ACPAP": [
    [
      {
        "count": 1,
        "_tpl": "5696686a4bdc2da3298b456a"
      }
    ]
  ],
  "Ump45Mag": [
    [
      {
        "count": 23,
        "_tpl": "5696686a4bdc2da3298b456a"
      }
    ]
  ],
  "308FMJ": [
    [
      {
        "count": 24,
        "_tpl": "5696686a4bdc2da3298b456a"
      }
    ]
  ],
  "300BlackoutAP": [
    [
      {
        "count": 3,
        "_tpl": "5696686a4bdc2da3298b456a"
      }
    ]
  ],
  "5fd2517dbdd50d684f73a47c": [
    [
      {
        "count": 400,
        "_tpl": "5696686a4bdc2da3298b456a"
      }
    ]
  ],
  "40x46M381": [
    [
      {
        "count": 71,
        "_tpl": "5696686a4bdc2da3298b456a"
      }
    ]
  ],
  "40x46M386": [
    [
      {
        "count": 85,
        "_tpl": "5696686a4bdc2da3298b456a"
      }
    ]
  ],
  "EGLMMainWeapon": [
    [
      {
        "count": 1,
        "_tpl": "5c05300686f7746dce784e5d"
      },
      {
        "count": 5,
        "_tpl": "5d0376a486f7747d8050965c"
      },
      {
        "count": 5,
        "_tpl": "5d0375ff86f774186372f685"
      }
    ]
  ],
  "RFBMount": [
    [
      {
        "count": 24,
        "_tpl": "5696686a4bdc2da3298b456a"
      }
    ]
  ],
  "PRS2FalStock": [
    [
      {
        "count": 146,
        "_tpl": "5696686a4bdc2da3298b456a"
      }
    ]
  ],
  "45ACPLaserMatch": [
    [
      {
        "count": 1,
        "_tpl": "5696686a4bdc2da3298b456a"
      }
    ]
  ],
  "9x19QuakeMaker": [
    [
      {
        "count": 2,
        "_tpl": "5696686a4bdc2da3298b456a"
      }
    ]
  ],
  "5f676b779ab5ec19f028eaf5": [
    [
      {
        "count": 545,
        "_tpl": "5696686a4bdc2da3298b456a"
      }
    ]
  ],
  "5f004be41b27f811e5317a27": [
    [
      {
        "count": 27.81,
        "_tpl": "5696686a4bdc2da3298b456a"
      }
    ]
  ],
  "5f004be41b27f811e5317a34": [
    [
      {
        "count": 182.19,
        "_tpl": "5696686a4bdc2da3298b456a"
      }
    ]
  ],
  "5f004be41b27f811e5317a36": [
    [
      {
        "count": 36.18,
        "_tpl": "5696686a4bdc2da3298b456a"
      }
    ]
  ],
  "5f004be51b27f811e5317a38": [
    [
      {
        "count": 77.18,
        "_tpl": "5696686a4bdc2da3298b456a"
      }
    ]
  ],
  "5f004be51b27f811e5317a3a": [
    [
      {
        "count": 173.03,
        "_tpl": "5696686a4bdc2da3298b456a"
      }
    ]
  ],
  "5f004be51b27f811e5317a3c": [
    [
      {
        "count": 328.48,
        "_tpl": "5696686a4bdc2da3298b456a"
      }
    ]
  ],
  "5f004be51b27f811e5317a3e": [
    [
      {
        "count": 27.67,
        "_tpl": "5696686a4bdc2da3298b456a"
      }
    ]
  ],
  "5f004be51b27f811e5317a40": [
    [
      {
        "count": 17.73,
        "_tpl": "5696686a4bdc2da3298b456a"
      }
    ]
  ],
  "5f004be51b27f811e5317a42": [
    [
      {
        "count": 378.33,
        "_tpl": "5696686a4bdc2da3298b456a"
      }
    ]
  ],
  "5f004be51b27f811e5317a51": [
    [
      {
        "count": 101.38,
        "_tpl": "5696686a4bdc2da3298b456a"
      }
    ]
  ],
  "5f004be51b27f811e5317a53": [
    [
      {
        "count": 45.54,
        "_tpl": "5696686a4bdc2da3298b456a"
      }
    ]
  ],
  "5f004be51b27f811e5317a55": [
    [
      {
        "count": 3,
        "_tpl": "5d235b4d86f7742e017bc88a"
      }
    ]
  ],
  "5f004be61b27f811e5317a64": [
    [
      {
        "count": 35.76,
        "_tpl": "5696686a4bdc2da3298b456a"
      }
    ]
  ],
  "5f004be61b27f811e5317a66": [
    [
      {
        "count": 307.46,
        "_tpl": "5696686a4bdc2da3298b456a"
      }
    ]
  ],
  "5f004be61b27f811e5317a68": [
    [
      {
        "count": 254.53,
        "_tpl": "5696686a4bdc2da3298b456a"
      }
    ]
  ],
  "5f004be61b27f811e5317a6a": [
    [
      {
        "count": 142.25,
        "_tpl": "5696686a4bdc2da3298b456a"
      }
    ]
  ],
  "5f004be61b27f811e5317a6c": [
    [
      {
        "count": 182.37,
        "_tpl": "5696686a4bdc2da3298b456a"
      }
    ]
  ],
  "5f004be61b27f811e5317a6e": [
    [
      {
        "count": 130.78,
        "_tpl": "5696686a4bdc2da3298b456a"
      }
    ]
  ],
  "5f004be61b27f811e5317a70": [
    [
      {
        "count": 1248.18,
        "_tpl": "5696686a4bdc2da3298b456a"
      }
    ]
  ],
  "5f004be61b27f811e5317a72": [
    [
      {
        "count": 26.67,
        "_tpl": "5696686a4bdc2da3298b456a"
      }
    ]
  ],
  "5f004be61b27f811e5317a74": [
    [
      {
        "count": 17.17,
        "_tpl": "5696686a4bdc2da3298b456a"
      }
    ]
  ],
  "5f004be61b27f811e5317a76": [
    [
      {
        "count": 2,
        "_tpl": "56742c2e4bdc2d95058b456d"
      }
    ]
  ],
  "5f004be61b27f811e5317a78": [
    [
      {
        "count": 38.37,
        "_tpl": "5696686a4bdc2da3298b456a"
      }
    ]
  ],
  "5f004be71b27f811e5317a7a": [
    [
      {
        "count": 4,
        "_tpl": "57e26ea924597715ca604a09"
      }
    ]
  ],
  "5f004be71b27f811e5317a82": [
    [
      {
        "count": 34.5,
        "_tpl": "5696686a4bdc2da3298b456a"
      }
    ]
  ],
  "5f004be71b27f811e5317a84": [
    [
      {
        "count": 42.88,
        "_tpl": "5696686a4bdc2da3298b456a"
      }
    ]
  ],
  "5f004be71b27f811e5317a86": [
    [
      {
        "count": 42.88,
        "_tpl": "5696686a4bdc2da3298b456a"
      }
    ]
  ],
  "5f004be71b27f811e5317a88": [
    [
      {
        "count": 131.04,
        "_tpl": "5696686a4bdc2da3298b456a"
      }
    ]
  ],
  "5f004be71b27f811e5317a8a": [
    [
      {
        "count": 26.49,
        "_tpl": "5696686a4bdc2da3298b456a"
      }
    ]
  ],
  "5f004be81b27f811e5317a8c": [
    [
      {
        "count": 1.77,
        "_tpl": "5696686a4bdc2da3298b456a"
      }
    ]
  ],
  "5f004be81b27f811e5317a8e": [
    [
      {
        "count": 820.61,
        "_tpl": "5696686a4bdc2da3298b456a"
      }
    ]
  ],
  "5f004be81b27f811e5317a9b": [
    [
      {
        "count": 263.62,
        "_tpl": "5696686a4bdc2da3298b456a"
      }
    ]
  ],
  "5f004be81b27f811e5317a9d": [
    [
      {
        "count": 487.93,
        "_tpl": "5696686a4bdc2da3298b456a"
      }
    ]
  ],
  "5f004be81b27f811e5317a9f": [
    [
      {
        "count": 21.28,
        "_tpl": "5696686a4bdc2da3298b456a"
      }
    ]
  ],
  "5f004be81b27f811e5317aa1": [
    [
      {
        "count": 1.52,
        "_tpl": "5696686a4bdc2da3298b456a"
      }
    ]
  ],
  "5f004be91b27f811e5317aa3": [
    [
      {
        "count": 31.69,
        "_tpl": "5696686a4bdc2da3298b456a"
      }
    ]
  ],
  "5f004be91b27f811e5317aa5": [
    [
      {
        "count": 61.92,
        "_tpl": "5696686a4bdc2da3298b456a"
      }
    ]
  ],
  "5f004be91b27f811e5317aa7": [
    [
      {
        "count": 28.65,
        "_tpl": "5696686a4bdc2da3298b456a"
      }
    ]
  ],
  "5f004be91b27f811e5317aa9": [
    [
      {
        "count": 190.45,
        "_tpl": "5696686a4bdc2da3298b456a"
      }
    ]
  ],
  "5f004be91b27f811e5317aab": [
    [
      {
        "count": 74.68,
        "_tpl": "5696686a4bdc2da3298b456a"
      }
    ]
  ],
  "5f004bea1b27f811e5317aad": [
    [
      {
        "count": 54.29,
        "_tpl": "5696686a4bdc2da3298b456a"
      }
    ]
  ],
  "5f004bea1b27f811e5317aaf": [
    [
      {
        "count": 14.89,
        "_tpl": "5696686a4bdc2da3298b456a"
      }
    ]
  ],
  "5f004bea1b27f811e5317ab1": [
    [
      {
        "count": 27.79,
        "_tpl": "5696686a4bdc2da3298b456a"
      }
    ]
  ],
  "5f004bea1b27f811e5317ab3": [
    [
      {
        "count": 76.09,
        "_tpl": "5696686a4bdc2da3298b456a"
      }
    ]
  ],
  "5f004bea1b27f811e5317ab5": [
    [
      {
        "count": 20.84,
        "_tpl": "5696686a4bdc2da3298b456a"
      }
    ]
  ],
  "5f004beb1b27f811e5317ab7": [
    [
      {
        "count": 64.59,
        "_tpl": "5696686a4bdc2da3298b456a"
      }
    ]
  ],
  "5f004beb1b27f811e5317ab9": [
    [
      {
        "count": 1269.99,
        "_tpl": "5696686a4bdc2da3298b456a"
      }
    ]
  ],
  "5f004beb1b27f811e5317abb": [
    [
      {
        "count": 1,
        "_tpl": "590a386e86f77429692b27ab"
      }
    ]
  ],
  "5f004beb1b27f811e5317abd": [
    [
      {
        "count": 0.53,
        "_tpl": "5696686a4bdc2da3298b456a"
      }
    ]
  ],
  "5f004beb1b27f811e5317abf": [
    [
      {
        "count": 75.52,
        "_tpl": "5696686a4bdc2da3298b456a"
      }
    ]
  ],
  "5f004bec1b27f811e5317ac1": [
    [
      {
        "count": 40.67,
        "_tpl": "5696686a4bdc2da3298b456a"
      }
    ]
  ],
  "5f004bec1b27f811e5317ac3": [
    [
      {
        "count": 1.7,
        "_tpl": "5696686a4bdc2da3298b456a"
      }
    ]
  ],
  "5f004bec1b27f811e5317ac5": [
    [
      {
        "count": 159.66,
        "_tpl": "5696686a4bdc2da3298b456a"
      }
    ]
  ],
  "5f004bec1b27f811e5317ac7": [
    [
      {
        "count": 38.91,
        "_tpl": "5696686a4bdc2da3298b456a"
      }
    ]
  ],
  "5f004bec1b27f811e5317ac9": [
    [
      {
        "count": 1589.13,
        "_tpl": "5696686a4bdc2da3298b456a"
      }
    ]
  ],
  "5f004bed1b27f811e5317acb": [
    [
      {
        "count": 139.53,
        "_tpl": "5696686a4bdc2da3298b456a"
      }
    ]
  ],
  "5f004bed1b27f811e5317acd": [
    [
      {
        "count": 60.89,
        "_tpl": "5696686a4bdc2da3298b456a"
      }
    ]
  ],
  "5f004bed1b27f811e5317acf": [
    [
      {
        "count": 19.17,
        "_tpl": "5696686a4bdc2da3298b456a"
      }
    ]
  ],
  "5f004bed1b27f811e5317ad1": [
    [
      {
        "count": 3,
        "_tpl": "5d03775b86f774203e7e0c4b"
      },
      {
        "count": 5,
        "_tpl": "5d0376a486f7747d8050965c"
      },
      {
        "count": 1,
        "_tpl": "5c0530ee86f774697952d952"
      }
    ]
  ],
  "5f004bed1b27f811e5317ad3": [
    [
      {
        "count": 234.12,
        "_tpl": "5696686a4bdc2da3298b456a"
      }
    ]
  ],
  "5f004bed1b27f811e5317ad5": [
    [
      {
        "count": 0.59,
        "_tpl": "5696686a4bdc2da3298b456a"
      }
    ]
  ],
  "5f004bed1b27f811e5317ad7": [
    [
      {
        "count": 114.47,
        "_tpl": "5696686a4bdc2da3298b456a"
      }
    ]
  ],
  "5f004bee1b27f811e5317ad9": [
    [
      {
        "count": 31.16,
        "_tpl": "5696686a4bdc2da3298b456a"
      }
    ]
  ],
  "5f004bee1b27f811e5317adb": [
    [
      {
        "count": 8,
        "_tpl": "57e26fc7245977162a14b800"
      }
    ]
  ],
  "5f004bee1b27f811e5317ae5": [
    [
      {
        "count": 41.54,
        "_tpl": "5696686a4bdc2da3298b456a"
      }
    ]
  ],
  "5f004bee1b27f811e5317ae7": [
    [
      {
        "count": 223.72,
        "_tpl": "5696686a4bdc2da3298b456a"
      }
    ]
  ],
  "5f004bee1b27f811e5317ae9": [
    [
      {
        "count": 77.16,
        "_tpl": "5696686a4bdc2da3298b456a"
      }
    ]
  ],
  "5f004bee1b27f811e5317aeb": [
    [
      {
        "count": 45.32,
        "_tpl": "5696686a4bdc2da3298b456a"
      }
    ]
  ],
  "5f004bef1b27f811e5317aed": [
    [
      {
        "count": 58.91,
        "_tpl": "5696686a4bdc2da3298b456a"
      }
    ]
  ],
  "5f004bef1b27f811e5317aef": [
    [
      {
        "count": 31.05,
        "_tpl": "5696686a4bdc2da3298b456a"
      }
    ]
  ],
  "5f004bef1b27f811e5317af1": [
    [
      {
        "count": 211.7,
        "_tpl": "5696686a4bdc2da3298b456a"
      }
    ]
  ],
  "5f004bef1b27f811e5317af3": [
    [
      {
        "count": 111.48,
        "_tpl": "5696686a4bdc2da3298b456a"
      }
    ]
  ],
  "5f004bef1b27f811e5317af5": [
    [
      {
        "count": 84.71,
        "_tpl": "5696686a4bdc2da3298b456a"
      }
    ]
  ],
  "5f004bf01b27f811e5317af9": [
    [
      {
        "count": 64.04,
        "_tpl": "5696686a4bdc2da3298b456a"
      }
    ]
  ],
  "5f004bf01b27f811e5317afb": [
    [
      {
        "count": 51.97,
        "_tpl": "5696686a4bdc2da3298b456a"
      }
    ]
  ],
  "5f004bf01b27f811e5317afd": [
    [
      {
        "count": 109.04,
        "_tpl": "5696686a4bdc2da3298b456a"
      }
    ]
  ],
  "5f004bf01b27f811e5317aff": [
    [
      {
        "count": 190.48,
        "_tpl": "5696686a4bdc2da3298b456a"
      }
    ]
  ],
  "5f004bf11b27f811e5317b01": [
    [
      {
        "count": 311.42,
        "_tpl": "5696686a4bdc2da3298b456a"
      }
    ]
  ],
  "5f004bf11b27f811e5317b03": [
    [
      {
        "count": 154.53,
        "_tpl": "5696686a4bdc2da3298b456a"
      }
    ]
  ],
  "5f004bf11b27f811e5317b05": [
    [
      {
        "count": 34.57,
        "_tpl": "5696686a4bdc2da3298b456a"
      }
    ]
  ],
  "5f004bf11b27f811e5317b07": [
    [
      {
        "count": 12.79,
        "_tpl": "5696686a4bdc2da3298b456a"
      }
    ]
  ],
  "5f004bf11b27f811e5317b09": [
    [
      {
        "count": 213.37,
        "_tpl": "5696686a4bdc2da3298b456a"
      }
    ]
  ],
  "5f004bf11b27f811e5317b0b": [
    [
      {
        "count": 66.84,
        "_tpl": "5696686a4bdc2da3298b456a"
      }
    ]
  ],
  "5f004bf21b27f811e5317b0d": [
    [
      {
        "count": 381.44,
        "_tpl": "5696686a4bdc2da3298b456a"
      }
    ]
  ],
  "5f004bf21b27f811e5317b0f": [
    [
      {
        "count": 182.02,
        "_tpl": "5696686a4bdc2da3298b456a"
      }
    ]
  ],
  "5f004bf21b27f811e5317b11": [
    [
      {
        "count": 8,
        "_tpl": "5909e99886f7740c983b9984"
      }
    ]
  ],
  "5f004bf21b27f811e5317b1c": [
    [
      {
        "count": 63.21,
        "_tpl": "5696686a4bdc2da3298b456a"
      }
    ]
  ],
  "5f004bf21b27f811e5317b1e": [
    [
      {
        "count": 314.13,
        "_tpl": "5696686a4bdc2da3298b456a"
      }
    ]
  ],
  "5f004bf31b27f811e5317b20": [
    [
      {
        "count": 35.26,
        "_tpl": "5696686a4bdc2da3298b456a"
      }
    ]
  ],
  "5f004bf31b27f811e5317b22": [
    [
      {
        "count": 20.01,
        "_tpl": "5696686a4bdc2da3298b456a"
      }
    ]
  ],
  "5f004bf31b27f811e5317b24": [
    [
      {
        "count": 307.46,
        "_tpl": "5696686a4bdc2da3298b456a"
      }
    ]
  ],
  "5f004bf31b27f811e5317b2e": [
    [
      {
        "count": 62.21,
        "_tpl": "5696686a4bdc2da3298b456a"
      }
    ]
  ],
  "5f004bf31b27f811e5317b30": [
    [
      {
        "count": 407.19,
        "_tpl": "5696686a4bdc2da3298b456a"
      }
    ]
  ],
  "5f004bf41b27f811e5317b32": [
    [
      {
        "count": 23.36,
        "_tpl": "5696686a4bdc2da3298b456a"
      }
    ]
  ],
  "5f004bf41b27f811e5317b34": [
    [
      {
        "count": 95.2,
        "_tpl": "5696686a4bdc2da3298b456a"
      }
    ]
  ],
  "5f004bf41b27f811e5317b36": [
    [
      {
        "count": 3.98,
        "_tpl": "5696686a4bdc2da3298b456a"
      }
    ]
  ],
  "5f004bf41b27f811e5317b38": [
    [
      {
        "count": 41.64,
        "_tpl": "5696686a4bdc2da3298b456a"
      }
    ]
  ],
  "5f004bf41b27f811e5317b3a": [
    [
      {
        "count": 132.32,
        "_tpl": "5696686a4bdc2da3298b456a"
      }
    ]
  ],
  "5f004bf51b27f811e5317b3c": [
    [
      {
        "count": 33.88,
        "_tpl": "5696686a4bdc2da3298b456a"
      }
    ]
  ],
  "5f004bf51b27f811e5317b3e": [
    [
      {
        "count": 455.85,
        "_tpl": "5696686a4bdc2da3298b456a"
      }
    ]
  ],
  "5f004bf51b27f811e5317b40": [
    [
      {
        "count": 203.37,
        "_tpl": "5696686a4bdc2da3298b456a"
      }
    ]
  ],
  "5f004bf51b27f811e5317b42": [
    [
      {
        "count": 203.89,
        "_tpl": "5696686a4bdc2da3298b456a"
      }
    ]
  ],
  "5f004bf51b27f811e5317b44": [
    [
      {
        "count": 849.5,
        "_tpl": "5696686a4bdc2da3298b456a"
      }
    ]
  ],
  "5f004bf61b27f811e5317b4e": [
    [
      {
        "count": 4,
        "_tpl": "5672cb304bdc2dc2088b456a"
      }
    ]
  ],
  "5f004bf61b27f811e5317b50": [
    [
      {
        "count": 52.41,
        "_tpl": "5696686a4bdc2da3298b456a"
      }
    ]
  ],
  "5f004bf61b27f811e5317b52": [
    [
      {
        "count": 11.2,
        "_tpl": "5696686a4bdc2da3298b456a"
      }
    ]
  ],
  "5f004bf61b27f811e5317b54": [
    [
      {
        "count": 15.08,
        "_tpl": "5696686a4bdc2da3298b456a"
      }
    ]
  ],
  "5f004bf61b27f811e5317b56": [
    [
      {
        "count": 51.88,
        "_tpl": "5696686a4bdc2da3298b456a"
      }
    ]
  ],
  "5f004bf71b27f811e5317b58": [
    [
      {
        "count": 23.69,
        "_tpl": "5696686a4bdc2da3298b456a"
      }
    ]
  ],
  "5f004bf71b27f811e5317b5a": [
    [
      {
        "count": 372.97,
        "_tpl": "5696686a4bdc2da3298b456a"
      }
    ]
  ],
  "5f004bf71b27f811e5317b5c": [
    [
      {
        "count": 253.84,
        "_tpl": "5696686a4bdc2da3298b456a"
      }
    ]
  ],
  "5f004bf71b27f811e5317b5e": [
    [
      {
        "count": 342.74,
        "_tpl": "5696686a4bdc2da3298b456a"
      }
    ]
  ],
  "5f004bf71b27f811e5317b60": [
    [
      {
        "count": 502.61,
        "_tpl": "5696686a4bdc2da3298b456a"
      }
    ]
  ],
  "5f004bf81b27f811e5317b67": [
    [
      {
        "count": 3,
        "_tpl": "590a386e86f77429692b27ab"
      },
      {
        "count": 2,
        "_tpl": "57347baf24597738002c6178"
      }
    ]
  ],
  "5f004bf81b27f811e5317b71": [
    [
      {
        "count": 712.83,
        "_tpl": "5696686a4bdc2da3298b456a"
      }
    ]
  ],
  "5f004bf81b27f811e5317b73": [
    [
      {
        "count": 41.89,
        "_tpl": "5696686a4bdc2da3298b456a"
      }
    ]
  ],
  "5f004bf81b27f811e5317b75": [
    [
      {
        "count": 26.92,
        "_tpl": "5696686a4bdc2da3298b456a"
      }
    ]
  ],
  "5f004bf91b27f811e5317b77": [
    [
      {
        "count": 15.71,
        "_tpl": "5696686a4bdc2da3298b456a"
      }
    ]
  ],
  "5f004bf91b27f811e5317b79": [
    [
      {
        "count": 408.85,
        "_tpl": "5696686a4bdc2da3298b456a"
      }
    ]
  ],
  "5f004bf91b27f811e5317b7b": [
    [
      {
        "count": 1.22,
        "_tpl": "5696686a4bdc2da3298b456a"
      }
    ]
  ],
  "5f004bf91b27f811e5317b7d": [
    [
      {
        "count": 20.99,
        "_tpl": "5696686a4bdc2da3298b456a"
      }
    ]
  ],
  "5f004bf91b27f811e5317b7f": [
    [
      {
        "count": 153.37,
        "_tpl": "5696686a4bdc2da3298b456a"
      }
    ]
  ],
  "5f004bfa1b27f811e5317b81": [
    [
      {
        "count": 55.29,
        "_tpl": "5696686a4bdc2da3298b456a"
      }
    ]
  ],
  "5f004bfa1b27f811e5317b83": [
    [
      {
        "count": 49.14,
        "_tpl": "5696686a4bdc2da3298b456a"
      }
    ]
  ],
  "5f004bfa1b27f811e5317b85": [
    [
      {
        "count": 85.27,
        "_tpl": "5696686a4bdc2da3298b456a"
      }
    ]
  ],
  "5f004bfa1b27f811e5317b87": [
    [
      {
        "count": 19.76,
        "_tpl": "5696686a4bdc2da3298b456a"
      }
    ]
  ],
  "5f004bfa1b27f811e5317b89": [
    [
      {
        "count": 26.36,
        "_tpl": "5696686a4bdc2da3298b456a"
      }
    ]
  ],
  "5f004bfb1b27f811e5317b8b": [
    [
      {
        "count": 58.87,
        "_tpl": "5696686a4bdc2da3298b456a"
      }
    ]
  ],
  "5f004bfb1b27f811e5317b8d": [
    [
      {
        "count": 50.11,
        "_tpl": "5696686a4bdc2da3298b456a"
      }
    ]
  ],
  "5f004bfb1b27f811e5317b8f": [
    [
      {
        "count": 105.97,
        "_tpl": "5696686a4bdc2da3298b456a"
      }
    ]
  ],
  "5f004bfb1b27f811e5317b91": [
    [
      {
        "count": 28.98,
        "_tpl": "5696686a4bdc2da3298b456a"
      }
    ]
  ],
  "5f004bfc1b27f811e5317b93": [
    [
      {
        "count": 36.39,
        "_tpl": "5696686a4bdc2da3298b456a"
      }
    ]
  ],
  "5f004bfc1b27f811e5317b95": [
    [
      {
        "count": 11.88,
        "_tpl": "5696686a4bdc2da3298b456a"
      }
    ]
  ],
  "5f004bfc1b27f811e5317b97": [
    [
      {
        "count": 25.33,
        "_tpl": "5696686a4bdc2da3298b456a"
      }
    ]
  ],
  "5f004bfd1b27f811e5317b9b": [
    [
      {
        "count": 24.78,
        "_tpl": "5696686a4bdc2da3298b456a"
      }
    ]
  ],
  "5f004bfd1b27f811e5317b9d": [
    [
      {
        "count": 203.03,
        "_tpl": "5696686a4bdc2da3298b456a"
      }
    ]
  ],
  "5f004bfd1b27f811e5317b9f": [
    [
      {
        "count": 40.68,
        "_tpl": "5696686a4bdc2da3298b456a"
      }
    ]
  ],
  "5f004bfd1b27f811e5317ba1": [
    [
      {
        "count": 35.26,
        "_tpl": "5696686a4bdc2da3298b456a"
      }
    ]
  ],
  "5f004bfe1b27f811e5317ba3": [
    [
      {
        "count": 8.65,
        "_tpl": "5696686a4bdc2da3298b456a"
      }
    ]
  ],
  "5f004bfe1b27f811e5317ba5": [
    [
      {
        "count": 507.24,
        "_tpl": "5696686a4bdc2da3298b456a"
      }
    ]
  ],
  "5f004bfe1b27f811e5317bb5": [
    [
      {
        "count": 26.73,
        "_tpl": "5696686a4bdc2da3298b456a"
      }
    ]
  ],
  "5f004bfe1b27f811e5317bb7": [
    [
      {
        "count": 45.15,
        "_tpl": "5696686a4bdc2da3298b456a"
      }
    ]
  ],
  "5f004bff1b27f811e5317bb9": [
    [
      {
        "count": 949.07,
        "_tpl": "5696686a4bdc2da3298b456a"
      }
    ]
  ],
  "5f004bff1b27f811e5317bbb": [
    [
      {
        "count": 2.1,
        "_tpl": "5696686a4bdc2da3298b456a"
      }
    ]
  ],
  "5f004bff1b27f811e5317bbd": [
    [
      {
        "count": 15.18,
        "_tpl": "5696686a4bdc2da3298b456a"
      }
    ]
  ],
  "5f004bff1b27f811e5317bbf": [
    [
      {
        "count": 3,
        "_tpl": "573477e124597737dd42e191"
      },
      {
        "count": 3,
        "_tpl": "5734779624597737e04bf329"
      }
    ]
  ],
  "5f004bff1b27f811e5317bcc": [
    [
      {
        "count": 154.35,
        "_tpl": "5696686a4bdc2da3298b456a"
      }
    ]
  ],
  "5f004c001b27f811e5317bce": [
    [
      {
        "count": 7,
        "level": 8,
        "side": "Any",
        "_tpl": "59f32c3b86f77472a31742f0"
      }
    ]
  ],
  "5f004c001b27f811e5317bdd": [
    [
      {
        "count": 19.97,
        "_tpl": "5696686a4bdc2da3298b456a"
      }
    ]
  ],
  "5f004c001b27f811e5317bdf": [
    [
      {
        "count": 119.88,
        "_tpl": "5696686a4bdc2da3298b456a"
      }
    ]
  ],
  "5f004c001b27f811e5317be1": [
    [
      {
        "count": 27.47,
        "_tpl": "5696686a4bdc2da3298b456a"
      }
    ]
  ],
  "5f004c001b27f811e5317be3": [
    [
      {
        "count": 15.72,
        "_tpl": "5696686a4bdc2da3298b456a"
      }
    ]
  ],
  "5f004c001b27f811e5317be5": [
    [
      {
        "count": 15.49,
        "_tpl": "5696686a4bdc2da3298b456a"
      }
    ]
  ],
  "5f004c011b27f811e5317be7": [
    [
      {
        "count": 1.29,
        "_tpl": "5696686a4bdc2da3298b456a"
      }
    ]
  ],
  "5f004c011b27f811e5317be9": [
    [
      {
        "count": 23.39,
        "_tpl": "5696686a4bdc2da3298b456a"
      }
    ]
  ],
  "5f004c011b27f811e5317beb": [
    [
      {
        "count": 632.08,
        "_tpl": "5696686a4bdc2da3298b456a"
      }
    ]
  ],
  "5f004c011b27f811e5317bf4": [
    [
      {
        "count": 3,
        "_tpl": "5d403f9186f7743cac3f229b"
      }
    ]
  ],
  "5f004c011b27f811e5317c0b": [
    [
      {
        "count": 117.9,
        "_tpl": "5449016a4bdc2d6f028b456f"
      }
    ]
  ],
  "5f004c021b27f811e5317c0f": [
    [
      {
        "count": 175.73,
        "_tpl": "5696686a4bdc2da3298b456a"
      }
    ]
  ],
  "5f004c021b27f811e5317c11": [
    [
      {
        "count": 130.47,
        "_tpl": "5696686a4bdc2da3298b456a"
      }
    ]
  ],
  "5f004c021b27f811e5317c19": [
    [
      {
        "count": 500.87,
        "_tpl": "5696686a4bdc2da3298b456a"
      }
    ]
  ],
  "5f004c021b27f811e5317c23": [
    [
      {
        "count": 72.49,
        "_tpl": "5696686a4bdc2da3298b456a"
      }
    ]
  ],
  "5f004c031b27f811e5317c25": [
    [
      {
        "count": 38.21,
        "_tpl": "5696686a4bdc2da3298b456a"
      }
    ]
  ],
  "5f004c031b27f811e5317c27": [
    [
      {
        "count": 2.69,
        "_tpl": "5696686a4bdc2da3298b456a"
      }
    ]
  ],
  "5f004c031b27f811e5317c29": [
    [
      {
        "count": 62.46,
        "_tpl": "5696686a4bdc2da3298b456a"
      }
    ]
  ],
  "5f004c031b27f811e5317c2b": [
    [
      {
        "count": 378.73,
        "_tpl": "5696686a4bdc2da3298b456a"
      }
    ]
  ],
  "5f004c041b27f811e5317c2d": [
    [
      {
        "count": 16.93,
        "_tpl": "5696686a4bdc2da3298b456a"
      }
    ]
  ],
  "5f004c041b27f811e5317c2f": [
    [
      {
        "count": 18.83,
        "_tpl": "5696686a4bdc2da3298b456a"
      }
    ]
  ],
  "5f004c041b27f811e5317c31": [
    [
      {
        "count": 34.58,
        "_tpl": "5696686a4bdc2da3298b456a"
      }
    ]
  ],
  "5f004c041b27f811e5317c33": [
    [
      {
        "count": 1121.47,
        "_tpl": "5696686a4bdc2da3298b456a"
      }
    ]
  ],
  "5f004c041b27f811e5317c38": [
    [
      {
        "count": 81.19,
        "_tpl": "5696686a4bdc2da3298b456a"
      }
    ]
  ],
  "5f004c051b27f811e5317c3a": [
    [
      {
        "count": 641.59,
        "_tpl": "5696686a4bdc2da3298b456a"
      }
    ]
  ],
  "5f004c051b27f811e5317c3c": [
    [
      {
        "count": 244.54,
        "_tpl": "5696686a4bdc2da3298b456a"
      }
    ]
  ],
  "5f004c051b27f811e5317c3e": [
    [
      {
        "count": 544.8,
        "_tpl": "5696686a4bdc2da3298b456a"
      }
    ]
  ],
  "5f004c051b27f811e5317c4b": [
    [
      {
        "count": 344.98,
        "_tpl": "5696686a4bdc2da3298b456a"
      }
    ]
  ],
  "5f004c051b27f811e5317c4d": [
    [
      {
        "count": 1,
        "_tpl": "5c1265fc86f7743f896a21c2"
      }
    ]
  ],
  "5f004c061b27f811e5317c4f": [
    [
      {
        "count": 157.33,
        "_tpl": "5696686a4bdc2da3298b456a"
      }
    ]
  ],
  "5f004c061b27f811e5317c51": [
    [
      {
        "count": 226.92,
        "_tpl": "5696686a4bdc2da3298b456a"
      }
    ]
  ],
  "5f004c061b27f811e5317c53": [
    [
      {
        "count": 88.11,
        "_tpl": "5696686a4bdc2da3298b456a"
      }
    ]
  ],
  "5f004c071b27f811e5317c57": [
    [
      {
        "count": 40.49,
        "_tpl": "5696686a4bdc2da3298b456a"
      }
    ]
  ],
  "5f004c071b27f811e5317c59": [
    [
      {
        "count": 23.52,
        "_tpl": "5696686a4bdc2da3298b456a"
      }
    ]
  ],
  "5f004c071b27f811e5317c5b": [
    [
      {
        "count": 1009.85,
        "_tpl": "5696686a4bdc2da3298b456a"
      }
    ]
  ],
  "5f004c071b27f811e5317c68": [
    [
      {
        "count": 22.87,
        "_tpl": "5696686a4bdc2da3298b456a"
      }
    ]
  ],
  "5f004c081b27f811e5317c6a": [
    [
      {
        "count": 0.93,
        "_tpl": "5696686a4bdc2da3298b456a"
      }
    ]
  ],
  "5f004c081b27f811e5317c6c": [
    [
      {
        "count": 2,
        "_tpl": "590a3b0486f7743954552bdb"
      }
    ]
  ],
  "5f004c081b27f811e5317c70": [
    [
      {
        "count": 42.68,
        "_tpl": "5696686a4bdc2da3298b456a"
      }
    ]
  ],
  "5f004c081b27f811e5317c72": [
    [
      {
        "count": 176.72,
        "_tpl": "5696686a4bdc2da3298b456a"
      }
    ]
  ],
  "5f004c091b27f811e5317c74": [
    [
      {
        "count": 160.53,
        "_tpl": "5696686a4bdc2da3298b456a"
      }
    ]
  ],
  "5f004c091b27f811e5317c76": [
    [
      {
        "count": 11.56,
        "_tpl": "5696686a4bdc2da3298b456a"
      }
    ]
  ],
  "5f004c091b27f811e5317c78": [
    [
      {
        "count": 381.57,
        "_tpl": "5696686a4bdc2da3298b456a"
      }
    ]
  ],
  "5f004c091b27f811e5317c7d": [
    [
      {
        "count": 7.84,
        "_tpl": "5696686a4bdc2da3298b456a"
      }
    ]
  ],
  "5f004c091b27f811e5317c7f": [
    [
      {
        "count": 20.29,
        "_tpl": "5696686a4bdc2da3298b456a"
      }
    ]
  ],
  "5f004c091b27f811e5317c81": [
    [
      {
        "count": 12.77,
        "_tpl": "5696686a4bdc2da3298b456a"
      }
    ]
  ],
  "5f004c0a1b27f811e5317c83": [
    [
      {
        "count": 29.67,
        "_tpl": "5696686a4bdc2da3298b456a"
      }
    ]
  ],
  "5f004c0a1b27f811e5317c85": [
    [
      {
        "count": 1,
        "_tpl": "5c1265fc86f7743f896a21c2"
      },
      {
        "count": 1,
        "_tpl": "57347c2e24597744902c94a1"
      }
    ]
  ],
  "5f004c0a1b27f811e5317c8c": [
    [
      {
        "count": 43.92,
        "_tpl": "5696686a4bdc2da3298b456a"
      }
    ]
  ],
  "5f004c0a1b27f811e5317c8e": [
    [
      {
        "count": 256.21,
        "_tpl": "5696686a4bdc2da3298b456a"
      }
    ]
  ],
  "5f004c0b1b27f811e5317c90": [
    [
      {
        "count": 159.05,
        "_tpl": "5696686a4bdc2da3298b456a"
      }
    ]
  ],
  "5f004c0b1b27f811e5317c92": [
    [
      {
        "count": 20,
        "level": 15,
        "side": "Any",
        "_tpl": "59f32c3b86f77472a31742f0"
      }
    ]
  ],
  "5f004c0b1b27f811e5317c9d": [
    [
      {
        "count": 750.63,
        "_tpl": "5696686a4bdc2da3298b456a"
      }
    ]
  ],
  "5f004c0b1b27f811e5317ca4": [
    [
      {
        "count": 77.9,
        "_tpl": "5696686a4bdc2da3298b456a"
      }
    ]
  ],
  "5f004c0b1b27f811e5317ca6": [
    [
      {
        "count": 88.63,
        "_tpl": "5696686a4bdc2da3298b456a"
      }
    ]
  ],
  "5f004c0c1b27f811e5317ca8": [
    [
      {
        "count": 72.43,
        "_tpl": "5696686a4bdc2da3298b456a"
      }
    ]
  ],
  "5f004c0c1b27f811e5317caa": [
    [
      {
        "count": 36.21,
        "_tpl": "5696686a4bdc2da3298b456a"
      }
    ]
  ],
  "5f004c0c1b27f811e5317cac": [
    [
      {
        "count": 49.31,
        "_tpl": "5696686a4bdc2da3298b456a"
      }
    ]
  ],
  "5f004c0c1b27f811e5317cae": [
    [
      {
        "count": 117.98,
        "_tpl": "5696686a4bdc2da3298b456a"
      }
    ]
  ],
  "5f004c0c1b27f811e5317cb0": [
    [
      {
        "count": 13.82,
        "_tpl": "5696686a4bdc2da3298b456a"
      }
    ]
  ],
  "5f004c0d1b27f811e5317cb2": [
    [
      {
        "count": 60.99,
        "_tpl": "5696686a4bdc2da3298b456a"
      }
    ]
  ],
  "5f004c0d1b27f811e5317cb4": [
    [
      {
        "count": 35.74,
        "_tpl": "5696686a4bdc2da3298b456a"
      }
    ]
  ],
  "5f004c0d1b27f811e5317cb6": [
    [
      {
        "count": 272.55,
        "_tpl": "5696686a4bdc2da3298b456a"
      }
    ]
  ],
  "5f004c0d1b27f811e5317cb8": [
    [
      {
        "count": 396.44,
        "_tpl": "5696686a4bdc2da3298b456a"
      }
    ]
  ],
  "5f004c0d1b27f811e5317cba": [
    [
      {
        "count": 32.64,
        "_tpl": "5696686a4bdc2da3298b456a"
      }
    ]
  ],
  "5f004c0e1b27f811e5317cbc": [
    [
      {
        "count": 16.96,
        "_tpl": "5696686a4bdc2da3298b456a"
      }
    ]
  ],
  "5f004c0e1b27f811e5317cbe": [
    [
      {
        "count": 59.37,
        "_tpl": "5696686a4bdc2da3298b456a"
      }
    ]
  ],
  "5f004c0e1b27f811e5317cc0": [
    [
      {
        "count": 21.44,
        "_tpl": "5696686a4bdc2da3298b456a"
      }
    ]
  ],
  "5f004c0e1b27f811e5317cc2": [
    [
      {
        "count": 38.17,
        "_tpl": "5696686a4bdc2da3298b456a"
      }
    ]
  ],
  "5f004c0e1b27f811e5317cc4": [
    [
      {
        "count": 490.98,
        "_tpl": "5696686a4bdc2da3298b456a"
      }
    ]
  ],
  "5f004c0f1b27f811e5317cc6": [
    [
      {
        "count": 115.31,
        "_tpl": "5696686a4bdc2da3298b456a"
      }
    ]
  ],
  "5f004c0f1b27f811e5317cc8": [
    [
      {
        "count": 2.77,
        "_tpl": "5696686a4bdc2da3298b456a"
      }
    ]
  ],
  "5f004c0f1b27f811e5317cca": [
    [
      {
        "count": 137.23,
        "_tpl": "5696686a4bdc2da3298b456a"
      }
    ]
  ],
  "5f004c0f1b27f811e5317ccc": [
    [
      {
        "count": 37.83,
        "_tpl": "5696686a4bdc2da3298b456a"
      }
    ]
  ],
  "5f004c0f1b27f811e5317cce": [
    [
      {
        "count": 22.87,
        "_tpl": "5696686a4bdc2da3298b456a"
      }
    ]
  ],
  "5f004c101b27f811e5317cd0": [
    [
      {
        "count": 282.08,
        "_tpl": "5696686a4bdc2da3298b456a"
      }
    ]
  ],
  "5f004c101b27f811e5317cd2": [
    [
      {
        "count": 30.46,
        "_tpl": "5696686a4bdc2da3298b456a"
      }
    ]
  ],
  "5f004c101b27f811e5317cd4": [
    [
      {
        "count": 119.12,
        "_tpl": "5696686a4bdc2da3298b456a"
      }
    ]
  ],
  "5f004c101b27f811e5317cd6": [
    [
      {
        "count": 20.99,
        "_tpl": "5696686a4bdc2da3298b456a"
      }
    ]
  ],
  "5f004c101b27f811e5317cd8": [
    [
      {
        "count": 150.57,
        "_tpl": "5696686a4bdc2da3298b456a"
      }
    ]
  ],
  "5f004c101b27f811e5317cda": [
    [
      {
        "count": 105.21,
        "_tpl": "5696686a4bdc2da3298b456a"
      }
    ]
  ],
  "5f004c101b27f811e5317cdc": [
    [
      {
        "count": 58.6,
        "_tpl": "5696686a4bdc2da3298b456a"
      }
    ]
  ],
  "5f004c111b27f811e5317cde": [
    [
      {
        "count": 28.02,
        "_tpl": "5696686a4bdc2da3298b456a"
      }
    ]
  ],
  "5f004c111b27f811e5317ce0": [
    [
      {
        "count": 29.72,
        "_tpl": "5696686a4bdc2da3298b456a"
      }
    ]
  ],
  "5f004c111b27f811e5317ce2": [
    [
      {
        "count": 36.18,
        "_tpl": "5696686a4bdc2da3298b456a"
      }
    ]
  ],
  "5f004c111b27f811e5317ce4": [
    [
      {
        "count": 165.82,
        "_tpl": "5696686a4bdc2da3298b456a"
      }
    ]
  ],
  "5f004c111b27f811e5317ce6": [
    [
      {
        "count": 58.87,
        "_tpl": "5696686a4bdc2da3298b456a"
      }
    ]
  ],
  "5f004c121b27f811e5317ce8": [
    [
      {
        "count": 14.99,
        "_tpl": "5696686a4bdc2da3298b456a"
      }
    ]
  ],
  "5f004c121b27f811e5317cea": [
    [
      {
        "count": 70.04,
        "_tpl": "5696686a4bdc2da3298b456a"
      }
    ]
  ],
  "5f004c121b27f811e5317cec": [
    [
      {
        "count": 29.67,
        "_tpl": "5696686a4bdc2da3298b456a"
      }
    ]
  ],
  "5f004c121b27f811e5317cee": [
    [
      {
        "count": 159.15,
        "_tpl": "5696686a4bdc2da3298b456a"
      }
    ]
  ],
  "5f004c121b27f811e5317cf0": [
    [
      {
        "count": 27.16,
        "_tpl": "5696686a4bdc2da3298b456a"
      }
    ]
  ],
  "5f004c121b27f811e5317cf2": [
    [
      {
        "count": 16.68,
        "_tpl": "5696686a4bdc2da3298b456a"
      }
    ]
  ],
  "5f004c131b27f811e5317cf4": [
    [
      {
        "count": 11.44,
        "_tpl": "5696686a4bdc2da3298b456a"
      }
    ]
  ],
  "5f004c131b27f811e5317cf6": [
    [
      {
        "count": 11.44,
        "_tpl": "5696686a4bdc2da3298b456a"
      }
    ]
  ],
  "5f004c131b27f811e5317cf8": [
    [
      {
        "count": 27.16,
        "_tpl": "5696686a4bdc2da3298b456a"
      }
    ]
  ],
  "5f004c131b27f811e5317cfa": [
    [
      {
        "count": 16.68,
        "_tpl": "5696686a4bdc2da3298b456a"
      }
    ]
  ],
  "5f004c131b27f811e5317cfc": [
    [
      {
        "count": 179.16,
        "_tpl": "5696686a4bdc2da3298b456a"
      }
    ]
  ],
  "5f004c131b27f811e5317cfe": [
    [
      {
        "count": 97.76,
        "_tpl": "5696686a4bdc2da3298b456a"
      }
    ]
  ],
  "5f004c131b27f811e5317d00": [
    [
      {
        "count": 137.23,
        "_tpl": "5696686a4bdc2da3298b456a"
      }
    ]
  ],
  "5f004c141b27f811e5317d02": [
    [
      {
        "count": 32.31,
        "_tpl": "5696686a4bdc2da3298b456a"
      }
    ]
  ],
  "5f004c141b27f811e5317d04": [
    [
      {
        "count": 93.87,
        "_tpl": "5696686a4bdc2da3298b456a"
      }
    ]
  ],
  "5f004c141b27f811e5317d06": [
    [
      {
        "count": 55.75,
        "_tpl": "5696686a4bdc2da3298b456a"
      }
    ]
  ],
  "5f004c141b27f811e5317d08": [
    [
      {
        "count": 25.16,
        "_tpl": "5696686a4bdc2da3298b456a"
      }
    ]
  ],
  "5f004c141b27f811e5317d0a": [
    [
      {
        "count": 2.65,
        "_tpl": "5696686a4bdc2da3298b456a"
      }
    ]
  ],
  "5f004c141b27f811e5317d0c": [
    [
      {
        "count": 1.97,
        "_tpl": "5696686a4bdc2da3298b456a"
      }
    ]
  ],
  "5f004c151b27f811e5317d0e": [
    [
      {
        "count": 89.1,
        "_tpl": "5696686a4bdc2da3298b456a"
      }
    ]
  ],
  "5f004c151b27f811e5317d10": [
    [
      {
        "count": 94.35,
        "_tpl": "5696686a4bdc2da3298b456a"
      }
    ]
  ],
  "5f004c151b27f811e5317d12": [
    [
      {
        "count": 142.68,
        "_tpl": "5696686a4bdc2da3298b456a"
      }
    ]
  ],
  "5f004c151b27f811e5317d14": [
    [
      {
        "count": 1.38,
        "_tpl": "5696686a4bdc2da3298b456a"
      }
    ]
  ],
  "5f004c151b27f811e5317d16": [
    [
      {
        "count": 114.36,
        "_tpl": "5696686a4bdc2da3298b456a"
      }
    ]
  ],
  "5f004c151b27f811e5317d18": [
    [
      {
        "count": 24.8,
        "_tpl": "5696686a4bdc2da3298b456a"
      }
    ]
  ],
  "5f004c161b27f811e5317d1a": [
    [
      {
        "count": 992.53,
        "_tpl": "5696686a4bdc2da3298b456a"
      }
    ]
  ],
  "5f004c161b27f811e5317d26": [
    [
      {
        "count": 1.05,
        "_tpl": "5696686a4bdc2da3298b456a"
      }
    ]
  ],
  "5f004c161b27f811e5317d28": [
    [
      {
        "count": 1.28,
        "_tpl": "5696686a4bdc2da3298b456a"
      }
    ]
  ],
  "5f004c161b27f811e5317d2a": [
    [
      {
        "count": 22.87,
        "_tpl": "5696686a4bdc2da3298b456a"
      }
    ]
  ],
  "5f004c161b27f811e5317d2c": [
    [
      {
        "count": 2,
        "_tpl": "5d0375ff86f774186372f685"
      }
    ]
  ],
  "5f004c171b27f811e5317d37": [
    [
      {
        "count": 33.35,
        "_tpl": "5696686a4bdc2da3298b456a"
      }
    ]
  ],
  "5f004c171b27f811e5317d39": [
    [
      {
        "count": 21.44,
        "_tpl": "5696686a4bdc2da3298b456a"
      }
    ]
  ],
  "5f004c171b27f811e5317d3b": [
    [
      {
        "count": 100.06,
        "_tpl": "5696686a4bdc2da3298b456a"
      }
    ]
  ],
  "5f004c171b27f811e5317d3d": [
    [
      {
        "count": 218.23,
        "_tpl": "5696686a4bdc2da3298b456a"
      }
    ]
  ],
  "5f004c171b27f811e5317d3f": [
    [
      {
        "count": 128.65,
        "_tpl": "5696686a4bdc2da3298b456a"
      }
    ]
  ],
  "5f004c171b27f811e5317d41": [
    [
      {
        "count": 29.54,
        "_tpl": "5696686a4bdc2da3298b456a"
      }
    ]
  ],
  "5f004c171b27f811e5317d43": [
    [
      {
        "count": 124.78,
        "_tpl": "5696686a4bdc2da3298b456a"
      }
    ]
  ],
  "5f004c181b27f811e5317d45": [
    [
      {
        "count": 34.31,
        "_tpl": "5696686a4bdc2da3298b456a"
      }
    ]
  ],
  "5f004c181b27f811e5317d47": [
    [
      {
        "count": 69.38,
        "_tpl": "5696686a4bdc2da3298b456a"
      }
    ]
  ],
  "5f004c181b27f811e5317d49": [
    [
      {
        "count": 68.42,
        "_tpl": "5696686a4bdc2da3298b456a"
      }
    ]
  ],
  "5f004c181b27f811e5317d4b": [
    [
      {
        "count": 183.37,
        "_tpl": "5696686a4bdc2da3298b456a"
      }
    ]
  ],
  "5f004c181b27f811e5317d53": [
    [
      {
        "count": 17.15,
        "_tpl": "5696686a4bdc2da3298b456a"
      }
    ]
  ],
  "5f004c181b27f811e5317d55": [
    [
      {
        "count": 34.88,
        "_tpl": "5696686a4bdc2da3298b456a"
      }
    ]
  ],
  "5f004c181b27f811e5317d57": [
    [
      {
        "count": 264.81,
        "_tpl": "5696686a4bdc2da3298b456a"
      }
    ]
  ],
  "5f004c191b27f811e5317d5e": [
    [
      {
        "count": 348.48,
        "_tpl": "5696686a4bdc2da3298b456a"
      }
    ]
  ],
  "5f004c191b27f811e5317d60": [
    [
      {
        "count": 108.71,
        "_tpl": "5696686a4bdc2da3298b456a"
      }
    ]
  ],
  "5f004c191b27f811e5317d69": [
    [
      {
        "count": 440.28,
        "_tpl": "5696686a4bdc2da3298b456a"
      }
    ]
  ],
  "5f004c191b27f811e5317d6b": [
    [
      {
        "count": 361.56,
        "_tpl": "5696686a4bdc2da3298b456a"
      }
    ]
  ],
  "5f004c191b27f811e5317d6d": [
    [
      {
        "count": 40.03,
        "_tpl": "5696686a4bdc2da3298b456a"
      }
    ]
  ],
  "5f004c191b27f811e5317d6f": [
    [
      {
        "count": 467.91,
        "_tpl": "5696686a4bdc2da3298b456a"
      }
    ]
  ],
  "5f004c191b27f811e5317d71": [
    [
      {
        "count": 28.59,
        "_tpl": "5696686a4bdc2da3298b456a"
      }
    ]
  ],
  "5f004c191b27f811e5317d73": [
    [
      {
        "count": 1,
        "_tpl": "5d235b4d86f7742e017bc88a"
      }
    ]
  ],
  "5f004c1a1b27f811e5317d7a": [
    [
      {
        "count": 1,
        "_tpl": "5d1b376e86f774252519444e"
      }
    ]
  ],
  "5f004c1a1b27f811e5317d7c": [
    [
      {
        "count": 61.94,
        "_tpl": "5696686a4bdc2da3298b456a"
      }
    ]
  ],
  "5f004c1a1b27f811e5317d7e": [
    [
      {
        "count": 77.19,
        "_tpl": "5696686a4bdc2da3298b456a"
      }
    ]
  ],
  "5f004c1a1b27f811e5317d80": [
    [
      {
        "count": 7.62,
        "_tpl": "5696686a4bdc2da3298b456a"
      }
    ]
  ],
  "5f004c1a1b27f811e5317d82": [
    [
      {
        "count": 19.63,
        "_tpl": "5696686a4bdc2da3298b456a"
      }
    ]
  ],
  "5f004c1b1b27f811e5317d84": [
    [
      {
        "count": 2,
        "_tpl": "590c645c86f77412b01304d9"
      },
      {
        "count": 2,
        "_tpl": "590c651286f7741e566b6461"
      }
    ]
  ],
  "5f004c1b1b27f811e5317d86": [
    [
      {
        "count": 373.57,
        "_tpl": "5696686a4bdc2da3298b456a"
      }
    ]
  ],
  "5f004c1b1b27f811e5317d88": [
    [
      {
        "count": 1250.31,
        "_tpl": "5696686a4bdc2da3298b456a"
      }
    ]
  ],
  "5f004c1b1b27f811e5317d8a": [
    [
      {
        "count": 300.19,
        "_tpl": "5696686a4bdc2da3298b456a"
      }
    ]
  ],
  "5f004c1b1b27f811e5317d8c": [
    [
      {
        "count": 300.19,
        "_tpl": "5696686a4bdc2da3298b456a"
      }
    ]
  ],
  "5f004c1b1b27f811e5317d8e": [
    [
      {
        "count": 270.34,
        "_tpl": "5696686a4bdc2da3298b456a"
      }
    ]
  ],
  "5f004c1b1b27f811e5317d96": [
    [
      {
        "count": 373.57,
        "_tpl": "5696686a4bdc2da3298b456a"
      }
    ]
  ],
  "5f004c1c1b27f811e5317d98": [
    [
      {
        "count": 48.13,
        "_tpl": "5696686a4bdc2da3298b456a"
      }
    ]
  ],
  "5f004c1c1b27f811e5317d9a": [
    [
      {
        "count": 328.78,
        "_tpl": "5696686a4bdc2da3298b456a"
      }
    ]
  ],
  "5f004c1c1b27f811e5317d9c": [
    [
      {
        "count": 58.6,
        "_tpl": "5696686a4bdc2da3298b456a"
      }
    ]
  ],
  "5f004c1c1b27f811e5317d9e": [
    [
      {
        "count": 33.59,
        "_tpl": "5696686a4bdc2da3298b456a"
      }
    ]
  ],
  "5f004c1c1b27f811e5317da0": [
    [
      {
        "count": 290.66,
        "_tpl": "5696686a4bdc2da3298b456a"
      }
    ]
  ],
  "5f004c1c1b27f811e5317da2": [
    [
      {
        "count": 384.05,
        "_tpl": "5696686a4bdc2da3298b456a"
      }
    ]
  ],
  "5f004c1d1b27f811e5317da4": [
    [
      {
        "count": 23.35,
        "_tpl": "5696686a4bdc2da3298b456a"
      }
    ]
  ],
  "5f004c1d1b27f811e5317da6": [
    [
      {
        "count": 17.15,
        "_tpl": "5696686a4bdc2da3298b456a"
      }
    ]
  ],
  "5f004c1d1b27f811e5317da8": [
    [
      {
        "count": 10.01,
        "_tpl": "5696686a4bdc2da3298b456a"
      }
    ]
  ],
  "5f004c1d1b27f811e5317daa": [
    [
      {
        "count": 1009.67,
        "_tpl": "5696686a4bdc2da3298b456a"
      }
    ]
  ],
  "5f004c1d1b27f811e5317db8": [
    [
      {
        "count": 24.3,
        "_tpl": "5696686a4bdc2da3298b456a"
      }
    ]
  ],
  "5f004c1d1b27f811e5317dba": [
    [
      {
        "count": 39.07,
        "_tpl": "5696686a4bdc2da3298b456a"
      }
    ]
  ],
  "5f004c1d1b27f811e5317dbc": [
    [
      {
        "count": 26.65,
        "_tpl": "5696686a4bdc2da3298b456a"
      }
    ]
  ],
  "5f004c1e1b27f811e5317dbe": [
    [
      {
        "count": 16.2,
        "_tpl": "5696686a4bdc2da3298b456a"
      }
    ]
  ],
  "5f004c1e1b27f811e5317dc0": [
    [
      {
        "count": 18.58,
        "_tpl": "5696686a4bdc2da3298b456a"
      }
    ]
  ],
  "5f004c1e1b27f811e5317dc2": [
    [
      {
        "count": 1335.21,
        "_tpl": "5696686a4bdc2da3298b456a"
      }
    ]
  ],
  "5f004c1e1b27f811e5317dc9": [
    [
      {
        "count": 1312.83,
        "_tpl": "5696686a4bdc2da3298b456a"
      }
    ]
  ],
  "5f004c1e1b27f811e5317dcb": [
    [
      {
        "count": 9,
        "level": 25,
        "side": "Bear",
        "_tpl": "59f32bb586f774757e1e8442"
      }
    ]
  ],
  "5f004c1e1b27f811e5317dcd": [
    [
      {
        "count": 10,
        "level": 30,
        "side": "Bear",
        "_tpl": "59f32bb586f774757e1e8442"
      }
    ]
  ],
  "5f004c1e1b27f811e5317dcf": [
    [
      {
        "count": 0.79,
        "_tpl": "5696686a4bdc2da3298b456a"
      }
    ]
  ],
  "5f004c1e1b27f811e5317dd1": [
    [
      {
        "count": 136.5,
        "_tpl": "5696686a4bdc2da3298b456a"
      }
    ]
  ],
  "5f004c1e1b27f811e5317ddc": [
    [
      {
        "count": 10.48,
        "_tpl": "5696686a4bdc2da3298b456a"
      }
    ]
  ],
  "5f004c1f1b27f811e5317dde": [
    [
      {
        "count": 154.35,
        "_tpl": "5696686a4bdc2da3298b456a"
      }
    ]
  ],
  "5f004c1f1b27f811e5317de0": [
    [
      {
        "count": 849.31,
        "_tpl": "5696686a4bdc2da3298b456a"
      }
    ]
  ],
  "5f004c1f1b27f811e5317dea": [
    [
      {
        "count": 1,
        "_tpl": "5d1c819a86f774771b0acd6c"
      },
      {
        "count": 1,
        "_tpl": "590c5bbd86f774785762df04"
      }
    ]
  ],
  "5f00a92a15da9722ed0fc2f7": [
    [
      {
        "count": 8062.21,
        "_tpl": "5696686a4bdc2da3298b456a"
      }
    ]
  ]
}