{
	"equipment": {
		"Headwear": [
			"5c0e874186f7745dc7616606"
		],
		"Earpiece": [],
		"FaceCover": [],
		"ArmorVest": [
			"5c0e541586f7747fa54205c9"
		],
		"Eyewear": [],
		"ArmBand": [],
		"TacticalVest": [
			"5c0e9f2c86f77432297fe0a3",
			"5ca20abf86f77418567a43f2"
		],
		"Pockets": [
			"5af99e9186f7747c447120b8"
		],
		"Backpack": [],
		"SecuredContainer": [
			"5857a8bc2459772bad15db29"
		],
		"FirstPrimaryWeapon": [
			"5beed0f50db834001c062b12",
			"59ff346386f77477562ff5e2",
			"59984ab886f7743e98271174"
		],
		"SecondPrimaryWeapon": [],
		"Holster": [
			"571a12c42459771f627b58a0"
		],
		"Scabbard": [
			"5bffdc370db834001d23eca8"
		]
	},
	"mods": {
		"5bed625c0db834001c062946": {
			"cartridges": [
				"5c0d5e4486f77478390952fe"
			]
		},
		"5beed0f50db834001c062b12": {
			"mod_magazine": [
				"5bed625c0db834001c062946"
			],
			"mod_reciever": [
				"5beec91a0db834001961942d"
			],
			"mod_barrel": [
				"5beec2820db834001b095426",
				"5beec1bd0db834001e6006f3"
			],
			"mod_handguard": [
				"5beec3e30db8340019619424"
			],
			"mod_stock_001": [
				"5beec8b20db834001961942a"
			],
			"mod_pistol_grip": [
				"5beec8ea0db834001a6f9dbf"
			]
		},
		"5beec91a0db834001961942d": {
			"mod_sight_rear": [
				"5beec9450db83400970084fd"
			],
			"mod_scope": [
				"5c0505e00db834001b735073",
				"584984812459776a704a82a6"
			]
		},
		"5beec3e30db8340019619424": {
			"mod_mount_001": [
				"5beecbb80db834001d2c465e"
			],
			"mod_mount_000": [
				"5beecbb80db834001d2c465e"
			]
		},
		"5beec8b20db834001961942a": {
			"mod_stock": [
				"5beec8c20db834001d2c465c"
			]
		},
		"5c0e874186f7745dc7616606": {
			"mod_equipment": [
				"5c0e842486f77443a74d2976"
			]
		},
		"5beec2820db834001b095426": {
			"mod_muzzle": [
				"5cc9a96cd7f00c011c04e04a",
				"564caa3d4bdc2d17108b458e"
			]
		},
		"59e5f5a486f7746c530b3ce2": {
			"cartridges": [
				"59e4cf5286f7741778269d8a"
			]
		},
		"59ff346386f77477562ff5e2": {
			"mod_magazine": [
				"59e5f5a486f7746c530b3ce2"
			],
			"mod_gas_block": [
				"5b237e425acfc4771e1be0b6"
			],
			"mod_stock_akms": [
				"59ff3b6a86f77477562ff5ed"
			],
			"mod_sight_rear": [
				"59d650cf86f7741b846413a4"
			],
			"mod_reciever": [
				"59d6507c86f7741b846413a2"
			],
			"mod_pistol_grip_akms": [
				"5a0071d486f77404e23a12b2"
			],
			"mod_muzzle": [
				"59d64fc686f774171b243fe2"
			]
		},
		"5b4736a986f774040571e998": {
			"mod_tactical": [
				"5a5f1ce64f39f90b401987bc"
			]
		},
		"5b237e425acfc4771e1be0b6": {
			"mod_mount_000": [
				"5b4736a986f774040571e998"
			],
			"mod_scope": [
				"58491f3324597764bc48fa02"
			]
		},
		"599860ac86f77436b225ed1a": {
			"cartridges": [
				"5c925fa22e221601da359b7b",
				"5a3c16fe86f77452b62de32a"
			]
		},
		"59984ab886f7743e98271174": {
			"mod_magazine": [
				"599860ac86f77436b225ed1a"
			],
			"mod_reciever": [
				"59985a6c86f77414ec448d17"
			],
			"mod_muzzle": [
				"59bfc5c886f7743bf6794e62"
			],
			"mod_gas_block": [
				"59ccd11386f77428f24a488f"
			],
			"mod_sight_rear": [
				"599860e986f7743bb57573a6"
			],
			"mod_charge": [
				"5648ac824bdc2ded0b8b457d"
			],
			"mod_stock": [
				"5ac78eaf5acfc4001926317a"
			],
			"mod_pistol_grip": [
				"5649ae4a4bdc2d1b2b8b4588"
			]
		},
		"59985a6c86f77414ec448d17": {
			"mod_scope": [
				"5b30b0dc5acfc400153b7124"
			]
		},
		"5b7be47f5acfc400170e2dd2": {
			"mod_tactical": [
				"5b07dd285acfc4001754240d"
			]
		},
		"57cff947245977638e6f2a19": {
			"mod_mount_000": [
				"5b7be47f5acfc400170e2dd2"
			],
			"mod_mount_003": [
				"57cffb66245977632f391a99",
				"5b7be4895acfc400170e2dd5"
			]
		},
		"59ccd11386f77428f24a488f": {
			"mod_handguard": [
				"57cff947245977638e6f2a19"
			]
		},
		"5ac78eaf5acfc4001926317a": {
			"mod_stock": [
				"59ecc3dd86f7746dc827481c"
			]
		},
		"5b7be4895acfc400170e2dd5": {
			"mod_foregrip": [
				"558032614bdc2de7118b4585"
			]
		},
		"5beec1bd0db834001e6006f3": {
			"mod_muzzle": [
				"5beec3420db834001b095429"
			]
		},
		"571a29dc2459771fb2755a6a": {
			"cartridges": [
				"5736026a245977644601dc61"
			]
		},
		"571a12c42459771f627b58a0": {
			"mod_magazine": [
				"571a29dc2459771fb2755a6a"
			],
			"mod_tactical": [
				"5c079ed60db834001a66b372"
			],
			"mod_muzzle": [
				"5bffd7ed0db834001d23ebf9"
			],
			"mod_pistol_grip": [
				"5c079ec50db834001966a706"
			],
			"mod_barrel": [
				"571a26d524597720680fbe8a"
			]
		}
	},
	"items": {
		"TacticalVest": [
			"5e831507ea0a7c419c2f9bd9",
			"5e8488fa988a8701445df1e4",
			"55d482194bdc2d1d4e8b456b",
			"544fb45d4bdc2dee738b4568",
			"5a2a57cfc4a2826c6e06d44a",
			"5a01c29586f77474660c694c",
			"599860ac86f77436b225ed1a"
		],
		"Pockets": [
			"5e831507ea0a7c419c2f9bd9",
			"5710c24ad2720bc3458b45a3",
			"5a0c27731526d80618476ac4",
			"544fb3f34bdc2d03748b456a",
			"5448be9a4bdc2dfd2f8b456a",
			"5c94bbff86f7747ee735c08f",
			"5755383e24597772cb798966",
			"571a29dc2459771fb2755a6a",
			"57514643245977207f2c2d09"
		],
		"Backpack": [],
		"SecuredContainer": [
			"5e831507ea0a7c419c2f9bd9",
			"5e8488fa988a8701445df1e4",
			"5c0d5e4486f77478390952fe",
			"59e4cf5286f7741778269d8a",
			"5c925fa22e221601da359b7b",
			"5a3c16fe86f77452b62de32a",
			"5736026a245977644601dc61"
		]
	}
}