{
	"equipment": {
		"Headwear": 0,
		"Earpiece": 0,
		"FaceCover": 0,
		"ArmorVest": 0,
		"Eyewear": 0,
		"ArmBand": 0,
		"TacticalVest": 0,
		"Backpack": 88,
		"FirstPrimaryWeapon": 100,
		"SecondPrimaryWeapon": 100,
		"Holster": 0,
		"Scabbard": 7
	},
	"mods": {
		"mod_pistol_grip": 100,
		"mod_magazine": 100,
		"mod_reciever": 100,
		"mod_stock": 100,
		"mod_charge": 0,
		"mod_barrel": 100,
		"mod_handguard": 100,
		"mod_mount_001": 100,
		"mod_mount_000": 0,
		"mod_scope": 100,
		"mod_sight_rear": 100,
		"mod_tactical": 100,
		"mod_muzzle": 100,
		"mod_bipod": 0,
		"mod_gas_block": 100,
		"mod_mount": 0,
		"mod_tactical_2": 0,
		"mod_foregrip": 0,
		"mod_tactical_003": 0,
		"mod_tactical_000": 100,
		"mod_tactical_001": 0,
		"mod_tactical_002": 0,
		"mod_tactical001": 0,
		"mod_tactical002": 0,
		"mod_sight_front": 100,
		"mod_launcher": 0,
		"mod_equipment": 0,
		"mod_stock_000": 0,
		"mod_mount_004": 0,
		"mod_mount_003": 0,
		"mod_flashlight": 0,
		"mod_mount_002": 100,
		"mod_pistol_grip_akms": 0,
		"mod_stock_akms": 0,
		"mod_equipment_000": 0,
		"mod_nvg": 0,
		"mod_equipment_001": 0,
		"mod_equipment_002": 0,
		"mod_scope_000": 0,
		"mod_scope_001": 0,
		"mod_scope_002": 0,
		"mod_scope_003": 0,
		"mod_pistolgrip": 0,
		"mod_mount_005": 0,
		"mod_stock_001": 0,
		"mod_mount_006": 0,
		"mod_muzzle_000": 0,
		"mod_muzzle_001": 0,
		"mod_stock_axis": 0,
		"mod_trigger": 0,
		"mod_hammer": 0,
		"mod_catch": 0
	}
}