{
  "5e0ac74b9d594972a112aa0a": [
    [
      {
        "count": 3,
        "_tpl": "5d40407c86f774318526545a"
      }
    ]
  ],
  "7n12_bp_pack": [
    [
      {
        "count": 1,
        "_tpl": "5734770f24597738025ee254"
      }
    ]
  ],
  "545x39_bs": [
    [
      {
        "count": 380,
        "_tpl": "5449016a4bdc2d6f028b456f"
      }
    ]
  ],
  "BNTIKorund": [
    [
      {
        "count": 99958,
        "_tpl": "5449016a4bdc2d6f028b456f"
      }
    ]
  ],
  "7n31Boolet": [
    [
      {
        "count": 598,
        "_tpl": "5449016a4bdc2d6f028b456f"
      }
    ]
  ],
  "5f6770f839a13e712a1dff55": [
    [
      {
        "count": 4,
        "_tpl": "590c2c9c86f774245b1f03f2"
      },
      {
        "count": 4,
        "_tpl": "57347cd0245977445a2d6ff1"
      },
      {
        "count": 3,
        "_tpl": "5909e99886f7740c983b9984"
      }
    ]
  ],
  "BarricadeAmmo": [
    [
      {
        "count": 272,
        "_tpl": "5449016a4bdc2d6f028b456f"
      }
    ]
  ],
  "StarAmmo": [
    [
      {
        "count": 614,
        "_tpl": "5449016a4bdc2d6f028b456f"
      }
    ]
  ],
  "Shrapnel10": [
    [
      {
        "count": 83,
        "_tpl": "5449016a4bdc2d6f028b456f"
      }
    ]
  ],
  "Shrapnel25": [
    [
      {
        "count": 102,
        "_tpl": "5449016a4bdc2d6f028b456f"
      }
    ]
  ],
  "5f6771214ef1ca4f4e1b8a07": [
    [
      {
        "count": 44537,
        "_tpl": "5449016a4bdc2d6f028b456f"
      }
    ]
  ],
  "5eeca645bfed7142cb310286": [
    [
      {
        "count": 39215.23,
        "_tpl": "5449016a4bdc2d6f028b456f"
      }
    ]
  ],
  "5eeca645bfed7142cb310290": [
    [
      {
        "count": 745.18,
        "_tpl": "5449016a4bdc2d6f028b456f"
      }
    ]
  ],
  "5eeca645bfed7142cb310292": [
    [
      {
        "count": 1893.16,
        "_tpl": "5449016a4bdc2d6f028b456f"
      }
    ]
  ],
  "5eeca645bfed7142cb310294": [
    [
      {
        "count": 15798.24,
        "_tpl": "5449016a4bdc2d6f028b456f"
      }
    ]
  ],
  "5eeca645bfed7142cb310296": [
    [
      {
        "count": 1,
        "_tpl": "573477e124597737dd42e191"
      }
    ]
  ],
  "5eeca645bfed7142cb31029a": [
    [
      {
        "count": 51.94,
        "_tpl": "5449016a4bdc2d6f028b456f"
      }
    ]
  ],
  "5eeca645bfed7142cb31029c": [
    [
      {
        "count": 34970.46,
        "_tpl": "5449016a4bdc2d6f028b456f"
      }
    ]
  ],
  "5eeca645bfed7142cb31029e": [
    [
      {
        "count": 744.81,
        "_tpl": "5449016a4bdc2d6f028b456f"
      }
    ]
  ],
  "5eeca645bfed7142cb3102a0": [
    [
      {
        "count": 51066.56,
        "_tpl": "5449016a4bdc2d6f028b456f"
      }
    ]
  ],
  "5eeca645bfed7142cb3102a2": [
    [
      {
        "count": 510.92,
        "_tpl": "5449016a4bdc2d6f028b456f"
      }
    ]
  ],
  "5eeca645bfed7142cb3102a4": [
    [
      {
        "count": 20760.84,
        "_tpl": "5449016a4bdc2d6f028b456f"
      }
    ]
  ],
  "5eeca645bfed7142cb3102a8": [
    [
      {
        "count": 5767.46,
        "_tpl": "5449016a4bdc2d6f028b456f"
      }
    ]
  ],
  "5eeca645bfed7142cb3102aa": [
    [
      {
        "count": 54721.44,
        "_tpl": "5449016a4bdc2d6f028b456f"
      }
    ]
  ],
  "5eeca645bfed7142cb3102b1": [
    [
      {
        "count": 1,
        "_tpl": "590a3c0a86f774385a33c450"
      },
      {
        "count": 1,
        "_tpl": "590c311186f77424d1667482"
      }
    ]
  ],
  "5eeca645bfed7142cb3102b3": [
    [
      {
        "count": 3801.16,
        "_tpl": "5449016a4bdc2d6f028b456f"
      }
    ]
  ],
  "5eeca645bfed7142cb3102b5": [
    [
      {
        "count": 38196.25,
        "_tpl": "5449016a4bdc2d6f028b456f"
      }
    ]
  ],
  "5eeca645bfed7142cb3102b7": [
    [
      {
        "count": 7968.02,
        "_tpl": "5449016a4bdc2d6f028b456f"
      }
    ]
  ],
  "5eeca645bfed7142cb3102bc": [
    [
      {
        "count": 2,
        "_tpl": "590a3cd386f77436f20848cb"
      }
    ]
  ],
  "5eeca645bfed7142cb3102be": [
    [
      {
        "count": 9700.06,
        "_tpl": "5449016a4bdc2d6f028b456f"
      }
    ]
  ],
  "5eeca645bfed7142cb3102c0": [
    [
      {
        "count": 2118.94,
        "_tpl": "5449016a4bdc2d6f028b456f"
      }
    ]
  ],
  "5eeca645bfed7142cb3102c2": [
    [
      {
        "count": 160.4,
        "_tpl": "5449016a4bdc2d6f028b456f"
      }
    ]
  ],
  "5eeca645bfed7142cb3102c4": [
    [
      {
        "count": 41882.72,
        "_tpl": "5449016a4bdc2d6f028b456f"
      }
    ]
  ],
  "5eeca645bfed7142cb3102ce": [
    [
      {
        "count": 22045.88,
        "_tpl": "5449016a4bdc2d6f028b456f"
      }
    ]
  ],
  "5eeca645bfed7142cb3102d1": [
    [
      {
        "count": 8185.59,
        "_tpl": "5449016a4bdc2d6f028b456f"
      }
    ]
  ],
  "5eeca645bfed7142cb3102d3": [
    [
      {
        "count": 1,
        "_tpl": "59e358a886f7741776641ac3"
      }
    ]
  ],
  "5eeca645bfed7142cb3102d5": [
    [
      {
        "count": 2,
        "_tpl": "57347da92459774491567cf5"
      }
    ]
  ],
  "5eeca645bfed7142cb3102d7": [
    [
      {
        "count": 276.66,
        "_tpl": "5449016a4bdc2d6f028b456f"
      }
    ]
  ],
  "5eeca645bfed7142cb3102d9": [
    [
      {
        "count": 1,
        "_tpl": "590a3cd386f77436f20848cb"
      }
    ]
  ],
  "5eeca645bfed7142cb3102db": [
    [
      {
        "count": 4,
        "_tpl": "5d40419286f774318526545f"
      },
      {
        "count": 7,
        "_tpl": "5d4042a986f7743185265463"
      }
    ]
  ],
  "5eeca645bfed7142cb3102e2": [
    [
      {
        "count": 10,
        "_tpl": "590c595c86f7747884343ad7"
      },
      {
        "count": 5,
        "_tpl": "59e7715586f7742ee5789605"
      }
    ]
  ],
  "5eeca645bfed7142cb3102e6": [
    [
      {
        "count": 117.41,
        "_tpl": "5449016a4bdc2d6f028b456f"
      }
    ]
  ],
  "5eeca645bfed7142cb3102e8": [
    [
      {
        "count": 1596.36,
        "_tpl": "5449016a4bdc2d6f028b456f"
      }
    ]
  ],
  "5eeca645bfed7142cb3102ea": [
    [
      {
        "count": 499.26,
        "_tpl": "5449016a4bdc2d6f028b456f"
      }
    ]
  ],
  "5eeca645bfed7142cb3102ec": [
    [
      {
        "count": 1334.54,
        "_tpl": "5449016a4bdc2d6f028b456f"
      }
    ]
  ],
  "5eeca645bfed7142cb3102ee": [
    [
      {
        "count": 18338,
        "_tpl": "5449016a4bdc2d6f028b456f"
      }
    ]
  ],
  "5eeca645bfed7142cb3102f0": [
    [
      {
        "count": 996.4,
        "_tpl": "5449016a4bdc2d6f028b456f"
      }
    ]
  ],
  "5eeca645bfed7142cb3102f2": [
    [
      {
        "count": 1,
        "_tpl": "59e3658a86f7741776641ac4"
      }
    ]
  ],
  "5eeca645bfed7142cb3102fc": [
    [
      {
        "count": 154.55,
        "_tpl": "5449016a4bdc2d6f028b456f"
      }
    ]
  ],
  "5eeca645bfed7142cb3102fe": [
    [
      {
        "count": 2560.96,
        "_tpl": "5449016a4bdc2d6f028b456f"
      }
    ]
  ],
  "5eeca645bfed7142cb310300": [
    [
      {
        "count": 35158.88,
        "_tpl": "5449016a4bdc2d6f028b456f"
      }
    ]
  ],
  "5eeca645bfed7142cb310306": [
    [
      {
        "count": 24420.28,
        "_tpl": "5449016a4bdc2d6f028b456f"
      }
    ]
  ],
  "5eeca645bfed7142cb310308": [
    [
      {
        "count": 10531.1,
        "_tpl": "5449016a4bdc2d6f028b456f"
      }
    ]
  ],
  "5eeca645bfed7142cb31030a": [
    [
      {
        "count": 14758.38,
        "_tpl": "5449016a4bdc2d6f028b456f"
      }
    ]
  ],
  "5eeca645bfed7142cb31030c": [
    [
      {
        "count": 2092.44,
        "_tpl": "5449016a4bdc2d6f028b456f"
      }
    ]
  ],
  "5eeca645bfed7142cb31030e": [
    [
      {
        "count": 3424.86,
        "_tpl": "5449016a4bdc2d6f028b456f"
      }
    ]
  ],
  "5eeca645bfed7142cb310310": [
    [
      {
        "count": 1,
        "_tpl": "59e35ef086f7741777737012"
      },
      {
        "count": 1,
        "_tpl": "57347c5b245977448d35f6e1"
      }
    ]
  ],
  "5eeca645bfed7142cb310316": [
    [
      {
        "count": 6399.22,
        "_tpl": "5449016a4bdc2d6f028b456f"
      }
    ]
  ],
  "5eeca645bfed7142cb310319": [
    [
      {
        "count": 12.72,
        "_tpl": "5449016a4bdc2d6f028b456f"
      }
    ]
  ],
  "5eeca645bfed7142cb31031b": [
    [
      {
        "count": 3990.9,
        "_tpl": "5449016a4bdc2d6f028b456f"
      }
    ]
  ],
  "5eeca645bfed7142cb31031d": [
    [
      {
        "count": 1636.64,
        "_tpl": "5449016a4bdc2d6f028b456f"
      }
    ]
  ],
  "5eeca645bfed7142cb31031f": [
    [
      {
        "count": 719,
        "_tpl": "5449016a4bdc2d6f028b456f"
      }
    ]
  ],
  "5eeca645bfed7142cb310321": [
    [
      {
        "count": 9913.12,
        "_tpl": "5449016a4bdc2d6f028b456f"
      }
    ]
  ],
  "5eeca645bfed7142cb310325": [
    [
      {
        "count": 528.94,
        "_tpl": "5449016a4bdc2d6f028b456f"
      }
    ]
  ],
  "5eeca645bfed7142cb310327": [
    [
      {
        "count": 38974.08,
        "_tpl": "5449016a4bdc2d6f028b456f"
      }
    ]
  ],
  "5eeca645bfed7142cb310332": [
    [
      {
        "count": 735.64,
        "_tpl": "5449016a4bdc2d6f028b456f"
      }
    ]
  ],
  "5eeca645bfed7142cb310334": [
    [
      {
        "count": 45892.34,
        "_tpl": "5449016a4bdc2d6f028b456f"
      }
    ]
  ],
  "5eeca645bfed7142cb31033b": [
    [
      {
        "count": 47.7,
        "_tpl": "5449016a4bdc2d6f028b456f"
      }
    ]
  ],
  "5eeca646bfed7142cb31033d": [
    [
      {
        "count": 952.94,
        "_tpl": "5449016a4bdc2d6f028b456f"
      }
    ]
  ],
  "5eeca646bfed7142cb31033f": [
    [
      {
        "count": 4134,
        "_tpl": "5449016a4bdc2d6f028b456f"
      }
    ]
  ],
  "5eeca646bfed7142cb310341": [
    [
      {
        "count": 156.24,
        "_tpl": "5449016a4bdc2d6f028b456f"
      }
    ]
  ],
  "5eeca646bfed7142cb310343": [
    [
      {
        "count": 3049.62,
        "_tpl": "5449016a4bdc2d6f028b456f"
      }
    ]
  ],
  "5eeca646bfed7142cb310345": [
    [
      {
        "count": 46509.62,
        "_tpl": "5449016a4bdc2d6f028b456f"
      }
    ]
  ],
  "5eeca646bfed7142cb31034f": [
    [
      {
        "count": 542.72,
        "_tpl": "5449016a4bdc2d6f028b456f"
      }
    ]
  ],
  "5eeca646bfed7142cb310351": [
    [
      {
        "count": 7201.64,
        "_tpl": "5449016a4bdc2d6f028b456f"
      }
    ]
  ],
  "5eeca646bfed7142cb310353": [
    [
      {
        "count": 13075.1,
        "_tpl": "5449016a4bdc2d6f028b456f"
      }
    ]
  ],
  "5eeca646bfed7142cb310355": [
    [
      {
        "count": 33364.56,
        "_tpl": "5449016a4bdc2d6f028b456f"
      }
    ]
  ],
  "5eeca646bfed7142cb31035f": [
    [
      {
        "count": 83.74,
        "_tpl": "5449016a4bdc2d6f028b456f"
      }
    ]
  ],
  "5eeca646bfed7142cb310361": [
    [
      {
        "count": 1269.88,
        "_tpl": "5449016a4bdc2d6f028b456f"
      }
    ]
  ],
  "5eeca646bfed7142cb310363": [
    [
      {
        "count": 1957.82,
        "_tpl": "5449016a4bdc2d6f028b456f"
      }
    ]
  ],
  "5eeca646bfed7142cb310365": [
    [
      {
        "count": 2,
        "_tpl": "5734795124597738002c6176"
      }
    ]
  ],
  "5eeca646bfed7142cb310367": [
    [
      {
        "count": 40275.76,
        "_tpl": "5449016a4bdc2d6f028b456f"
      }
    ]
  ],
  "5eeca646bfed7142cb31036e": [
    [
      {
        "count": 836.34,
        "_tpl": "5449016a4bdc2d6f028b456f"
      }
    ]
  ],
  "5eeca646bfed7142cb310370": [
    [
      {
        "count": 159,
        "_tpl": "5449016a4bdc2d6f028b456f"
      }
    ]
  ],
  "5eeca646bfed7142cb310372": [
    [
      {
        "count": 498.2,
        "_tpl": "5449016a4bdc2d6f028b456f"
      }
    ]
  ],
  "5eeca646bfed7142cb310374": [
    [
      {
        "count": 1171.3,
        "_tpl": "5449016a4bdc2d6f028b456f"
      }
    ]
  ],
  "5eeca646bfed7142cb310376": [
    [
      {
        "count": 15427.24,
        "_tpl": "5449016a4bdc2d6f028b456f"
      }
    ]
  ],
  "5eeca646bfed7142cb31037c": [
    [
      {
        "count": 5,
        "_tpl": "5672cb304bdc2dc2088b456a"
      },
      {
        "count": 8,
        "_tpl": "5672cb124bdc2d1a0f8b4568"
      }
    ]
  ],
  "5eeca646bfed7142cb310386": [
    [
      {
        "count": 1592.12,
        "_tpl": "5449016a4bdc2d6f028b456f"
      }
    ]
  ],
  "5eeca646bfed7142cb310388": [
    [
      {
        "count": 1627.1,
        "_tpl": "5449016a4bdc2d6f028b456f"
      }
    ]
  ],
  "5eeca646bfed7142cb31038a": [
    [
      {
        "count": 1,
        "_tpl": "5d1b31ce86f7742523398394"
      }
    ]
  ],
  "5eeca646bfed7142cb31038c": [
    [
      {
        "count": 762.14,
        "_tpl": "5449016a4bdc2d6f028b456f"
      }
    ]
  ],
  "5eeca646bfed7142cb31038e": [
    [
      {
        "count": 2,
        "_tpl": "5b4329075acfc400153b78ff"
      }
    ]
  ],
  "5eeca646bfed7142cb310390": [
    [
      {
        "count": 55.12,
        "_tpl": "5449016a4bdc2d6f028b456f"
      }
    ]
  ],
  "5eeca646bfed7142cb310392": [
    [
      {
        "count": 228.96,
        "_tpl": "5449016a4bdc2d6f028b456f"
      }
    ]
  ],
  "5eeca646bfed7142cb310394": [
    [
      {
        "count": 66.78,
        "_tpl": "5449016a4bdc2d6f028b456f"
      }
    ]
  ],
  "5eeca646bfed7142cb310396": [
    [
      {
        "count": 2848.22,
        "_tpl": "5449016a4bdc2d6f028b456f"
      }
    ]
  ],
  "5eeca646bfed7142cb310398": [
    [
      {
        "count": 1582.58,
        "_tpl": "5449016a4bdc2d6f028b456f"
      }
    ]
  ],
  "5eeca646bfed7142cb31039a": [
    [
      {
        "count": 1,
        "_tpl": "57347c5b245977448d35f6e1"
      },
      {
        "count": 1,
        "_tpl": "57347c77245977448d35f6e2"
      }
    ]
  ],
  "5eeca646bfed7142cb31039d": [
    [
      {
        "count": 46865.78,
        "_tpl": "5449016a4bdc2d6f028b456f"
      }
    ]
  ],
  "5eeca646bfed7142cb3103a7": [
    [
      {
        "count": 899.94,
        "_tpl": "5449016a4bdc2d6f028b456f"
      }
    ]
  ],
  "5eeca646bfed7142cb3103a9": [
    [
      {
        "count": 848,
        "_tpl": "5449016a4bdc2d6f028b456f"
      }
    ]
  ],
  "5eeca646bfed7142cb3103ab": [
    [
      {
        "count": 1226.42,
        "_tpl": "5449016a4bdc2d6f028b456f"
      }
    ]
  ],
  "5eeca646bfed7142cb3103ad": [
    [
      {
        "count": 41.34,
        "_tpl": "5449016a4bdc2d6f028b456f"
      }
    ]
  ],
  "5eeca646bfed7142cb3103af": [
    [
      {
        "count": 30.74,
        "_tpl": "5449016a4bdc2d6f028b456f"
      }
    ]
  ],
  "5eeca646bfed7142cb3103b1": [
    [
      {
        "count": 48.76,
        "_tpl": "5449016a4bdc2d6f028b456f"
      }
    ]
  ],
  "5eeca646bfed7142cb3103b3": [
    [
      {
        "count": 446.68,
        "_tpl": "5449016a4bdc2d6f028b456f"
      }
    ]
  ],
  "5eeca646bfed7142cb3103b5": [
    [
      {
        "count": 42.4,
        "_tpl": "5449016a4bdc2d6f028b456f"
      }
    ]
  ],
  "5eeca646bfed7142cb3103b7": [
    [
      {
        "count": 13435.5,
        "_tpl": "5449016a4bdc2d6f028b456f"
      }
    ]
  ],
  "5eeca646bfed7142cb3103bb": [
    [
      {
        "count": 1408.74,
        "_tpl": "5449016a4bdc2d6f028b456f"
      }
    ]
  ],
  "5eeca646bfed7142cb3103bd": [
    [
      {
        "count": 66.78,
        "_tpl": "5449016a4bdc2d6f028b456f"
      }
    ]
  ],
  "5eeca646bfed7142cb3103bf": [
    [
      {
        "count": 39788.16,
        "_tpl": "5449016a4bdc2d6f028b456f"
      }
    ]
  ],
  "5eeca646bfed7142cb3103c9": [
    [
      {
        "count": 1074.84,
        "_tpl": "5449016a4bdc2d6f028b456f"
      }
    ]
  ],
  "5eeca646bfed7142cb3103cb": [
    [
      {
        "count": 52404.28,
        "_tpl": "5449016a4bdc2d6f028b456f"
      }
    ]
  ],
  "5eeca646bfed7142cb3103d5": [
    [
      {
        "count": 6,
        "_tpl": "573475fb24597737fb1379e1"
      },
      {
        "count": 4,
        "_tpl": "573476d324597737da2adc13"
      }
    ]
  ],
  "5eeca646bfed7142cb3103dc": [
    [
      {
        "count": 53,
        "_tpl": "5449016a4bdc2d6f028b456f"
      }
    ]
  ],
  "5eeca646bfed7142cb3103de": [
    [
      {
        "count": 2,
        "_tpl": "5c0fa877d174af02a012e1cf"
      },
      {
        "count": 2,
        "_tpl": "590c595c86f7747884343ad7"
      }
    ]
  ],
  "5eeca646bfed7142cb3103e0": [
    [
      {
        "count": 3297.66,
        "_tpl": "5449016a4bdc2d6f028b456f"
      }
    ]
  ],
  "5eeca646bfed7142cb3103e4": [
    [
      {
        "count": 87.98,
        "_tpl": "5449016a4bdc2d6f028b456f"
      }
    ]
  ],
  "5eeca646bfed7142cb3103e6": [
    [
      {
        "count": 74.2,
        "_tpl": "5449016a4bdc2d6f028b456f"
      }
    ]
  ],
  "5eeca646bfed7142cb3103e8": [
    [
      {
        "count": 37865.37,
        "_tpl": "5449016a4bdc2d6f028b456f"
      }
    ]
  ],
  "5eeca646bfed7142cb3103ea": [
    [
      {
        "count": 508.8,
        "_tpl": "5449016a4bdc2d6f028b456f"
      }
    ]
  ],
  "5eeca646bfed7142cb3103ec": [
    [
      {
        "count": 23.32,
        "_tpl": "5449016a4bdc2d6f028b456f"
      }
    ]
  ],
  "5eeca646bfed7142cb3103ee": [
    [
      {
        "count": 20921.01,
        "_tpl": "5449016a4bdc2d6f028b456f"
      }
    ]
  ],
  "5eeca646bfed7142cb3103f8": [
    [
      {
        "count": 72978.88,
        "_tpl": "5449016a4bdc2d6f028b456f"
      }
    ]
  ],
  "5eeca646bfed7142cb310402": [
    [
      {
        "count": 2931.96,
        "_tpl": "5449016a4bdc2d6f028b456f"
      }
    ]
  ],
  "5eeca646bfed7142cb310404": [
    [
      {
        "count": 10200.17,
        "_tpl": "5449016a4bdc2d6f028b456f"
      }
    ]
  ],
  "5eeca646bfed7142cb310406": [
    [
      {
        "count": 3643.75,
        "_tpl": "5449016a4bdc2d6f028b456f"
      }
    ]
  ],
  "5eeca646bfed7142cb310408": [
    [
      {
        "count": 65.72,
        "_tpl": "5449016a4bdc2d6f028b456f"
      }
    ]
  ],
  "5eeca646bfed7142cb31040a": [
    [
      {
        "count": 24559.14,
        "_tpl": "5449016a4bdc2d6f028b456f"
      }
    ]
  ],
  "5eeca646bfed7142cb31040f": [
    [
      {
        "count": 2152.86,
        "_tpl": "5449016a4bdc2d6f028b456f"
      }
    ]
  ],
  "5eeca646bfed7142cb310411": [
    [
      {
        "count": 293376.34,
        "_tpl": "5449016a4bdc2d6f028b456f"
      }
    ]
  ],
  "5eeca646bfed7142cb310419": [
    [
      {
        "count": 2859.88,
        "_tpl": "5449016a4bdc2d6f028b456f"
      }
    ]
  ],
  "5eeca646bfed7142cb31041b": [
    [
      {
        "count": 28029.58,
        "_tpl": "5449016a4bdc2d6f028b456f"
      }
    ]
  ],
  "5eeca646bfed7142cb310425": [
    [
      {
        "count": 281.01,
        "_tpl": "5449016a4bdc2d6f028b456f"
      }
    ]
  ],
  "5eeca646bfed7142cb310427": [
    [
      {
        "count": 54.06,
        "_tpl": "5449016a4bdc2d6f028b456f"
      }
    ]
  ],
  "5eeca646bfed7142cb310429": [
    [
      {
        "count": 1868.78,
        "_tpl": "5449016a4bdc2d6f028b456f"
      }
    ]
  ],
  "5eeca646bfed7142cb31042b": [
    [
      {
        "count": 498.2,
        "_tpl": "5449016a4bdc2d6f028b456f"
      }
    ]
  ],
  "5eeca646bfed7142cb31042d": [
    [
      {
        "count": 42879.12,
        "_tpl": "5449016a4bdc2d6f028b456f"
      }
    ]
  ],
  "5eeca646bfed7142cb310437": [
    [
      {
        "count": 2192.08,
        "_tpl": "5449016a4bdc2d6f028b456f"
      }
    ]
  ],
  "5eeca646bfed7142cb310439": [
    [
      {
        "count": 2,
        "_tpl": "590a3c0a86f774385a33c450"
      }
    ]
  ],
  "5eeca646bfed7142cb31043b": [
    [
      {
        "count": 22781.52,
        "_tpl": "5449016a4bdc2d6f028b456f"
      }
    ]
  ],
  "5eeca646bfed7142cb31043f": [
    [
      {
        "count": 8584.57,
        "_tpl": "5449016a4bdc2d6f028b456f"
      }
    ]
  ],
  "5eeca646bfed7142cb310441": [
    [
      {
        "count": 763.47,
        "_tpl": "5449016a4bdc2d6f028b456f"
      }
    ]
  ],
  "5eeca646bfed7142cb310443": [
    [
      {
        "count": 4915.22,
        "_tpl": "5449016a4bdc2d6f028b456f"
      }
    ]
  ],
  "5eeca646bfed7142cb310445": [
    [
      {
        "count": 68.9,
        "_tpl": "5449016a4bdc2d6f028b456f"
      }
    ]
  ],
  "5eeca646bfed7142cb310447": [
    [
      {
        "count": 51.94,
        "_tpl": "5449016a4bdc2d6f028b456f"
      }
    ]
  ],
  "5eeca646bfed7142cb310449": [
    [
      {
        "count": 146.28,
        "_tpl": "5449016a4bdc2d6f028b456f"
      }
    ]
  ],
  "5eeca646bfed7142cb31044b": [
    [
      {
        "count": 2567.32,
        "_tpl": "5449016a4bdc2d6f028b456f"
      }
    ]
  ],
  "5eeca646bfed7142cb31044d": [
    [
      {
        "count": 148.4,
        "_tpl": "5449016a4bdc2d6f028b456f"
      }
    ]
  ],
  "5eeca646bfed7142cb31044f": [
    [
      {
        "count": 38630.64,
        "_tpl": "5449016a4bdc2d6f028b456f"
      }
    ]
  ],
  "5eeca646bfed7142cb310459": [
    [
      {
        "count": 59.36,
        "_tpl": "5449016a4bdc2d6f028b456f"
      }
    ]
  ],
  "5eeca646bfed7142cb31045b": [
    [
      {
        "count": 292.56,
        "_tpl": "5449016a4bdc2d6f028b456f"
      }
    ]
  ],
  "5eeca646bfed7142cb31045d": [
    [
      {
        "count": 70.7,
        "_tpl": "5449016a4bdc2d6f028b456f"
      }
    ]
  ],
  "5eeca646bfed7142cb31045f": [
    [
      {
        "count": 208.82,
        "_tpl": "5449016a4bdc2d6f028b456f"
      }
    ]
  ],
  "5eeca646bfed7142cb310461": [
    [
      {
        "count": 642.36,
        "_tpl": "5449016a4bdc2d6f028b456f"
      }
    ]
  ],
  "5eeca646bfed7142cb310463": [
    [
      {
        "count": 14555.92,
        "_tpl": "5449016a4bdc2d6f028b456f"
      }
    ]
  ],
  "5eeca646bfed7142cb310465": [
    [
      {
        "count": 37023.68,
        "_tpl": "5449016a4bdc2d6f028b456f"
      }
    ]
  ],
  "5eeca646bfed7142cb31046f": [
    [
      {
        "count": 1083.32,
        "_tpl": "5449016a4bdc2d6f028b456f"
      }
    ]
  ],
  "5eeca646bfed7142cb310471": [
    [
      {
        "count": 1,
        "_tpl": "5d6fc87386f77449db3db94e"
      }
    ]
  ],
  "5eeca646bfed7142cb310474": [
    [
      {
        "count": 37961.78,
        "_tpl": "5449016a4bdc2d6f028b456f"
      }
    ]
  ],
  "5eeca646bfed7142cb31047e": [
    [
      {
        "count": 20378.5,
        "_tpl": "5449016a4bdc2d6f028b456f"
      }
    ]
  ],
  "5eeca646bfed7142cb310480": [
    [
      {
        "count": 1104.52,
        "_tpl": "5449016a4bdc2d6f028b456f"
      }
    ]
  ],
  "5eeca646bfed7142cb310482": [
    [
      {
        "count": 6808.38,
        "_tpl": "5449016a4bdc2d6f028b456f"
      }
    ]
  ],
  "5eeca646bfed7142cb310486": [
    [
      {
        "count": 2,
        "_tpl": "573478bc24597738002c6175"
      }
    ]
  ],
  "5eeca646bfed7142cb310490": [
    [
      {
        "count": 516.75,
        "_tpl": "5449016a4bdc2d6f028b456f"
      }
    ]
  ],
  "5eeca646bfed7142cb310492": [
    [
      {
        "count": 2,
        "_tpl": "590a386e86f77429692b27ab"
      }
    ]
  ],
  "5eeca646bfed7142cb310494": [
    [
      {
        "count": 82.68,
        "_tpl": "5449016a4bdc2d6f028b456f"
      }
    ]
  ],
  "5eeca646bfed7142cb310496": [
    [
      {
        "count": 20971.04,
        "_tpl": "5449016a4bdc2d6f028b456f"
      }
    ]
  ],
  "5eeca646bfed7142cb310498": [
    [
      {
        "count": 348.69,
        "_tpl": "5449016a4bdc2d6f028b456f"
      }
    ]
  ],
  "5eeca646bfed7142cb31049a": [
    [
      {
        "count": 5,
        "_tpl": "573475fb24597737fb1379e1"
      }
    ]
  ],
  "5eeca646bfed7142cb3104a5": [
    [
      {
        "count": 31.8,
        "_tpl": "5449016a4bdc2d6f028b456f"
      }
    ]
  ],
  "5eeca646bfed7142cb3104a7": [
    [
      {
        "count": 29470.12,
        "_tpl": "5449016a4bdc2d6f028b456f"
      }
    ]
  ],
  "5eeca646bfed7142cb3104af": [
    [
      {
        "count": 37408.67,
        "_tpl": "5449016a4bdc2d6f028b456f"
      }
    ]
  ],
  "5eeca646bfed7142cb3104b1": [
    [
      {
        "count": 4,
        "_tpl": "590c2b4386f77425357b6123"
      }
    ]
  ],
  "5eeca646bfed7142cb3104b3": [
    [
      {
        "count": 849.06,
        "_tpl": "5449016a4bdc2d6f028b456f"
      }
    ]
  ],
  "5eeca646bfed7142cb3104b5": [
    [
      {
        "count": 44402.34,
        "_tpl": "5449016a4bdc2d6f028b456f"
      }
    ]
  ],
  "5eeca646bfed7142cb3104b7": [
    [
      {
        "count": 106,
        "_tpl": "5449016a4bdc2d6f028b456f"
      }
    ]
  ],
  "5eeca646bfed7142cb3104b9": [
    [
      {
        "count": 1,
        "_tpl": "5d6fc78386f77449d825f9dc"
      }
    ]
  ],
  "5eeca646bfed7142cb3104bb": [
    [
      {
        "count": 2277.94,
        "_tpl": "5449016a4bdc2d6f028b456f"
      }
    ]
  ],
  "5eeca646bfed7142cb3104bd": [
    [
      {
        "count": 2051.1,
        "_tpl": "5449016a4bdc2d6f028b456f"
      }
    ]
  ],
  "5eeca646bfed7142cb3104bf": [
    [
      {
        "count": 1,
        "_tpl": "590a373286f774287540368b"
      }
    ]
  ],
  "5eeca646bfed7142cb3104c1": [
    [
      {
        "count": 46468.28,
        "_tpl": "5449016a4bdc2d6f028b456f"
      }
    ]
  ],
  "5eeca646bfed7142cb3104c3": [
    [
      {
        "count": 78.44,
        "_tpl": "5449016a4bdc2d6f028b456f"
      }
    ]
  ],
  "5eeca646bfed7142cb3104c5": [
    [
      {
        "count": 46478.52,
        "_tpl": "5449016a4bdc2d6f028b456f"
      }
    ]
  ],
  "5eeca646bfed7142cb3104cc": [
    [
      {
        "count": 45.58,
        "_tpl": "5449016a4bdc2d6f028b456f"
      }
    ]
  ],
  "5eeca646bfed7142cb3104ce": [
    [
      {
        "count": 1270.94,
        "_tpl": "5449016a4bdc2d6f028b456f"
      }
    ]
  ],
  "5eeca646bfed7142cb3104d0": [
    [
      {
        "count": 15565.04,
        "_tpl": "5449016a4bdc2d6f028b456f"
      }
    ]
  ],
  "5eeca646bfed7142cb3104d2": [
    [
      {
        "count": 809.84,
        "_tpl": "5449016a4bdc2d6f028b456f"
      }
    ]
  ],
  "5eeca646bfed7142cb3104d4": [
    [
      {
        "count": 555.44,
        "_tpl": "5449016a4bdc2d6f028b456f"
      }
    ]
  ],
  "5eeca646bfed7142cb3104d6": [
    [
      {
        "count": 783.34,
        "_tpl": "5449016a4bdc2d6f028b456f"
      }
    ]
  ],
  "5eeca646bfed7142cb3104d8": [
    [
      {
        "count": 4770,
        "_tpl": "5449016a4bdc2d6f028b456f"
      }
    ]
  ],
  "5eeca646bfed7142cb3104da": [
    [
      {
        "count": 2,
        "_tpl": "590c5a7286f7747884343aea"
      },
      {
        "count": 65,
        "_tpl": "5a6086ea4f39f99cd479502f"
      }
    ]
  ],
  "5eeca646bfed7142cb3104e8": [
    [
      {
        "count": 1055.76,
        "_tpl": "5449016a4bdc2d6f028b456f"
      }
    ]
  ],
  "5eeca646bfed7142cb3104ea": [
    [
      {
        "count": 1717.2,
        "_tpl": "5449016a4bdc2d6f028b456f"
      }
    ]
  ],
  "5eeca646bfed7142cb3104ec": [
    [
      {
        "count": 1590,
        "_tpl": "5449016a4bdc2d6f028b456f"
      }
    ]
  ],
  "5eeca646bfed7142cb3104ee": [
    [
      {
        "count": 1055.76,
        "_tpl": "5449016a4bdc2d6f028b456f"
      }
    ]
  ],
  "5eeca646bfed7142cb3104f0": [
    [
      {
        "count": 930.68,
        "_tpl": "5449016a4bdc2d6f028b456f"
      }
    ]
  ],
  "5eeca646bfed7142cb3104f2": [
    [
      {
        "count": 23857.42,
        "_tpl": "5449016a4bdc2d6f028b456f"
      }
    ]
  ],
  "5eeca646bfed7142cb3104f4": [
    [
      {
        "count": 24746.76,
        "_tpl": "5449016a4bdc2d6f028b456f"
      }
    ]
  ],
  "5eeca646bfed7142cb3104f6": [
    [
      {
        "count": 1694.94,
        "_tpl": "5449016a4bdc2d6f028b456f"
      }
    ]
  ],
  "5eeca646bfed7142cb3104f8": [
    [
      {
        "count": 848,
        "_tpl": "5449016a4bdc2d6f028b456f"
      }
    ]
  ],
  "5eeca646bfed7142cb3104fa": [
    [
      {
        "count": 848,
        "_tpl": "5449016a4bdc2d6f028b456f"
      }
    ]
  ],
  "5eeca646bfed7142cb3104fc": [
    [
      {
        "count": 92162.76,
        "_tpl": "5449016a4bdc2d6f028b456f"
      }
    ]
  ],
  "5eeca646bfed7142cb310509": [
    [
      {
        "count": 10472.8,
        "_tpl": "5449016a4bdc2d6f028b456f"
      }
    ]
  ],
  "5eeca647bfed7142cb31050b": [
    [
      {
        "count": 3975,
        "_tpl": "5449016a4bdc2d6f028b456f"
      }
    ]
  ],
  "5eeca647bfed7142cb31050d": [
    [
      {
        "count": 38946.52,
        "_tpl": "5449016a4bdc2d6f028b456f"
      }
    ]
  ],
  "5eeca647bfed7142cb31050f": [
    [
      {
        "count": 424,
        "_tpl": "5449016a4bdc2d6f028b456f"
      }
    ]
  ],
  "5eeca647bfed7142cb310511": [
    [
      {
        "count": 5106.02,
        "_tpl": "5449016a4bdc2d6f028b456f"
      }
    ]
  ],
  "5eeca647bfed7142cb310513": [
    [
      {
        "count": 19911.04,
        "_tpl": "5449016a4bdc2d6f028b456f"
      }
    ]
  ],
  "5eeca647bfed7142cb310515": [
    [
      {
        "count": 23065.14,
        "_tpl": "5449016a4bdc2d6f028b456f"
      }
    ]
  ],
  "5eeca647bfed7142cb31051a": [
    [
      {
        "count": 3,
        "_tpl": "57347d7224597744596b4e72"
      }
    ]
  ],
  "5eeca647bfed7142cb310524": [
    [
      {
        "count": 66568,
        "_tpl": "5449016a4bdc2d6f028b456f"
      }
    ]
  ],
  "5eeca647bfed7142cb310531": [
    [
      {
        "count": 18851.04,
        "_tpl": "5449016a4bdc2d6f028b456f"
      }
    ]
  ],
  "5eeca647bfed7142cb310533": [
    [
      {
        "count": 610.56,
        "_tpl": "5449016a4bdc2d6f028b456f"
      }
    ]
  ],
  "5eeca647bfed7142cb310535": [
    [
      {
        "count": 26712,
        "_tpl": "5449016a4bdc2d6f028b456f"
      }
    ]
  ],
  "5eeca647bfed7142cb310537": [
    [
      {
        "count": 1855,
        "_tpl": "5449016a4bdc2d6f028b456f"
      }
    ]
  ],
  "5eeca647bfed7142cb310539": [
    [
      {
        "count": 1992.8,
        "_tpl": "5449016a4bdc2d6f028b456f"
      }
    ]
  ],
  "5eeca647bfed7142cb31053b": [
    [
      {
        "count": 23532,
        "_tpl": "5449016a4bdc2d6f028b456f"
      }
    ]
  ],
  "5eeca647bfed7142cb31053d": [
    [
      {
        "count": 292.56,
        "_tpl": "5449016a4bdc2d6f028b456f"
      }
    ]
  ],
  "5eeca647bfed7142cb31053f": [
    [
      {
        "count": 15370,
        "_tpl": "5449016a4bdc2d6f028b456f"
      }
    ]
  ],
  "5eeca647bfed7142cb310549": [
    [
      {
        "count": 360.4,
        "_tpl": "5449016a4bdc2d6f028b456f"
      }
    ]
  ],
  "5eeca647bfed7142cb31054b": [
    [
      {
        "count": 5,
        "_tpl": "5d0376a486f7747d8050965c"
      }
    ]
  ],
  "5eeca647bfed7142cb310552": [
    [
      {
        "count": 602.88,
        "_tpl": "5449016a4bdc2d6f028b456f"
      }
    ]
  ],
  "5eeca647bfed7142cb310554": [
    [
      {
        "count": 341.32,
        "_tpl": "5449016a4bdc2d6f028b456f"
      }
    ]
  ],
  "5eeca647bfed7142cb310556": [
    [
      {
        "count": 2597,
        "_tpl": "5449016a4bdc2d6f028b456f"
      }
    ]
  ],
  "5eeca647bfed7142cb310558": [
    [
      {
        "count": 1083.32,
        "_tpl": "5449016a4bdc2d6f028b456f"
      }
    ]
  ],
  "5eeca647bfed7142cb31055a": [
    [
      {
        "count": 2366.98,
        "_tpl": "5449016a4bdc2d6f028b456f"
      }
    ]
  ],
  "5eeca647bfed7142cb31055c": [
    [
      {
        "count": 1401.32,
        "_tpl": "5449016a4bdc2d6f028b456f"
      }
    ]
  ],
  "5eeca647bfed7142cb31055e": [
    [
      {
        "count": 30740,
        "_tpl": "5449016a4bdc2d6f028b456f"
      }
    ]
  ],
  "5eeca647bfed7142cb310560": [
    [
      {
        "count": 2298.08,
        "_tpl": "5449016a4bdc2d6f028b456f"
      }
    ]
  ],
  "5eeca647bfed7142cb310562": [
    [
      {
        "count": 1189.32,
        "_tpl": "5449016a4bdc2d6f028b456f"
      }
    ]
  ],
  "5eeca647bfed7142cb310564": [
    [
      {
        "count": 2226,
        "_tpl": "5449016a4bdc2d6f028b456f"
      }
    ]
  ],
  "5eeca647bfed7142cb310566": [
    [
      {
        "count": 6466,
        "_tpl": "5449016a4bdc2d6f028b456f"
      }
    ]
  ],
  "5eeca647bfed7142cb310568": [
    [
      {
        "count": 21995,
        "_tpl": "5449016a4bdc2d6f028b456f"
      }
    ]
  ],
  "5eeca647bfed7142cb31056a": [
    [
      {
        "count": 38042.34,
        "_tpl": "5449016a4bdc2d6f028b456f"
      }
    ]
  ],
  "5eeca647bfed7142cb31056c": [
    [
      {
        "count": 6996,
        "_tpl": "5449016a4bdc2d6f028b456f"
      }
    ]
  ],
  "5eeca647bfed7142cb31056e": [
    [
      {
        "count": 5,
        "_tpl": "57347cd0245977445a2d6ff1"
      }
    ]
  ],
  "5eeca647bfed7142cb310578": [
    [
      {
        "count": 12932,
        "_tpl": "5449016a4bdc2d6f028b456f"
      }
    ]
  ],
  "5eeca647bfed7142cb31057a": [
    [
      {
        "count": 1179.41,
        "_tpl": "5449016a4bdc2d6f028b456f"
      }
    ]
  ],
  "5eeca647bfed7142cb31057c": [
    [
      {
        "count": 2,
        "_tpl": "5c13cef886f774072e618e82"
      },
      {
        "count": 2,
        "_tpl": "57347c93245977448d35f6e3"
      }
    ]
  ],
  "5eeca647bfed7142cb310586": [
    [
      {
        "count": 555.44,
        "_tpl": "5449016a4bdc2d6f028b456f"
      }
    ]
  ],
  "5eeca647bfed7142cb310588": [
    [
      {
        "count": 930.68,
        "_tpl": "5449016a4bdc2d6f028b456f"
      }
    ]
  ],
  "5eeca647bfed7142cb31058a": [
    [
      {
        "count": 2088.2,
        "_tpl": "5449016a4bdc2d6f028b456f"
      }
    ]
  ],
  "5eeca647bfed7142cb31058c": [
    [
      {
        "count": 1908,
        "_tpl": "5449016a4bdc2d6f028b456f"
      }
    ]
  ],
  "5eeca647bfed7142cb31058e": [
    [
      {
        "count": 1723.56,
        "_tpl": "5449016a4bdc2d6f028b456f"
      }
    ]
  ],
  "5eeca647bfed7142cb310590": [
    [
      {
        "count": 15158,
        "_tpl": "5449016a4bdc2d6f028b456f"
      }
    ]
  ],
  "5eeca647bfed7142cb310592": [
    [
      {
        "count": 9761.54,
        "_tpl": "5449016a4bdc2d6f028b456f"
      }
    ]
  ],
  "5eeca647bfed7142cb310594": [
    [
      {
        "count": 2671.2,
        "_tpl": "5449016a4bdc2d6f028b456f"
      }
    ]
  ],
  "5eeca647bfed7142cb310596": [
    [
      {
        "count": 250.43,
        "_tpl": "5449016a4bdc2d6f028b456f"
      }
    ]
  ],
  "5eeca647bfed7142cb310598": [
    [
      {
        "count": 2,
        "_tpl": "5d0375ff86f774186372f685"
      }
    ]
  ],
  "5eeca647bfed7142cb31059a": [
    [
      {
        "count": 596.57,
        "_tpl": "5449016a4bdc2d6f028b456f"
      }
    ]
  ],
  "5eeca647bfed7142cb31059c": [
    [
      {
        "count": 7632,
        "_tpl": "5449016a4bdc2d6f028b456f"
      }
    ]
  ],
  "5eeca647bfed7142cb31059e": [
    [
      {
        "count": 973.88,
        "_tpl": "5449016a4bdc2d6f028b456f"
      }
    ]
  ],
  "5eeca647bfed7142cb3105a0": [
    [
      {
        "count": 638.12,
        "_tpl": "5449016a4bdc2d6f028b456f"
      }
    ]
  ],
  "5eeca647bfed7142cb3105a2": [
    [
      {
        "count": 636,
        "_tpl": "5449016a4bdc2d6f028b456f"
      }
    ]
  ],
  "5eeca647bfed7142cb3105a4": [
    [
      {
        "count": 8,
        "level": 25,
        "side": "Usec",
        "_tpl": "59f32c3b86f77472a31742f0"
      }
    ]
  ],
  "5eeca647bfed7142cb3105a6": [
    [
      {
        "count": 2788.86,
        "_tpl": "5449016a4bdc2d6f028b456f"
      }
    ]
  ],
  "5eeca647bfed7142cb3105a8": [
    [
      {
        "count": 1,
        "_tpl": "5d1c819a86f774771b0acd6c"
      }
    ]
  ],
  "5eeca647bfed7142cb3105aa": [
    [
      {
        "count": 25866.12,
        "_tpl": "5449016a4bdc2d6f028b456f"
      }
    ]
  ],
  "5eeca647bfed7142cb3105b0": [
    [
      {
        "count": 16960,
        "_tpl": "5449016a4bdc2d6f028b456f"
      }
    ]
  ],
  "5eff99fe2e3bbe575000ed57": [
    [
      {
        "count": 2,
        "_tpl": "5751496424597720a27126da"
      }
    ]
  ]
}