{"_id":"5d1f58a086f7743f8362bcd9","_name":"bear_lower_gorkakobra","_parent":"5cc0869814c02e000a4cad94","_type":"Item","_props":{"Name":"DefaultBeerFeet","ShortName":"DefaultBeerFeet","Description":"DefaultBeerFeet","Side":["Bear"],"BodyPart":"Feet","Prefab":{"path":"assets/content/characters/character/prefabs/pants_bear_gorkae.bundle","rcid":""},"WatchPrefab":{"path":"","rcid":""},"IntegratedArmorVest":false,"WatchPosition":{"x":0,"y":0,"z":0},"WatchRotation":{"x":0,"y":0,"z":0}},"_proto":"5cc085bb14c02e000e67a5c5"}