{"_id":"5d1f5b0686f7743f8362bcde","_name":"usec_hands_aggressor","_parent":"5cc086a314c02e000c6bea69","_type":"Item","_props":{"Name":"DefaultUsecHands","ShortName":"DefaultUsecHands","Description":"DefaultUsecHands","Side":["Usec"],"BodyPart":"Hands","Prefab":{"path":"assets/content/hands/hands_usec_aggressor_parka/hands_usec_aggressor_parka.skin.bundle","rcid":""},"WatchPrefab":{"path":"","rcid":""},"IntegratedArmorVest":false,"WatchPosition":{"x":0,"y":0,"z":0},"WatchRotation":{"x":0,"y":0,"z":0}},"_proto":"5cde95fa7d6c8b04737c2d13"}