{"_id":"5d1f56f186f7744bcb0acd1a","_name":"usec_upper_infiltrator","_parent":"5cc0868e14c02e000c6bea68","_type":"Item","_props":{"Name":"DefaultUsecBody","ShortName":"DefaultUsecBody","Description":"DefaultUsecBody","Side":["Usec"],"BodyPart":"Body","Prefab":{"path":"assets/content/characters/character/prefabs/tshirt_usec_combatshirt.bundle","rcid":""},"WatchPrefab":{"path":"","rcid":""},"IntegratedArmorVest":false,"WatchPosition":{"x":0,"y":0,"z":0},"WatchRotation":{"x":0,"y":0,"z":0}},"_proto":"5cde95d97d6c8b647a3769b0"}