{"_id":"5d1f568486f7744bca3f0b98","_name":"bear_upper_fsbfastresponse","_parent":"5cc0868e14c02e000c6bea68","_type":"Item","_props":{"Name":"DeafaultBearBody","ShortName":"DeafaultBearBody","Description":"DeafaultBearBody","Side":["Bear"],"BodyPart":"Body","Prefab":{"path":"assets/content/characters/character/prefabs/top_bear_fsbfastresponse.bundle","rcid":""},"WatchPrefab":{"path":"","rcid":""},"IntegratedArmorVest":false,"WatchPosition":{"x":0,"y":0,"z":0},"WatchRotation":{"x":0,"y":0,"z":0}},"_proto":"5cc0858d14c02e000c6bea66"}