{"_id":"5d1f5b5386f7744bcc048757","_name":"usec_hands_pcuironsight","_parent":"5cc086a314c02e000c6bea69","_type":"Item","_props":{"Name":"DefaultUsecHands","ShortName":"DefaultUsecHands","Description":"DefaultUsecHands","Side":["Usec"],"BodyPart":"Hands","Prefab":{"path":"assets/content/hands/hands_usec_orc_pcu/hands_usec_orc_pcu.skin.bundle","rcid":""},"WatchPrefab":{"path":"","rcid":""},"IntegratedArmorVest":false,"WatchPosition":{"x":0,"y":0,"z":0},"WatchRotation":{"x":0,"y":0,"z":0}},"_proto":"5cde95fa7d6c8b04737c2d13"}