{"_id":"5d1f5b3f86f7744bcd1345a2","_name":"usec_hands_infiltrator","_parent":"5cc086a314c02e000c6bea69","_type":"Item","_props":{"Name":"DefaultUsecHands","ShortName":"DefaultUsecHands","Description":"DefaultUsecHands","Side":["Usec"],"BodyPart":"Hands","Prefab":{"path":"assets/content/hands/hands_usec_combatshirt/hands_usec_combatshirt.skin.bundle","rcid":""},"WatchPrefab":{"path":"","rcid":""},"IntegratedArmorVest":false,"WatchPosition":{"x":0,"y":0,"z":0},"WatchRotation":{"x":0,"y":0,"z":0}},"_proto":"5cde95fa7d6c8b04737c2d13"}