{"_id":"5d1f5ac086f7744bcd1345a0","_name":"bear_hands_ghostmarksman","_parent":"5cc086a314c02e000c6bea69","_type":"Item","_props":{"Name":"DefaultBearHands","ShortName":"DefaultBearHands","Description":"DefaultBearHands","Side":["Bear"],"BodyPart":"Hands","Prefab":{"path":"assets/content/hands/hands_bear_ghostmarksman/hands_bear_ghostmarksman.skin.bundle","rcid":""},"WatchPrefab":{"path":"assets/content/hands/bear/bear_watch.bundle","rcid":""},"IntegratedArmorVest":false,"WatchPosition":{"x":-0.03921,"y":0.00221,"z":0.03807},"WatchRotation":{"x":-1.730347,"y":-0.2073975,"z":2.133699}},"_proto":"5cc0876314c02e000c6bea6b"}