{"_id":"5d28af7886f77429275dba25","_name":"wild_pmcBot_feet","_parent":"5cc0869814c02e000a4cad94","_type":"Item","_props":{"Name":"wild_pmcBot_feet","ShortName":"wild_pmcBot_feet","Description":"wild_pmcBot_feet","Side":["Savage"],"BodyPart":"Feet","Prefab":{"path":"assets/content/characters/character/prefabs/pants_wild_scavelite.bundle","rcid":""},"WatchPrefab":{"path":"","rcid":""},"IntegratedArmorVest":false,"WatchPosition":{"x":0,"y":0,"z":0},"WatchRotation":{"x":0,"y":0,"z":0}},"_proto":"5cde9fb87d6c8b0474535da9"}