{"_id":"5d28b3a186f7747f7e69ab8c","_name":"Wild_Dealmaker_feet","_parent":"5cc0869814c02e000a4cad94","_type":"Item","_props":{"Name":"Wild_Dealmaker_feet","ShortName":"Wild_Dealmaker_feet","Description":"Wild_Dealmaker_feet","Side":["Savage"],"BodyPart":"Feet","Prefab":{"path":"assets/content/characters/character/prefabs/wild_dealmaker_feet.bundle","rcid":""},"WatchPrefab":{"path":"","rcid":""},"IntegratedArmorVest":false,"WatchPosition":{"x":0,"y":0,"z":0},"WatchRotation":{"x":0,"y":0,"z":0}},"_proto":"5cde9fb87d6c8b0474535da9"}