{"_id":"5d28adcb86f77429242fc893","_name":"Wild_Dealmaker_body","_parent":"5cc0868e14c02e000c6bea68","_type":"Item","_props":{"Name":"wild_body_1","ShortName":"wild_body_1","Description":"wild_body_1","Side":["Savage"],"BodyPart":"Body","Prefab":{"path":"assets/content/characters/character/prefabs/wild_dealmaker_body.bundle","rcid":""},"WatchPrefab":{"path":"","rcid":""},"IntegratedArmorVest":false,"WatchPosition":{"x":0,"y":0,"z":0},"WatchRotation":{"x":0,"y":0,"z":0}},"_proto":"5cde9f337d6c8b0474535da8"}