{"_id":"5d28b03e86f7747f7e69ab8a","_name":"Wild_Killa_head","_parent":"5cc085e214c02e000c6bea67","_type":"Item","_props":{"Name":"Wild_Killa_head","ShortName":"Wild_Killa_head","Description":"Wild_Killa_head","Side":["Savage"],"BodyPart":"Head","Prefab":{"path":"assets/content/characters/character/prefabs/head_boss_killa.bundle","rcid":""},"WatchPrefab":{"path":"","rcid":""},"IntegratedArmorVest":false,"WatchPosition":{"x":0,"y":0,"z":0},"WatchRotation":{"x":0,"y":0,"z":0}},"_proto":"5cde9ff17d6c8b0474535daa"}