{"_id":"5d28ae4986f7742926686187","_name":"wild_pmcBot_body","_parent":"5cc0868e14c02e000c6bea68","_type":"Item","_props":{"Name":"wild_pmcBot_body","ShortName":"wild_pmcBot_body","Description":"wild_pmcBot_body","Side":["Savage"],"BodyPart":"Body","Prefab":{"path":"assets/content/characters/character/prefabs/top_wild_scavelite.bundle","rcid":""},"WatchPrefab":{"path":"","rcid":""},"IntegratedArmorVest":false,"WatchPosition":{"x":0,"y":0,"z":0},"WatchRotation":{"x":0,"y":0,"z":0}},"_proto":"5cde9f337d6c8b0474535da8"}