{"_id":"5d28b01486f77429242fc898","_name":"Wild_Dealmaker_head","_parent":"5cc085e214c02e000c6bea67","_type":"Item","_props":{"Name":"Wild_Dealmaker_head","ShortName":"Wild_Dealmaker_head","Description":"Wild_Dealmaker_head","Side":["Savage"],"BodyPart":"Head","Prefab":{"path":"assets/content/characters/character/prefabs/wild_dealmaker_head.bundle","rcid":""},"WatchPrefab":{"path":"","rcid":""},"IntegratedArmorVest":false,"WatchPosition":{"x":0,"y":0,"z":0},"WatchRotation":{"x":0,"y":0,"z":0}},"_proto":"5cde9ff17d6c8b0474535daa"}