{"_id":"5d5e7dd786f7744a7a274322","_name":"wild_Gluhar_body","_parent":"5cc0868e14c02e000c6bea68","_type":"Item","_props":{"Name":"wild_Gluhar_body","ShortName":"wild_Gluhar_body","Description":"wild_Gluhar_body","Side":["Savage"],"BodyPart":"Body","Prefab":{"path":"assets/content/characters/character/prefabs/top_boss_glukhar.bundle","rcid":""},"WatchPrefab":{"path":"","rcid":""},"IntegratedArmorVest":true,"WatchPosition":{"x":0,"y":0,"z":0},"WatchRotation":{"x":0,"y":0,"z":0}},"_proto":"5cdea33e7d6c8b0474535dac"}