{"_id":"5d5e7c9186f774393602d6f9","_name":"wild_Shturman_body","_parent":"5cc0868e14c02e000c6bea68","_type":"Item","_props":{"Name":"wild_Shturman_body","ShortName":"wild_Shturman_body","Description":"wild_Shturman_body","Side":["Savage"],"BodyPart":"Body","Prefab":{"path":"assets/content/characters/character/prefabs/top_boss_shturman_skin.bundle","rcid":""},"WatchPrefab":{"path":"","rcid":""},"IntegratedArmorVest":false,"WatchPosition":{"x":0,"y":0,"z":0},"WatchRotation":{"x":0,"y":0,"z":0}},"_proto":"5cdea33e7d6c8b0474535dac"}