{"_id":"5d5e7e8386f774393602d6fa","_name":"Top_security_Gorka4","_parent":"5cc0868e14c02e000c6bea68","_type":"Item","_props":{"Name":"Top_security_Gorka4","ShortName":"Top_security_Gorka4","Description":"Top_security_Gorka4","Side":["Savage"],"BodyPart":"Body","Prefab":{"path":"assets/content/characters/character/prefabs/top_security_gorka4.bundle","rcid":""},"WatchPrefab":{"path":"","rcid":""},"IntegratedArmorVest":false,"WatchPosition":{"x":0,"y":0,"z":0},"WatchRotation":{"x":0,"y":0,"z":0}},"_proto":"5cdea33e7d6c8b0474535dac"}