{"_id":"5d5e7e4a86f774279a21cc0d","_name":"Tshirt_security_TshirtTatu_01","_parent":"5cc0868e14c02e000c6bea68","_type":"Item","_props":{"Name":"Tshirt_security_TshirtTatu_01","ShortName":"Tshirt_security_TshirtTatu_01","Description":"Tshirt_security_TshirtTatu_01","Side":["Savage"],"BodyPart":"Body","Prefab":{"path":"assets/content/characters/character/prefabs/tshirt_security_tshirttatu_01.bundle","rcid":""},"WatchPrefab":{"path":"","rcid":""},"IntegratedArmorVest":false,"WatchPosition":{"x":0,"y":0,"z":0},"WatchRotation":{"x":0,"y":0,"z":0}},"_proto":"5cdea33e7d6c8b0474535dac"}