{"_id":"5d5e7f4986f7746956659f8a","_name":"Pants_security_Gorka4","_parent":"5cc0869814c02e000a4cad94","_type":"Item","_props":{"Name":"Pants_security_Gorka4","ShortName":"Pants_security_Gorka4","Description":"Pants_security_Gorka4","Side":["Savage"],"BodyPart":"Feet","Prefab":{"path":"assets/content/characters/character/prefabs/pants_security_gorka4.bundle","rcid":""},"WatchPrefab":{"path":"","rcid":""},"IntegratedArmorVest":false,"WatchPosition":{"x":0,"y":0,"z":0},"WatchRotation":{"x":0,"y":0,"z":0}},"_proto":"5cdea3c47d6c8b0475341734"}