{"_id":"5d5e7f8986f7742798716582","_name":"Pants_security_Flora","_parent":"5cc0869814c02e000a4cad94","_type":"Item","_props":{"Name":"Pants_security_Flora","ShortName":"Pants_security_Flora","Description":"Pants_security_Flora","Side":["Savage"],"BodyPart":"Feet","Prefab":{"path":"assets/content/characters/character/prefabs/pants_security_flora.bundle","rcid":""},"WatchPrefab":{"path":"","rcid":""},"IntegratedArmorVest":false,"WatchPosition":{"x":0,"y":0,"z":0},"WatchRotation":{"x":0,"y":0,"z":0}},"_proto":"5cdea3c47d6c8b0475341734"}