{"_id":"5d5e7f3c86f7742797262063","_name":"Pants_BOSS_Shturman","_parent":"5cc0869814c02e000a4cad94","_type":"Item","_props":{"Name":"Pants_BOSS_Shturman","ShortName":"Pants_BOSS_Shturman","Description":"Pants_BOSS_Shturman","Side":["Savage"],"BodyPart":"Feet","Prefab":{"path":"assets/content/characters/character/prefabs/pants_boss_shturman.bundle","rcid":""},"WatchPrefab":{"path":"","rcid":""},"IntegratedArmorVest":false,"WatchPosition":{"x":0,"y":0,"z":0},"WatchRotation":{"x":0,"y":0,"z":0}},"_proto":"5cdea3c47d6c8b0475341734"}