{"_id":"5d5f8ba486f77431254e7fd2","_name":"Wild_Head_nonMesh","_parent":"5cc085e214c02e000c6bea67","_type":"Item","_props":{"Name":"Wild_Head_nonMesh","ShortName":"Wild_Head_nonMesh","Description":"Wild_Head_nonMesh","Side":["Savage"],"BodyPart":"Head","Prefab":{"path":"assets/content/characters/character/prefabs/wild_head_nonmesh.bundle","rcid":""},"WatchPrefab":{"path":"","rcid":""},"IntegratedArmorVest":false,"WatchPosition":{"x":0,"y":0,"z":0},"WatchRotation":{"x":0,"y":0,"z":0}},"_proto":"5cde9ff17d6c8b0474535daa"}