{"_id":"5df89f1f86f77412631087ea","_name":"bear_upper_zaslon","_parent":"5cc0868e14c02e000c6bea68","_type":"Item","_props":{"Name":"DeafaultBearBody","ShortName":"DeafaultBearBody","Description":"DeafaultBearBody","Side":["Bear"],"BodyPart":"Body","Prefab":{"path":"assets/content/characters/character/prefabs/top_bear_zaslon.bundle","rcid":""},"WatchPrefab":{"path":"","rcid":""},"IntegratedArmorVest":false,"WatchPosition":{"x":0,"y":0,"z":0},"WatchRotation":{"x":0,"y":0,"z":0}},"_proto":"5cc0858d14c02e000c6bea66"}