{"_id":"5e4bb35286f77406a511c9bc","_name":"usec_upper_tier_2","_parent":"5cc0868e14c02e000c6bea68","_type":"Item","_props":{"Name":"DefaultUsecBody","ShortName":"DefaultUsecBody","Description":"DefaultUsecBody","Side":["Usec"],"BodyPart":"Body","Prefab":{"path":"assets/content/characters/character/prefabs/top_usec_tier2.bundle","rcid":""},"WatchPrefab":{"path":"","rcid":""},"IntegratedArmorVest":false,"WatchPosition":{"x":0,"y":0,"z":0},"WatchRotation":{"x":0,"y":0,"z":0}},"_proto":"5cde95d97d6c8b647a3769b0"}