{"_id":"5e4bb49586f77406a313ec5a","_name":"SavageHands_russia1","_parent":"5cc086a314c02e000c6bea69","_type":"Item","_props":{"Name":"SavageHands1","ShortName":"SavageHands1","Description":"SavageHands1","Side":["Savage"],"BodyPart":"Hands","Prefab":{"path":"assets/content/hands/hands_wild_russia/hands_wild_russia.skin.bundle","rcid":""},"WatchPrefab":{"path":"","rcid":""},"IntegratedArmorVest":false,"WatchPosition":{"x":0,"y":0,"z":0},"WatchRotation":{"x":0,"y":0,"z":0}},"_proto":"5cc2e68f14c02e28b47de290"}