{"_id":"5e99767c86f7741ac7399393","_name":"Head_BOSS_Sanitar","_parent":"5cc085e214c02e000c6bea67","_type":"Item","_props":{"Name":"Head_BOSS_Sanitar","ShortName":"Head_BOSS_Sanitar","Description":"Head_BOSS_Sanitar","Side":["Savage"],"BodyPart":"Head","Prefab":{"path":"assets/content/characters/character/prefabs/head_boss_sanitar.bundle","rcid":""},"WatchPrefab":{"path":"","rcid":""},"IntegratedArmorVest":false,"WatchPosition":{"x":0,"y":0,"z":0},"WatchRotation":{"x":0,"y":0,"z":0}},"_proto":"5cde9ff17d6c8b0474535daa"}