{"_id":"5e9da1d086f774054a667134","_name":"wild_body_motocross","_parent":"5cc0868e14c02e000c6bea68","_type":"Item","_props":{"Name":"wild_body","ShortName":"wild_body","Description":"wild_body","Side":["Savage"],"BodyPart":"Body","Prefab":{"path":"assets/content/characters/character/prefabs/top_wild_motocross.bundle","rcid":""},"WatchPrefab":{"path":"","rcid":""},"IntegratedArmorVest":false,"WatchPosition":{"x":0,"y":0,"z":0},"WatchRotation":{"x":0,"y":0,"z":0}},"_proto":"5cc2e59214c02e000f16684e"}