{"_id":"5e9dc97c86f774054c19ac9a","_name":"bear_lower_zaslon","_parent":"5cc0869814c02e000a4cad94","_type":"Item","_props":{"Name":"DefaultBeerFeet","ShortName":"DefaultBeerFeet","Description":"DefaultBeerFeet","Side":["Bear"],"BodyPart":"Feet","Prefab":{"path":"assets/content/characters/character/prefabs/pants_bear_zaslon.bundle","rcid":""},"WatchPrefab":{"path":"","rcid":""},"IntegratedArmorVest":false,"WatchPosition":{"x":0,"y":0,"z":0},"WatchRotation":{"x":0,"y":0,"z":0}},"_proto":"5cc085bb14c02e000e67a5c5"}