{"_id":"5e9d9fa986f774054d6b89f2","_name":"bear_upper_tiger","_parent":"5cc0868e14c02e000c6bea68","_type":"Item","_props":{"Name":"DeafaultBearBody","ShortName":"DeafaultBearBody","Description":"DeafaultBearBody","Side":["Bear"],"BodyPart":"Body","Prefab":{"path":"assets/content/characters/character/prefabs/tshirt_bear_tiger.bundle","rcid":""},"WatchPrefab":{"path":"","rcid":""},"IntegratedArmorVest":false,"WatchPosition":{"x":0,"y":0,"z":0},"WatchRotation":{"x":0,"y":0,"z":0}},"_proto":"5cc0858d14c02e000c6bea66"}