{"_id":"5e9da26286f7741d2e3424a5","_name":"bear_hands_tiger","_parent":"5cc086a314c02e000c6bea69","_type":"Item","_props":{"Name":"DefaultBearHands","ShortName":"DefaultBearHands","Description":"DefaultBearHands","Side":["Bear"],"BodyPart":"Hands","Prefab":{"path":"assets/content/hands/hands_bear_tiger/hands_bear_tiger.bundle","rcid":""},"WatchPrefab":{"path":"assets/content/hands/bear/bear_watch.bundle","rcid":""},"IntegratedArmorVest":false,"WatchPosition":{"x":-0.04393,"y":0.00112,"z":0.04387},"WatchRotation":{"x":-12.87897,"y":-7.947479,"z":6.991665}},"_proto":"5cc0876314c02e000c6bea6b"}