{"_id":"5e9dcadd86f7743e20652f23","_name":"usec_lower_DeepRecon","_parent":"5cc0869814c02e000a4cad94","_type":"Item","_props":{"Name":"DefaultUsecFeet","ShortName":"DefaultUsecFeet","Description":"DefaultUsecFeet","Side":["Usec"],"BodyPart":"Feet","Prefab":{"path":"assets/content/characters/character/prefabs/pants_usec_deeprecon.bundle","rcid":""},"WatchPrefab":{"path":"","rcid":""},"IntegratedArmorVest":false,"WatchPosition":{"x":0,"y":0,"z":0},"WatchRotation":{"x":0,"y":0,"z":0}},"_proto":"5cde95ef7d6c8b04713c4f2d"}