{"_id":"5f5e4075df4f3100376a8138","_name":"user_upper_NightPatrol","_parent":"5cc0868e14c02e000c6bea68","_type":"Item","_props":{"Name":"DefaultUsecBody","ShortName":"DefaultUsecBody","Description":"DefaultUsecBody","Side":["Usec"],"BodyPart":"Body","Prefab":{"path":"assets/content/characters/character/prefabs/top_usec_nightpatrol.bundle","rcid":""},"WatchPrefab":{"path":"","rcid":""},"IntegratedArmorVest":false,"WatchPosition":{"x":0,"y":0,"z":0},"WatchRotation":{"x":0,"y":0,"z":0}},"_proto":"5cde95d97d6c8b647a3769b0"}