{
  "5d34df2788a4504526796dc0": [
    [
      {
        "count": 20963,
        "_tpl": "5449016a4bdc2d6f028b456f"
      }
    ]
  ],
  "5d34df2788a4504526796dbf": [
    [
      {
        "count": 6252,
        "_tpl": "5449016a4bdc2d6f028b456f"
      }
    ]
  ],
  "5d34df2788a4504526796dba": [
    [
      {
        "count": 10426,
        "_tpl": "5449016a4bdc2d6f028b456f"
      }
    ]
  ],
  "5e230f11fabc1e7f3745a4b2": [
    [
      {
        "count": 100281,
        "_tpl": "5449016a4bdc2d6f028b456f"
      }
    ]
  ],
  "5e230f11fabc1e7f3745a4a7": [
    [
      {
        "count": 70650,
        "_tpl": "5449016a4bdc2d6f028b456f"
      }
    ]
  ],
  "5e230f11fabc1e7f3745a4a1": [
    [
      {
        "count": 67645,
        "_tpl": "5449016a4bdc2d6f028b456f"
      }
    ]
  ],
  "5e230f11fabc1e7f3745a49c": [
    [
      {
        "count": 63509,
        "_tpl": "5449016a4bdc2d6f028b456f"
      }
    ]
  ],
  "5e02be602a251a0952271115": [
    [
      {
        "count": 45900,
        "_tpl": "5449016a4bdc2d6f028b456f"
      }
    ]
  ],
  "308UPZ": [
    [
      {
        "count": 308,
        "_tpl": "5449016a4bdc2d6f028b456f"
      }
    ]
  ],
  "5f06d6bb4010601e3232cd2a": [
    [
      {
        "count": 31000,
        "_tpl": "5449016a4bdc2d6f028b456f"
      }
    ]
  ],
  "5fd25119dd870108a754a165": [
    [
      {
        "count": 219645,
        "_tpl": "5449016a4bdc2d6f028b456f"
      }
    ]
  ],
  "CompassAssort": [
    [
      {
        "count": 164185,
        "_tpl": "5449016a4bdc2d6f028b456f"
      }
    ]
  ],
  "5eeca638bfed7142cb30f85a": [
    [
      {
        "count": 7203.24,
        "_tpl": "5449016a4bdc2d6f028b456f"
      }
    ]
  ],
  "5eeca638bfed7142cb30f85c": [
    [
      {
        "count": 5220.36,
        "_tpl": "5449016a4bdc2d6f028b456f"
      }
    ]
  ],
  "5eeca638bfed7142cb30f85e": [
    [
      {
        "count": 69.36,
        "_tpl": "5449016a4bdc2d6f028b456f"
      }
    ]
  ],
  "5eeca638bfed7142cb30f860": [
    [
      {
        "count": 61.2,
        "_tpl": "5449016a4bdc2d6f028b456f"
      }
    ]
  ],
  "5eeca638bfed7142cb30f862": [
    [
      {
        "count": 24841.08,
        "_tpl": "5449016a4bdc2d6f028b456f"
      }
    ]
  ],
  "5eeca638bfed7142cb30f86b": [
    [
      {
        "count": 1696.26,
        "_tpl": "5449016a4bdc2d6f028b456f"
      }
    ]
  ],
  "5eeca638bfed7142cb30f86d": [
    [
      {
        "count": 10427.87,
        "_tpl": "5449016a4bdc2d6f028b456f"
      }
    ]
  ],
  "5eeca638bfed7142cb30f86f": [
    [
      {
        "count": 6421.92,
        "_tpl": "5449016a4bdc2d6f028b456f"
      }
    ]
  ],
  "5eeca638bfed7142cb30f871": [
    [
      {
        "count": 7097.16,
        "_tpl": "5449016a4bdc2d6f028b456f"
      }
    ]
  ],
  "5eeca638bfed7142cb30f875": [
    [
      {
        "count": 3350.7,
        "_tpl": "5449016a4bdc2d6f028b456f"
      }
    ]
  ],
  "5eeca638bfed7142cb30f877": [
    [
      {
        "count": 5611.02,
        "_tpl": "5449016a4bdc2d6f028b456f"
      }
    ]
  ],
  "5eeca638bfed7142cb30f879": [
    [
      {
        "count": 23186.64,
        "_tpl": "5449016a4bdc2d6f028b456f"
      }
    ]
  ],
  "5eeca638bfed7142cb30f87f": [
    [
      {
        "count": 7323.6,
        "_tpl": "5449016a4bdc2d6f028b456f"
      }
    ]
  ],
  "5eeca638bfed7142cb30f881": [
    [
      {
        "count": 510,
        "_tpl": "5449016a4bdc2d6f028b456f"
      }
    ]
  ],
  "5eeca638bfed7142cb30f883": [
    [
      {
        "count": 3,
        "_tpl": "590c5d4b86f774784e1b9c45"
      }
    ]
  ],
  "5eeca638bfed7142cb30f885": [
    [
      {
        "count": 6891.12,
        "_tpl": "5449016a4bdc2d6f028b456f"
      }
    ]
  ],
  "5eeca638bfed7142cb30f887": [
    [
      {
        "count": 4282.98,
        "_tpl": "5449016a4bdc2d6f028b456f"
      }
    ]
  ],
  "5eeca638bfed7142cb30f889": [
    [
      {
        "count": 2193,
        "_tpl": "5449016a4bdc2d6f028b456f"
      }
    ]
  ],
  "5eeca638bfed7142cb30f88b": [
    [
      {
        "count": 1280.1,
        "_tpl": "5449016a4bdc2d6f028b456f"
      }
    ]
  ],
  "5eeca638bfed7142cb30f88d": [
    [
      {
        "count": 49.98,
        "_tpl": "5449016a4bdc2d6f028b456f"
      }
    ]
  ],
  "5eeca638bfed7142cb30f88f": [
    [
      {
        "count": 1,
        "_tpl": "56742c2e4bdc2d95058b456d"
      }
    ]
  ],
  "5eeca638bfed7142cb30f891": [
    [
      {
        "count": 59.16,
        "_tpl": "5449016a4bdc2d6f028b456f"
      }
    ]
  ],
  "5eeca638bfed7142cb30f893": [
    [
      {
        "count": 66.3,
        "_tpl": "5449016a4bdc2d6f028b456f"
      }
    ]
  ],
  "5eeca638bfed7142cb30f895": [
    [
      {
        "count": 1694.22,
        "_tpl": "5449016a4bdc2d6f028b456f"
      }
    ]
  ],
  "5eeca638bfed7142cb30f897": [
    [
      {
        "count": 3651.6,
        "_tpl": "5449016a4bdc2d6f028b456f"
      }
    ]
  ],
  "5eeca638bfed7142cb30f899": [
    [
      {
        "count": 3279.3,
        "_tpl": "5449016a4bdc2d6f028b456f"
      }
    ]
  ],
  "5eeca638bfed7142cb30f89b": [
    [
      {
        "count": 1424.94,
        "_tpl": "5449016a4bdc2d6f028b456f"
      }
    ]
  ],
  "5eeca638bfed7142cb30f89d": [
    [
      {
        "count": 1245.42,
        "_tpl": "5449016a4bdc2d6f028b456f"
      }
    ]
  ],
  "5eeca638bfed7142cb30f89f": [
    [
      {
        "count": 1096.5,
        "_tpl": "5449016a4bdc2d6f028b456f"
      }
    ]
  ],
  "5eeca638bfed7142cb30f8a1": [
    [
      {
        "count": 2502.06,
        "_tpl": "5449016a4bdc2d6f028b456f"
      }
    ]
  ],
  "5eeca638bfed7142cb30f8a3": [
    [
      {
        "count": 800.7,
        "_tpl": "5449016a4bdc2d6f028b456f"
      }
    ]
  ],
  "5eeca638bfed7142cb30f8a5": [
    [
      {
        "count": 32097.36,
        "_tpl": "5449016a4bdc2d6f028b456f"
      }
    ]
  ],
  "5eeca638bfed7142cb30f8a7": [
    [
      {
        "count": 3386.4,
        "_tpl": "5449016a4bdc2d6f028b456f"
      }
    ]
  ],
  "5eeca638bfed7142cb30f8a9": [
    [
      {
        "count": 1887,
        "_tpl": "5449016a4bdc2d6f028b456f"
      }
    ]
  ],
  "5eeca638bfed7142cb30f8ab": [
    [
      {
        "count": 28589.58,
        "_tpl": "5449016a4bdc2d6f028b456f"
      }
    ]
  ],
  "5eeca638bfed7142cb30f8b1": [
    [
      {
        "count": 48.96,
        "_tpl": "5449016a4bdc2d6f028b456f"
      }
    ]
  ],
  "5eeca638bfed7142cb30f8b3": [
    [
      {
        "count": 5105.1,
        "_tpl": "5449016a4bdc2d6f028b456f"
      }
    ]
  ],
  "5eeca638bfed7142cb30f8b5": [
    [
      {
        "count": 6640.2,
        "_tpl": "5449016a4bdc2d6f028b456f"
      }
    ]
  ],
  "5eeca638bfed7142cb30f8b7": [
    [
      {
        "count": 479.4,
        "_tpl": "5449016a4bdc2d6f028b456f"
      }
    ]
  ],
  "5eeca638bfed7142cb30f8b9": [
    [
      {
        "count": 1,
        "_tpl": "5af0561e86f7745f5f3ad6ac"
      },
      {
        "count": 2,
        "_tpl": "590a391c86f774385a33c404"
      },
      {
        "count": 1,
        "_tpl": "590a3d9c86f774385926e510"
      }
    ]
  ],
  "5eeca638bfed7142cb30f8bb": [
    [
      {
        "count": 2568.36,
        "_tpl": "5449016a4bdc2d6f028b456f"
      }
    ]
  ],
  "5eeca638bfed7142cb30f8bd": [
    [
      {
        "count": 3468,
        "_tpl": "5449016a4bdc2d6f028b456f"
      }
    ]
  ],
  "5eeca638bfed7142cb30f8bf": [
    [
      {
        "count": 9333,
        "_tpl": "5449016a4bdc2d6f028b456f"
      }
    ]
  ],
  "5eeca638bfed7142cb30f8c1": [
    [
      {
        "count": 1847.22,
        "_tpl": "5449016a4bdc2d6f028b456f"
      }
    ]
  ],
  "5eeca638bfed7142cb30f8c3": [
    [
      {
        "count": 7630.62,
        "_tpl": "5449016a4bdc2d6f028b456f"
      }
    ]
  ],
  "5eeca638bfed7142cb30f8c5": [
    [
      {
        "count": 4167.72,
        "_tpl": "5449016a4bdc2d6f028b456f"
      }
    ]
  ],
  "5eeca638bfed7142cb30f8c7": [
    [
      {
        "count": 306,
        "_tpl": "5449016a4bdc2d6f028b456f"
      }
    ]
  ],
  "5eeca638bfed7142cb30f8c9": [
    [
      {
        "count": 1,
        "_tpl": "59fafb5d86f774067a6f2084"
      }
    ]
  ],
  "5eeca638bfed7142cb30f8cb": [
    [
      {
        "count": 3610.8,
        "_tpl": "5449016a4bdc2d6f028b456f"
      }
    ]
  ],
  "5eeca638bfed7142cb30f8cd": [
    [
      {
        "count": 4086.12,
        "_tpl": "5449016a4bdc2d6f028b456f"
      }
    ]
  ],
  "5eeca638bfed7142cb30f8cf": [
    [
      {
        "count": 1727.88,
        "_tpl": "5449016a4bdc2d6f028b456f"
      }
    ]
  ],
  "5eeca638bfed7142cb30f8d1": [
    [
      {
        "count": 4100.4,
        "_tpl": "5449016a4bdc2d6f028b456f"
      }
    ]
  ],
  "5eeca638bfed7142cb30f8d3": [
    [
      {
        "count": 5408.04,
        "_tpl": "5449016a4bdc2d6f028b456f"
      }
    ]
  ],
  "5eeca638bfed7142cb30f8d5": [
    [
      {
        "count": 7771.38,
        "_tpl": "5449016a4bdc2d6f028b456f"
      }
    ]
  ],
  "5eeca638bfed7142cb30f8d7": [
    [
      {
        "count": 2164.44,
        "_tpl": "5449016a4bdc2d6f028b456f"
      }
    ]
  ],
  "5eeca638bfed7142cb30f8d9": [
    [
      {
        "count": 42.84,
        "_tpl": "5449016a4bdc2d6f028b456f"
      }
    ]
  ],
  "5eeca638bfed7142cb30f8db": [
    [
      {
        "count": 36.72,
        "_tpl": "5449016a4bdc2d6f028b456f"
      }
    ]
  ],
  "5eeca638bfed7142cb30f8dd": [
    [
      {
        "count": 2308.26,
        "_tpl": "5449016a4bdc2d6f028b456f"
      }
    ]
  ],
  "5eeca638bfed7142cb30f8df": [
    [
      {
        "count": 6245.46,
        "_tpl": "5449016a4bdc2d6f028b456f"
      }
    ]
  ],
  "5eeca638bfed7142cb30f8e1": [
    [
      {
        "count": 7322.58,
        "_tpl": "5449016a4bdc2d6f028b456f"
      }
    ]
  ],
  "5eeca638bfed7142cb30f8e3": [
    [
      {
        "count": 5000.04,
        "_tpl": "5449016a4bdc2d6f028b456f"
      }
    ]
  ],
  "5eeca638bfed7142cb30f8e5": [
    [
      {
        "count": 1218.9,
        "_tpl": "5449016a4bdc2d6f028b456f"
      }
    ]
  ],
  "5eeca638bfed7142cb30f8e7": [
    [
      {
        "count": 58.14,
        "_tpl": "5449016a4bdc2d6f028b456f"
      }
    ]
  ],
  "5eeca638bfed7142cb30f8e9": [
    [
      {
        "count": 5205.06,
        "_tpl": "5449016a4bdc2d6f028b456f"
      }
    ]
  ],
  "5eeca638bfed7142cb30f8eb": [
    [
      {
        "count": 3570,
        "_tpl": "5449016a4bdc2d6f028b456f"
      }
    ]
  ],
  "5eeca638bfed7142cb30f8ed": [
    [
      {
        "count": 42448.32,
        "_tpl": "5449016a4bdc2d6f028b456f"
      }
    ]
  ],
  "5eeca638bfed7142cb30f8ef": [
    [
      {
        "count": 2340.9,
        "_tpl": "5449016a4bdc2d6f028b456f"
      }
    ]
  ],
  "5eeca638bfed7142cb30f8f1": [
    [
      {
        "count": 6137.34,
        "_tpl": "5449016a4bdc2d6f028b456f"
      }
    ]
  ],
  "5eeca638bfed7142cb30f8f3": [
    [
      {
        "count": 7833.6,
        "_tpl": "5449016a4bdc2d6f028b456f"
      }
    ]
  ],
  "5eeca638bfed7142cb30f8f5": [
    [
      {
        "count": 69.36,
        "_tpl": "5449016a4bdc2d6f028b456f"
      }
    ]
  ],
  "5eeca638bfed7142cb30f8f7": [
    [
      {
        "count": 6132.24,
        "_tpl": "5449016a4bdc2d6f028b456f"
      }
    ]
  ],
  "5eeca638bfed7142cb30f8f9": [
    [
      {
        "count": 47889,
        "_tpl": "5449016a4bdc2d6f028b456f"
      }
    ]
  ],
  "5eeca638bfed7142cb30f8fb": [
    [
      {
        "count": 2142,
        "_tpl": "5449016a4bdc2d6f028b456f"
      }
    ]
  ],
  "5eeca638bfed7142cb30f8fd": [
    [
      {
        "count": 36430.52,
        "_tpl": "5449016a4bdc2d6f028b456f"
      }
    ]
  ],
  "5eeca638bfed7142cb30f8ff": [
    [
      {
        "count": 4126.92,
        "_tpl": "5449016a4bdc2d6f028b456f"
      }
    ]
  ],
  "5eeca638bfed7142cb30f901": [
    [
      {
        "count": 53.06,
        "_tpl": "569668774bdc2da2298b4568"
      }
    ]
  ],
  "5eeca638bfed7142cb30f903": [
    [
      {
        "count": 2639.76,
        "_tpl": "5449016a4bdc2d6f028b456f"
      }
    ]
  ],
  "5eeca638bfed7142cb30f905": [
    [
      {
        "count": 32248.32,
        "_tpl": "5449016a4bdc2d6f028b456f"
      }
    ]
  ],
  "5eeca638bfed7142cb30f90b": [
    [
      {
        "count": 61.2,
        "_tpl": "5449016a4bdc2d6f028b456f"
      }
    ]
  ],
  "5eeca638bfed7142cb30f90d": [
    [
      {
        "count": 12208.38,
        "_tpl": "5449016a4bdc2d6f028b456f"
      }
    ]
  ],
  "5eeca638bfed7142cb30f90f": [
    [
      {
        "count": 70.38,
        "_tpl": "5449016a4bdc2d6f028b456f"
      }
    ]
  ],
  "5eeca638bfed7142cb30f911": [
    [
      {
        "count": 9699.18,
        "_tpl": "5449016a4bdc2d6f028b456f"
      }
    ]
  ],
  "5eeca638bfed7142cb30f913": [
    [
      {
        "count": 89552.94,
        "_tpl": "5449016a4bdc2d6f028b456f"
      }
    ]
  ],
  "5eeca638bfed7142cb30f915": [
    [
      {
        "count": 920.04,
        "_tpl": "5449016a4bdc2d6f028b456f"
      }
    ]
  ],
  "5eeca638bfed7142cb30f917": [
    [
      {
        "count": 2,
        "_tpl": "57347c5b245977448d35f6e1"
      }
    ]
  ],
  "5eeca638bfed7142cb30f919": [
    [
      {
        "count": 6876.84,
        "_tpl": "5449016a4bdc2d6f028b456f"
      }
    ]
  ],
  "5eeca638bfed7142cb30f91e": [
    [
      {
        "count": 3774,
        "_tpl": "5449016a4bdc2d6f028b456f"
      }
    ]
  ],
  "5eeca638bfed7142cb30f920": [
    [
      {
        "count": 2,
        "_tpl": "57347b8b24597737dd42e192"
      }
    ]
  ],
  "5eeca638bfed7142cb30f922": [
    [
      {
        "count": 24.48,
        "_tpl": "5449016a4bdc2d6f028b456f"
      }
    ]
  ],
  "5eeca638bfed7142cb30f924": [
    [
      {
        "count": 7694.88,
        "_tpl": "5449016a4bdc2d6f028b456f"
      }
    ]
  ],
  "5eeca638bfed7142cb30f926": [
    [
      {
        "count": 45230.88,
        "_tpl": "5449016a4bdc2d6f028b456f"
      }
    ]
  ],
  "5eeca638bfed7142cb30f928": [
    [
      {
        "count": 9779.76,
        "_tpl": "5449016a4bdc2d6f028b456f"
      }
    ]
  ],
  "5eeca638bfed7142cb30f92c": [
    [
      {
        "count": 10,
        "_tpl": "5751496424597720a27126da"
      },
      {
        "count": 5,
        "_tpl": "57514643245977207f2c2d09"
      },
      {
        "count": 5,
        "_tpl": "57347d9c245977448b40fa85"
      },
      {
        "count": 5,
        "_tpl": "57347d8724597744596b4e76"
      }
    ]
  ],
  "5eeca638bfed7142cb30f92e": [
    [
      {
        "count": 3966.78,
        "_tpl": "5449016a4bdc2d6f028b456f"
      }
    ]
  ],
  "5eeca638bfed7142cb30f930": [
    [
      {
        "count": 816,
        "_tpl": "5449016a4bdc2d6f028b456f"
      }
    ]
  ],
  "5eeca638bfed7142cb30f932": [
    [
      {
        "count": 3998.4,
        "_tpl": "5449016a4bdc2d6f028b456f"
      }
    ]
  ],
  "5eeca638bfed7142cb30f934": [
    [
      {
        "count": 1632,
        "_tpl": "5449016a4bdc2d6f028b456f"
      }
    ]
  ],
  "5eeca638bfed7142cb30f936": [
    [
      {
        "count": 10973.16,
        "_tpl": "5449016a4bdc2d6f028b456f"
      }
    ]
  ],
  "5eeca638bfed7142cb30f938": [
    [
      {
        "count": 1,
        "_tpl": "5c13cd2486f774072c757944"
      }
    ]
  ],
  "5eeca638bfed7142cb30f93c": [
    [
      {
        "count": 2,
        "_tpl": "590c311186f77424d1667482"
      },
      {
        "count": 2,
        "_tpl": "590c2d8786f774245b1f03f3"
      }
    ]
  ],
  "5eeca638bfed7142cb30f942": [
    [
      {
        "count": 1856.4,
        "_tpl": "5449016a4bdc2d6f028b456f"
      }
    ]
  ],
  "5eeca638bfed7142cb30f944": [
    [
      {
        "count": 828.24,
        "_tpl": "5449016a4bdc2d6f028b456f"
      }
    ]
  ],
  "5eeca638bfed7142cb30f946": [
    [
      {
        "count": 3978,
        "_tpl": "5449016a4bdc2d6f028b456f"
      }
    ]
  ],
  "5eeca638bfed7142cb30f948": [
    [
      {
        "count": 3927,
        "_tpl": "5449016a4bdc2d6f028b456f"
      }
    ]
  ],
  "5eeca638bfed7142cb30f94a": [
    [
      {
        "count": 4284,
        "_tpl": "5449016a4bdc2d6f028b456f"
      }
    ]
  ],
  "5eeca638bfed7142cb30f94c": [
    [
      {
        "count": 1122,
        "_tpl": "5449016a4bdc2d6f028b456f"
      }
    ]
  ],
  "5eeca638bfed7142cb30f94e": [
    [
      {
        "count": 46921.02,
        "_tpl": "5449016a4bdc2d6f028b456f"
      }
    ]
  ],
  "5eeca638bfed7142cb30f955": [
    [
      {
        "count": 4947,
        "_tpl": "5449016a4bdc2d6f028b456f"
      }
    ]
  ],
  "5eeca638bfed7142cb30f957": [
    [
      {
        "count": 1438.2,
        "_tpl": "5449016a4bdc2d6f028b456f"
      }
    ]
  ],
  "5eeca638bfed7142cb30f959": [
    [
      {
        "count": 306,
        "_tpl": "5449016a4bdc2d6f028b456f"
      }
    ]
  ],
  "5eeca638bfed7142cb30f95b": [
    [
      {
        "count": 1122,
        "_tpl": "5449016a4bdc2d6f028b456f"
      }
    ]
  ],
  "5eeca638bfed7142cb30f95d": [
    [
      {
        "count": 8670,
        "_tpl": "5449016a4bdc2d6f028b456f"
      }
    ]
  ],
  "5eeca638bfed7142cb30f95f": [
    [
      {
        "count": 1632,
        "_tpl": "5449016a4bdc2d6f028b456f"
      }
    ]
  ],
  "5eeca638bfed7142cb30f961": [
    [
      {
        "count": 2346,
        "_tpl": "5449016a4bdc2d6f028b456f"
      }
    ]
  ],
  "5eeca638bfed7142cb30f965": [
    [
      {
        "count": 8,
        "_tpl": "59e3577886f774176a362503"
      },
      {
        "count": 5,
        "_tpl": "5c0fa877d174af02a012e1cf"
      }
    ]
  ],
  "5eeca638bfed7142cb30f967": [
    [
      {
        "count": 5,
        "_tpl": "57347c93245977448d35f6e3"
      },
      {
        "count": 5,
        "_tpl": "5c13cef886f774072e618e82"
      },
      {
        "count": 2,
        "_tpl": "59e361e886f774176c10a2a5"
      }
    ]
  ],
  "5eeca638bfed7142cb30f969": [
    [
      {
        "count": 32130,
        "_tpl": "5449016a4bdc2d6f028b456f"
      }
    ]
  ],
  "5eeca638bfed7142cb30f96b": [
    [
      {
        "count": 31408.86,
        "_tpl": "5449016a4bdc2d6f028b456f"
      }
    ]
  ],
  "5eeca638bfed7142cb30f975": [
    [
      {
        "count": 57.12,
        "_tpl": "5449016a4bdc2d6f028b456f"
      }
    ]
  ],
  "5eeca638bfed7142cb30f977": [
    [
      {
        "count": 10,
        "_tpl": "5c12688486f77426843c7d32"
      },
      {
        "count": 15,
        "_tpl": "57347c1124597737fb1379e3"
      },
      {
        "count": 10,
        "_tpl": "5734795124597738002c6176"
      },
      {
        "count": 12,
        "_tpl": "590c31c586f774245e3141b2"
      }
    ]
  ],
  "5eeca638bfed7142cb30f979": [
    [
      {
        "count": 2499,
        "_tpl": "5449016a4bdc2d6f028b456f"
      }
    ]
  ],
  "5eeca638bfed7142cb30f97b": [
    [
      {
        "count": 1530,
        "_tpl": "5449016a4bdc2d6f028b456f"
      }
    ]
  ],
  "5eeca638bfed7142cb30f97d": [
    [
      {
        "count": 1887,
        "_tpl": "5449016a4bdc2d6f028b456f"
      }
    ]
  ],
  "5eeca639bfed7142cb30f97f": [
    [
      {
        "count": 3009,
        "_tpl": "5449016a4bdc2d6f028b456f"
      }
    ]
  ],
  "5eeca639bfed7142cb30f981": [
    [
      {
        "count": 1938,
        "_tpl": "5449016a4bdc2d6f028b456f"
      }
    ]
  ],
  "5eeca639bfed7142cb30f983": [
    [
      {
        "count": 509530.09,
        "_tpl": "5449016a4bdc2d6f028b456f"
      }
    ]
  ],
  "5eeca639bfed7142cb30f985": [
    [
      {
        "count": 24.48,
        "_tpl": "5449016a4bdc2d6f028b456f"
      }
    ]
  ],
  "5eeca639bfed7142cb30f987": [
    [
      {
        "count": 1,
        "_tpl": "5673de654bdc2d180f8b456d"
      }
    ]
  ],
  "5eeca639bfed7142cb30f989": [
    [
      {
        "count": 1,
        "_tpl": "5c0fa877d174af02a012e1cf"
      }
    ]
  ],
  "5eeca639bfed7142cb30f98b": [
    [
      {
        "count": 30379.68,
        "_tpl": "5449016a4bdc2d6f028b456f"
      }
    ]
  ],
  "5eeca639bfed7142cb30f98d": [
    [
      {
        "count": 5,
        "_tpl": "57347d5f245977448b40fa81"
      }
    ]
  ],
  "5eeca639bfed7142cb30f9b7": [
    [
      {
        "count": 10036800,
        "_tpl": "5449016a4bdc2d6f028b456f"
      }
    ]
  ],
  "5eeca639bfed7142cb30f9b9": [
    [
      {
        "count": 89474.4,
        "_tpl": "5449016a4bdc2d6f028b456f"
      }
    ]
  ],
  "5eeca639bfed7142cb30f9bb": [
    [
      {
        "count": 69.36,
        "_tpl": "5449016a4bdc2d6f028b456f"
      }
    ]
  ],
  "5eeca639bfed7142cb30f9bd": [
    [
      {
        "count": 52.02,
        "_tpl": "5449016a4bdc2d6f028b456f"
      }
    ]
  ],
  "5eeca639bfed7142cb30f9bf": [
    [
      {
        "count": 30.6,
        "_tpl": "5449016a4bdc2d6f028b456f"
      }
    ]
  ],
  "5eeca639bfed7142cb30f9c1": [
    [
      {
        "count": 39.78,
        "_tpl": "5449016a4bdc2d6f028b456f"
      }
    ]
  ],
  "5eeca639bfed7142cb30f9c3": [
    [
      {
        "count": 76.5,
        "_tpl": "5449016a4bdc2d6f028b456f"
      }
    ]
  ],
  "5eeca639bfed7142cb30f9c5": [
    [
      {
        "count": 83.64,
        "_tpl": "5449016a4bdc2d6f028b456f"
      }
    ]
  ],
  "5eeca639bfed7142cb30f9c7": [
    [
      {
        "count": 35.7,
        "_tpl": "5449016a4bdc2d6f028b456f"
      }
    ]
  ],
  "5eeca639bfed7142cb30f9c9": [
    [
      {
        "count": 69.36,
        "_tpl": "5449016a4bdc2d6f028b456f"
      }
    ]
  ],
  "5eeca639bfed7142cb30f9cb": [
    [
      {
        "count": 67.32,
        "_tpl": "5449016a4bdc2d6f028b456f"
      }
    ]
  ],
  "5eeca639bfed7142cb30f9cd": [
    [
      {
        "count": 195.84,
        "_tpl": "5449016a4bdc2d6f028b456f"
      }
    ]
  ],
  "5eeca639bfed7142cb30f9cf": [
    [
      {
        "count": 51,
        "_tpl": "5449016a4bdc2d6f028b456f"
      }
    ]
  ],
  "5eeca639bfed7142cb30f9d1": [
    [
      {
        "count": 126.48,
        "_tpl": "5449016a4bdc2d6f028b456f"
      }
    ]
  ],
  "5eeca639bfed7142cb30f9d3": [
    [
      {
        "count": 20.4,
        "_tpl": "5449016a4bdc2d6f028b456f"
      }
    ]
  ],
  "5eeca639bfed7142cb30f9d5": [
    [
      {
        "count": 30.6,
        "_tpl": "5449016a4bdc2d6f028b456f"
      }
    ]
  ],
  "5eeca639bfed7142cb30f9d7": [
    [
      {
        "count": 38.76,
        "_tpl": "5449016a4bdc2d6f028b456f"
      }
    ]
  ],
  "5eeca639bfed7142cb30f9d9": [
    [
      {
        "count": 72.42,
        "_tpl": "5449016a4bdc2d6f028b456f"
      }
    ]
  ],
  "5eeca639bfed7142cb30f9db": [
    [
      {
        "count": 82.62,
        "_tpl": "5449016a4bdc2d6f028b456f"
      }
    ]
  ],
  "5eeca639bfed7142cb30f9dd": [
    [
      {
        "count": 66.3,
        "_tpl": "5449016a4bdc2d6f028b456f"
      }
    ]
  ],
  "5eeca639bfed7142cb30f9df": [
    [
      {
        "count": 183.6,
        "_tpl": "5449016a4bdc2d6f028b456f"
      }
    ]
  ],
  "5eeca639bfed7142cb30f9e1": [
    [
      {
        "count": 195.64,
        "_tpl": "5449016a4bdc2d6f028b456f"
      }
    ]
  ],
  "5eeca639bfed7142cb30f9e3": [
    [
      {
        "count": 48.96,
        "_tpl": "5449016a4bdc2d6f028b456f"
      }
    ]
  ],
  "5eeca639bfed7142cb30f9e5": [
    [
      {
        "count": 3,
        "_tpl": "5d40425986f7743185265461"
      }
    ]
  ],
  "5eeca639bfed7142cb30f9e7": [
    [
      {
        "count": 1528.98,
        "_tpl": "5449016a4bdc2d6f028b456f"
      }
    ]
  ],
  "5eeca639bfed7142cb30f9e9": [
    [
      {
        "count": 14,
        "_tpl": "5d1c774f86f7746d6620f8db"
      },
      {
        "count": 10,
        "_tpl": "5e2af00086f7746d3f3c33f7"
      }
    ]
  ],
  "5eeca639bfed7142cb30f9eb": [
    [
      {
        "count": 15,
        "_tpl": "57347b8b24597737dd42e192"
      },
      {
        "count": 5,
        "_tpl": "5e2af2bc86f7746d3f3c33fc"
      }
    ]
  ],
  "5eeca639bfed7142cb30f9ed": [
    [
      {
        "count": 15,
        "_tpl": "59fafb5d86f774067a6f2084"
      },
      {
        "count": 10,
        "_tpl": "5b43575a86f77424f443fe62"
      },
      {
        "count": 15,
        "_tpl": "590a373286f774287540368b"
      }
    ]
  ],
  "5eeca639bfed7142cb30f9ef": [
    [
      {
        "count": 5,
        "_tpl": "5bc9c29cd4351e003562b8a3"
      },
      {
        "count": 4,
        "_tpl": "5c0fa877d174af02a012e1cf"
      },
      {
        "count": 6,
        "_tpl": "57347d8724597744596b4e76"
      }
    ]
  ],
  "5eeca639bfed7142cb30fa14": [
    [
      {
        "count": 1,
        "_tpl": "5448ba0b4bdc2d02308b456c"
      },
      {
        "count": 4,
        "_tpl": "590c5d4b86f774784e1b9c45"
      },
      {
        "count": 1,
        "_tpl": "590c5f0d86f77413997acfab"
      }
    ]
  ],
  "5eeca639bfed7142cb30fa16": [
    [
      {
        "count": 2040,
        "_tpl": "5449016a4bdc2d6f028b456f"
      }
    ]
  ],
  "5eeca639bfed7142cb30fa18": [
    [
      {
        "count": 5,
        "_tpl": "5e2af2bc86f7746d3f3c33fc"
      }
    ]
  ],
  "5eeca639bfed7142cb30fa1a": [
    [
      {
        "count": 52370.88,
        "_tpl": "5449016a4bdc2d6f028b456f"
      }
    ]
  ],
  "5eeca639bfed7142cb30fa1c": [
    [
      {
        "count": 1683,
        "_tpl": "5449016a4bdc2d6f028b456f"
      }
    ]
  ],
  "5eeca639bfed7142cb30fa1e": [
    [
      {
        "count": 14757.36,
        "_tpl": "5449016a4bdc2d6f028b456f"
      }
    ]
  ],
  "5eeca639bfed7142cb30fa20": [
    [
      {
        "count": 2,
        "_tpl": "590c639286f774151567fa95"
      },
      {
        "count": 5,
        "_tpl": "5d40407c86f774318526545a"
      },
      {
        "count": 3,
        "_tpl": "57347d7224597744596b4e72"
      }
    ]
  ],
  "5eeca639bfed7142cb30fa22": [
    [
      {
        "count": 5,
        "_tpl": "5e2af37686f774755a234b65"
      },
      {
        "count": 15,
        "_tpl": "5e2af2bc86f7746d3f3c33fc"
      },
      {
        "count": 8,
        "_tpl": "5e2aef7986f7746d3f3c33f5"
      }
    ]
  ],
  "5eeca639bfed7142cb30fa24": [
    [
      {
        "count": 18054,
        "_tpl": "5449016a4bdc2d6f028b456f"
      }
    ]
  ],
  "5eeca639bfed7142cb30fa2b": [
    [
      {
        "count": 1224,
        "_tpl": "5449016a4bdc2d6f028b456f"
      }
    ]
  ],
  "5eeca639bfed7142cb30fa2d": [
    [
      {
        "count": 1530,
        "_tpl": "5449016a4bdc2d6f028b456f"
      }
    ]
  ],
  "5eeca639bfed7142cb30fa2f": [
    [
      {
        "count": 112.2,
        "_tpl": "5449016a4bdc2d6f028b456f"
      }
    ]
  ],
  "5eeca639bfed7142cb30fa31": [
    [
      {
        "count": 153,
        "_tpl": "5449016a4bdc2d6f028b456f"
      }
    ]
  ],
  "5eeca639bfed7142cb30fa33": [
    [
      {
        "count": 326.4,
        "_tpl": "5449016a4bdc2d6f028b456f"
      }
    ]
  ],
  "5eeca639bfed7142cb30fa35": [
    [
      {
        "count": 7,
        "_tpl": "5e2aee0a86f774755a234b62"
      },
      {
        "count": 10,
        "_tpl": "5e2aedd986f7746d404f3aa4"
      },
      {
        "count": 5,
        "_tpl": "5d4042a986f7743185265463"
      }
    ]
  ]
}