[
  {
    "_id": "5d34df2788a4504526796dc0",
    "_tpl": "5bae13bad4351e00320204af",
    "parentId": "hideout",
    "slotId": "hideout",
    "upd": {
      "UnlimitedCount": true,
      "StackObjectsCount": 200000
    }
  },
  {
    "_id": "5d34df2788a4504526796dbf",
    "_tpl": "5bae13ded4351e44f824bf38",
    "parentId": "hideout",
    "slotId": "hideout",
    "upd": {
      "UnlimitedCount": true,
      "StackObjectsCount": 200000
    }
  },
  {
    "_id": "5d34df2788a4504526796dba",
    "_tpl": "5bc5a35cd4351e450201232f",
    "parentId": "hideout",
    "slotId": "hideout",
    "upd": {
      "UnlimitedCount": true,
      "StackObjectsCount": 200000
    }
  },
  {
    "_id": "5e230f11fabc1e7f3745a4b2",
    "_tpl": "5bfea6e90db834001b7347f3",
    "parentId": "hideout",
    "slotId": "hideout",
    "upd": {
      "UnlimitedCount": false,
      "StackObjectsCount": 200000
    }
  },
  {
    "_id": "5e230f11fabc1e7f3745a4b3",
    "_tpl": "5d25a6538abbc306c62e630d",
    "parentId": "5e230f11fabc1e7f3745a4b2",
    "slotId": "mod_magazine"
  },
  {
    "_id": "5e230f11fabc1e7f3745a4b4",
    "_tpl": "5cde739cd7f00c0010373bd3",
    "parentId": "5e230f11fabc1e7f3745a4b2",
    "slotId": "mod_stock"
  },
  {
    "_id": "5e230f11fabc1e7f3745a4b5",
    "_tpl": "5a33ca0fc4a282000d72292f",
    "parentId": "5e230f11fabc1e7f3745a4b4",
    "slotId": "mod_stock"
  },
  {
    "_id": "5e230f11fabc1e7f3745a4b6",
    "_tpl": "5a33cae9c4a28232980eb086",
    "parentId": "5e230f11fabc1e7f3745a4b5",
    "slotId": "mod_stock"
  },
  {
    "_id": "5e230f11fabc1e7f3745a4b7",
    "_tpl": "5a339805c4a2826c6e06d73d",
    "parentId": "5e230f11fabc1e7f3745a4b4",
    "slotId": "mod_pistol_grip"
  },
  {
    "_id": "5e230f11fabc1e7f3745a4b8",
    "_tpl": "5cde7afdd7f00c000d36b89d",
    "parentId": "5e230f11fabc1e7f3745a4b4",
    "slotId": "mod_handguard"
  },
  {
    "_id": "5e230f11fabc1e7f3745a4b9",
    "_tpl": "5a9d6d00a2750c5c985b5305",
    "parentId": "5e230f11fabc1e7f3745a4b8",
    "slotId": "mod_mount_000"
  },
  {
    "_id": "5e230f11fabc1e7f3745a4ba",
    "_tpl": "5a9d6d00a2750c5c985b5305",
    "parentId": "5e230f11fabc1e7f3745a4b8",
    "slotId": "mod_mount_001"
  },
  {
    "_id": "5e230f11fabc1e7f3745a4bb",
    "_tpl": "5a9d6d00a2750c5c985b5305",
    "parentId": "5e230f11fabc1e7f3745a4b8",
    "slotId": "mod_mount_002"
  },
  {
    "_id": "5e230f11fabc1e7f3745a4bc",
    "_tpl": "5a9d6d13a2750c00164f6b03",
    "parentId": "5e230f11fabc1e7f3745a4b8",
    "slotId": "mod_foregrip"
  },
  {
    "_id": "5e230f11fabc1e7f3745a4bd",
    "_tpl": "5bfebc320db8340019668d79",
    "parentId": "5e230f11fabc1e7f3745a4b2",
    "slotId": "mod_barrel"
  },
  {
    "_id": "5e230f11fabc1e7f3745a4be",
    "_tpl": "5d270b3c8abbc3105335cfb8",
    "parentId": "5e230f11fabc1e7f3745a4bd",
    "slotId": "mod_muzzle"
  },
  {
    "_id": "5e230f11fabc1e7f3745a4bf",
    "_tpl": "5cde7b43d7f00c000d36b93e",
    "parentId": "5e230f11fabc1e7f3745a4b2",
    "slotId": "mod_mount"
  },
  {
    "_id": "5e230f11fabc1e7f3745a4a7",
    "_tpl": "5bfea6e90db834001b7347f3",
    "parentId": "hideout",
    "slotId": "hideout",
    "upd": {
      "UnlimitedCount": false,
      "StackObjectsCount": 200000
    }
  },
  {
    "_id": "5e230f11fabc1e7f3745a4a8",
    "_tpl": "5ce69cbad7f00c00b61c5098",
    "parentId": "5e230f11fabc1e7f3745a4a7",
    "slotId": "mod_magazine"
  },
  {
    "_id": "5e230f11fabc1e7f3745a4a9",
    "_tpl": "5cdeac22d7f00c000f26168f",
    "parentId": "5e230f11fabc1e7f3745a4a7",
    "slotId": "mod_stock"
  },
  {
    "_id": "5e230f11fabc1e7f3745a4aa",
    "_tpl": "5cdeac42d7f00c000d36ba73",
    "parentId": "5e230f11fabc1e7f3745a4a9",
    "slotId": "mod_stock"
  },
  {
    "_id": "5e230f11fabc1e7f3745a4ab",
    "_tpl": "5cdeac5cd7f00c000f261694",
    "parentId": "5e230f11fabc1e7f3745a4a9",
    "slotId": "mod_pistol_grip"
  },
  {
    "_id": "5e230f11fabc1e7f3745a4ac",
    "_tpl": "5cdeaca5d7f00c00b61c4b70",
    "parentId": "5e230f11fabc1e7f3745a4a9",
    "slotId": "mod_mount_000"
  },
  {
    "_id": "5e230f11fabc1e7f3745a4ad",
    "_tpl": "5b7be47f5acfc400170e2dd2",
    "parentId": "5e230f11fabc1e7f3745a4a9",
    "slotId": "mod_mount_001"
  },
  {
    "_id": "5e230f11fabc1e7f3745a4ae",
    "_tpl": "5b7be47f5acfc400170e2dd2",
    "parentId": "5e230f11fabc1e7f3745a4a9",
    "slotId": "mod_mount_002"
  },
  {
    "_id": "5e230f11fabc1e7f3745a4af",
    "_tpl": "5b7be47f5acfc400170e2dd2",
    "parentId": "5e230f11fabc1e7f3745a4a9",
    "slotId": "mod_mount_003"
  },
  {
    "_id": "5e230f11fabc1e7f3745a4b0",
    "_tpl": "5bfebc320db8340019668d79",
    "parentId": "5e230f11fabc1e7f3745a4a7",
    "slotId": "mod_barrel"
  },
  {
    "_id": "5e230f11fabc1e7f3745a4b1",
    "_tpl": "5d270b3c8abbc3105335cfb8",
    "parentId": "5e230f11fabc1e7f3745a4b0",
    "slotId": "mod_muzzle"
  },
  {
    "_id": "5e230f11fabc1e7f3745a4a1",
    "_tpl": "5bfea6e90db834001b7347f3",
    "parentId": "hideout",
    "slotId": "hideout",
    "upd": {
      "UnlimitedCount": false,
      "StackObjectsCount": 200000
    }
  },
  {
    "_id": "5e230f11fabc1e7f3745a4a2",
    "_tpl": "5d25a4a98abbc30b917421a4",
    "parentId": "5e230f11fabc1e7f3745a4a1",
    "slotId": "mod_magazine"
  },
  {
    "_id": "5e230f11fabc1e7f3745a4a3",
    "_tpl": "5d25d0ac8abbc3054f3e61f7",
    "parentId": "5e230f11fabc1e7f3745a4a1",
    "slotId": "mod_stock"
  },
  {
    "_id": "5e230f11fabc1e7f3745a4a4",
    "_tpl": "5a9d6d00a2750c5c985b5305",
    "parentId": "5e230f11fabc1e7f3745a4a3",
    "slotId": "mod_mount_000"
  },
  {
    "_id": "5e230f11fabc1e7f3745a4a5",
    "_tpl": "5bfebc320db8340019668d79",
    "parentId": "5e230f11fabc1e7f3745a4a1",
    "slotId": "mod_barrel"
  },
  {
    "_id": "5e230f11fabc1e7f3745a4a6",
    "_tpl": "5d270b3c8abbc3105335cfb8",
    "parentId": "5e230f11fabc1e7f3745a4a5",
    "slotId": "mod_muzzle"
  },
  {
    "_id": "5e230f11fabc1e7f3745a49c",
    "_tpl": "5bfea6e90db834001b7347f3",
    "parentId": "hideout",
    "slotId": "hideout",
    "upd": {
      "UnlimitedCount": false,
      "StackObjectsCount": 200000
    }
  },
  {
    "_id": "5e230f11fabc1e7f3745a49d",
    "_tpl": "5d25af8f8abbc3055079fec5",
    "parentId": "5e230f11fabc1e7f3745a49c",
    "slotId": "mod_magazine"
  },
  {
    "_id": "5e230f11fabc1e7f3745a49e",
    "_tpl": "5cf13123d7f00c1085616a50",
    "parentId": "5e230f11fabc1e7f3745a49c",
    "slotId": "mod_stock"
  },
  {
    "_id": "5e230f11fabc1e7f3745a49f",
    "_tpl": "5bfebc320db8340019668d79",
    "parentId": "5e230f11fabc1e7f3745a49c",
    "slotId": "mod_barrel"
  },
  {
    "_id": "5e230f11fabc1e7f3745a4a0",
    "_tpl": "5d270b3c8abbc3105335cfb8",
    "parentId": "5e230f11fabc1e7f3745a49f",
    "slotId": "mod_muzzle"
  },
  {
    "_id": "5e02be602a251a0952271115",
    "_tpl": "5d02797c86f774203f38e30a",
    "parentId": "hideout",
    "slotId": "hideout",
    "upd": {
      "UnlimitedCount": true,
      "StackObjectsCount": 999999999
    }
  },
  {
    "_id": "308UPZ",
    "_tpl": "5fc382c1016cce60e8341b20",
    "parentId": "hideout",
    "slotId": "hideout",
    "upd": {
      "UnlimitedCount": true,
      "StackObjectsCount": 99999999
    }
  },
  {
    "_id": "5f06d6bb4010601e3232cd2a",
    "_tpl": "5e870397991fd70db46995c8",
    "parentId": "hideout",
    "slotId": "hideout",
    "upd": {
      "UnlimitedCount": false,
      "StackObjectsCount": 200000
    }
  },
  {
    "_id": "5f06d6bb4010601e3232cd2b",
    "_tpl": "5e87071478f43e51ca2de5e1",
    "parentId": "5f06d6bb4010601e3232cd2a",
    "slotId": "mod_barrel"
  },
  {
    "_id": "5f06d6bb4010601e3232cd2c",
    "_tpl": "5e8708d4ae379e67d22e0102",
    "parentId": "5f06d6bb4010601e3232cd2b",
    "slotId": "mod_sight_front"
  },
  {
    "_id": "5f06d6bb4010601e3232cd2d",
    "_tpl": "5e87076ce2db31558c75a11d",
    "parentId": "5f06d6bb4010601e3232cd2a",
    "slotId": "mod_handguard"
  },
  {
    "_id": "5f06d6bb4010601e3232cd2e",
    "_tpl": "5e87080c81c4ed43e83cefda",
    "parentId": "5f06d6bb4010601e3232cd2a",
    "slotId": "mod_magazine"
  },
  {
    "_id": "5f06d6bb4010601e3232cd2f",
    "_tpl": "5e87116b81c4ed43e83cefdd",
    "parentId": "5f06d6bb4010601e3232cd2a",
    "slotId": "mod_stock"
  },
  {
    "_id": "5f06d6bb4010601e3232cd30",
    "_tpl": "5e87114fe2db31558c75a120",
    "parentId": "5f06d6bb4010601e3232cd2a",
    "slotId": "mod_mount"
  },
  {
    "_id": "5fd25119dd870108a754a165",
    "_tpl": "5fc22d7c187fea44d52eda44",
    "parentId": "hideout",
    "slotId": "hideout",
    "upd": {
      "UnlimitedCount": false,
      "StackObjectsCount": 200000
    }
  },
  {
    "_id": "5fd25119dd870108a754a166",
    "_tpl": "57c55efc2459772d2c6271e7",
    "parentId": "5fd25119dd870108a754a165",
    "slotId": "mod_pistol_grip"
  },
  {
    "_id": "5fd25119dd870108a754a167",
    "_tpl": "5fc23426900b1d5091531e15",
    "parentId": "5fd25119dd870108a754a165",
    "slotId": "mod_magazine"
  },
  {
    "_id": "5fd25119dd870108a754a168",
    "_tpl": "5649be884bdc2d79388b4577",
    "parentId": "5fd25119dd870108a754a165",
    "slotId": "mod_stock_001"
  },
  {
    "_id": "5fd25119dd870108a754a169",
    "_tpl": "5fc2369685fd526b824a5713",
    "parentId": "5fd25119dd870108a754a168",
    "slotId": "mod_stock_000"
  },
  {
    "_id": "5fd25119dd870108a754a16a",
    "_tpl": "5fc278107283c4046c581489",
    "parentId": "5fd25119dd870108a754a165",
    "slotId": "mod_reciever"
  },
  {
    "_id": "5fd25119dd870108a754a16b",
    "_tpl": "5fc23678ab884124df0cd590",
    "parentId": "5fd25119dd870108a754a16a",
    "slotId": "mod_barrel"
  },
  {
    "_id": "5fd25119dd870108a754a16c",
    "_tpl": "5fc23636016cce60e8341b05",
    "parentId": "5fd25119dd870108a754a16b",
    "slotId": "mod_muzzle"
  },
  {
    "_id": "5fd25119dd870108a754a16d",
    "_tpl": "5fc2360f900b1d5091531e19",
    "parentId": "5fd25119dd870108a754a16b",
    "slotId": "mod_gas_block"
  },
  {
    "_id": "5fd25119dd870108a754a16e",
    "_tpl": "5fc235db2770a0045c59c683",
    "parentId": "5fd25119dd870108a754a16a",
    "slotId": "mod_handguard"
  },
  {
    "_id": "CompassAssort",
    "_tpl": "5f4f9eb969cdc30ff33f09db",
    "parentId": "hideout",
    "slotId": "hideout",
    "upd": {
      "UnlimitedCount": true,
      "StackObjectsCount": 999999999
    }
  },
  {
    "_id": "5eeca638bfed7142cb30f85a",
    "_tpl": "560837824bdc2d57468b4568",
    "parentId": "hideout",
    "slotId": "hideout",
    "upd": {
      "UnlimitedCount": true,
      "StackObjectsCount": 999999999
    }
  },
  {
    "_id": "5eeca638bfed7142cb30f85c",
    "_tpl": "57acb6222459771ec34b5cb0",
    "parentId": "hideout",
    "slotId": "hideout",
    "upd": {
      "UnlimitedCount": true,
      "StackObjectsCount": 999999999
    }
  },
  {
    "_id": "5eeca638bfed7142cb30f85e",
    "_tpl": "573602322459776445391df1",
    "parentId": "hideout",
    "slotId": "hideout",
    "upd": {
      "UnlimitedCount": true,
      "StackObjectsCount": 999999999
    }
  },
  {
    "_id": "5eeca638bfed7142cb30f860",
    "_tpl": "59e4d3d286f774176a36250a",
    "parentId": "hideout",
    "slotId": "hideout",
    "upd": {
      "UnlimitedCount": true,
      "StackObjectsCount": 999999999
    }
  },
  {
    "_id": "5eeca638bfed7142cb30f862",
    "_tpl": "576165642459773c7a400233",
    "parentId": "hideout",
    "slotId": "hideout",
    "upd": {
      "UnlimitedCount": true,
      "StackObjectsCount": 999999999
    }
  },
  {
    "_id": "5eeca638bfed7142cb30f863",
    "_tpl": "576169e62459773c69055191",
    "parentId": "5eeca638bfed7142cb30f862",
    "slotId": "mod_handguard"
  },
  {
    "_id": "5eeca638bfed7142cb30f864",
    "_tpl": "576167ab2459773cad038c43",
    "parentId": "5eeca638bfed7142cb30f862",
    "slotId": "mod_muzzle"
  },
  {
    "_id": "5eeca638bfed7142cb30f865",
    "_tpl": "5649ade84bdc2d1b2b8b4587",
    "parentId": "5eeca638bfed7142cb30f862",
    "slotId": "mod_pistol_grip"
  },
  {
    "_id": "5eeca638bfed7142cb30f866",
    "_tpl": "57616c112459773cce774d66",
    "parentId": "5eeca638bfed7142cb30f862",
    "slotId": "mod_reciever"
  },
  {
    "_id": "5eeca638bfed7142cb30f867",
    "_tpl": "57a9b9ce2459770ee926038d",
    "parentId": "5eeca638bfed7142cb30f862",
    "slotId": "mod_sight_rear"
  },
  {
    "_id": "5eeca638bfed7142cb30f868",
    "_tpl": "57616ca52459773c69055192",
    "parentId": "5eeca638bfed7142cb30f862",
    "slotId": "mod_stock"
  },
  {
    "_id": "5eeca638bfed7142cb30f869",
    "_tpl": "57616a9e2459773c7a400234",
    "parentId": "5eeca638bfed7142cb30f862",
    "slotId": "mod_magazine"
  },
  {
    "_id": "5eeca638bfed7142cb30f86b",
    "_tpl": "5882163224597757561aa920",
    "parentId": "hideout",
    "slotId": "hideout",
    "upd": {
      "UnlimitedCount": true,
      "StackObjectsCount": 999999999
    }
  },
  {
    "_id": "5eeca638bfed7142cb30f86d",
    "_tpl": "5a37ca54c4a282000d72296a",
    "parentId": "hideout",
    "slotId": "hideout",
    "upd": {
      "UnlimitedCount": true,
      "StackObjectsCount": 999999999
    }
  },
  {
    "_id": "5eeca638bfed7142cb30f86f",
    "_tpl": "5aa66c72e5b5b00016327c93",
    "parentId": "hideout",
    "slotId": "hideout",
    "upd": {
      "UnlimitedCount": true,
      "StackObjectsCount": 999999999
    }
  },
  {
    "_id": "5eeca638bfed7142cb30f871",
    "_tpl": "560837544bdc2de22e8b456e",
    "parentId": "hideout",
    "slotId": "hideout",
    "upd": {
      "UnlimitedCount": true,
      "StackObjectsCount": 999999999
    }
  },
  {
    "_id": "5eeca638bfed7142cb30f875",
    "_tpl": "55d48a634bdc2d8b2f8b456a",
    "parentId": "hideout",
    "slotId": "hideout",
    "upd": {
      "UnlimitedCount": true,
      "StackObjectsCount": 999999999
    }
  },
  {
    "_id": "5eeca638bfed7142cb30f877",
    "_tpl": "560837154bdc2da74d8b4568",
    "parentId": "hideout",
    "slotId": "hideout",
    "upd": {
      "UnlimitedCount": true,
      "StackObjectsCount": 999999999
    }
  },
  {
    "_id": "5eeca638bfed7142cb30f879",
    "_tpl": "54491c4f4bdc2db1078b4568",
    "parentId": "hideout",
    "slotId": "hideout",
    "upd": {
      "UnlimitedCount": true,
      "StackObjectsCount": 999999999
    }
  },
  {
    "_id": "5eeca638bfed7142cb30f87a",
    "_tpl": "55d4491a4bdc2d882f8b456e",
    "parentId": "5eeca638bfed7142cb30f879",
    "slotId": "mod_barrel"
  },
  {
    "_id": "5eeca638bfed7142cb30f87b",
    "_tpl": "55d45d3f4bdc2d972f8b456c",
    "parentId": "5eeca638bfed7142cb30f879",
    "slotId": "mod_handguard"
  },
  {
    "_id": "5eeca638bfed7142cb30f87c",
    "_tpl": "55d484b44bdc2d1d4e8b456d",
    "parentId": "5eeca638bfed7142cb30f879",
    "slotId": "mod_magazine"
  },
  {
    "_id": "5eeca638bfed7142cb30f87d",
    "_tpl": "56083cba4bdc2de22e8b456f",
    "parentId": "5eeca638bfed7142cb30f879",
    "slotId": "mod_stock"
  },
  {
    "_id": "5eeca638bfed7142cb30f87f",
    "_tpl": "588200af24597742fa221dfb",
    "parentId": "hideout",
    "slotId": "hideout",
    "upd": {
      "UnlimitedCount": true,
      "StackObjectsCount": 999999999
    }
  },
  {
    "_id": "5eeca638bfed7142cb30f881",
    "_tpl": "5998598e86f7740b3f498a86",
    "parentId": "hideout",
    "slotId": "hideout",
    "upd": {
      "UnlimitedCount": true,
      "StackObjectsCount": 999999999
    }
  },
  {
    "_id": "5eeca638bfed7142cb30f883",
    "_tpl": "5b86a0e586f7745b600ccb23",
    "parentId": "hideout",
    "slotId": "hideout",
    "upd": {
      "UnlimitedCount": true,
      "StackObjectsCount": 999999999
    }
  },
  {
    "_id": "5eeca638bfed7142cb30f885",
    "_tpl": "5bc5a351d4351e003477a414",
    "parentId": "hideout",
    "slotId": "hideout",
    "upd": {
      "UnlimitedCount": true,
      "StackObjectsCount": 999999999
    }
  },
  {
    "_id": "5eeca638bfed7142cb30f887",
    "_tpl": "572b7adb24597762ae139821",
    "parentId": "hideout",
    "slotId": "hideout",
    "upd": {
      "UnlimitedCount": true,
      "StackObjectsCount": 999999999
    }
  },
  {
    "_id": "5eeca638bfed7142cb30f889",
    "_tpl": "5c0111ab0db834001966914d",
    "parentId": "hideout",
    "slotId": "hideout",
    "upd": {
      "UnlimitedCount": true,
      "StackObjectsCount": 999999999
    }
  },
  {
    "_id": "5eeca638bfed7142cb30f88b",
    "_tpl": "55d484b44bdc2d1d4e8b456d",
    "parentId": "hideout",
    "slotId": "hideout",
    "upd": {
      "UnlimitedCount": true,
      "StackObjectsCount": 999999999
    }
  },
  {
    "_id": "5eeca638bfed7142cb30f88d",
    "_tpl": "58864a4f2459770fcc257101",
    "parentId": "hideout",
    "slotId": "hideout",
    "upd": {
      "UnlimitedCount": true,
      "StackObjectsCount": 999999999
    }
  },
  {
    "_id": "5eeca638bfed7142cb30f88f",
    "_tpl": "57616a9e2459773c7a400234",
    "parentId": "hideout",
    "slotId": "hideout",
    "upd": {
      "UnlimitedCount": true,
      "StackObjectsCount": 999999999
    }
  },
  {
    "_id": "5eeca638bfed7142cb30f891",
    "_tpl": "59e6927d86f77411da468256",
    "parentId": "hideout",
    "slotId": "hideout",
    "upd": {
      "UnlimitedCount": true,
      "StackObjectsCount": 999999999
    }
  },
  {
    "_id": "5eeca638bfed7142cb30f893",
    "_tpl": "59e655cb86f77411dc52a77b",
    "parentId": "hideout",
    "slotId": "hideout",
    "upd": {
      "UnlimitedCount": true,
      "StackObjectsCount": 999999999
    }
  },
  {
    "_id": "5eeca638bfed7142cb30f895",
    "_tpl": "57616ca52459773c69055192",
    "parentId": "hideout",
    "slotId": "hideout",
    "upd": {
      "UnlimitedCount": true,
      "StackObjectsCount": 999999999
    }
  },
  {
    "_id": "5eeca638bfed7142cb30f897",
    "_tpl": "5bfd37c80db834001d23e842",
    "parentId": "hideout",
    "slotId": "hideout",
    "upd": {
      "UnlimitedCount": true,
      "StackObjectsCount": 999999999
    }
  },
  {
    "_id": "5eeca638bfed7142cb30f899",
    "_tpl": "5bbdb811d4351e45020113c7",
    "parentId": "hideout",
    "slotId": "hideout",
    "upd": {
      "UnlimitedCount": true,
      "StackObjectsCount": 999999999
    }
  },
  {
    "_id": "5eeca638bfed7142cb30f89b",
    "_tpl": "576169e62459773c69055191",
    "parentId": "hideout",
    "slotId": "hideout",
    "upd": {
      "UnlimitedCount": true,
      "StackObjectsCount": 999999999
    }
  },
  {
    "_id": "5eeca638bfed7142cb30f89d",
    "_tpl": "5882163824597757561aa922",
    "parentId": "hideout",
    "slotId": "hideout",
    "upd": {
      "UnlimitedCount": true,
      "StackObjectsCount": 999999999
    }
  },
  {
    "_id": "5eeca638bfed7142cb30f89f",
    "_tpl": "5a38ed75c4a28232996e40c6",
    "parentId": "hideout",
    "slotId": "hideout",
    "upd": {
      "UnlimitedCount": true,
      "StackObjectsCount": 999999999
    }
  },
  {
    "_id": "5eeca638bfed7142cb30f8a1",
    "_tpl": "5adf23995acfc400185c2aeb",
    "parentId": "hideout",
    "slotId": "hideout",
    "upd": {
      "UnlimitedCount": true,
      "StackObjectsCount": 999999999
    }
  },
  {
    "_id": "5eeca638bfed7142cb30f8a3",
    "_tpl": "5a38ee51c4a282000c5a955c",
    "parentId": "hideout",
    "slotId": "hideout",
    "upd": {
      "UnlimitedCount": true,
      "StackObjectsCount": 999999999
    }
  },
  {
    "_id": "5eeca638bfed7142cb30f8a5",
    "_tpl": "5b2388675acfc4771e1be0be",
    "parentId": "hideout",
    "slotId": "hideout",
    "upd": {
      "UnlimitedCount": true,
      "StackObjectsCount": 999999999
    }
  },
  {
    "_id": "5eeca638bfed7142cb30f8a7",
    "_tpl": "5bfd384c0db834001a6691d3",
    "parentId": "hideout",
    "slotId": "hideout",
    "upd": {
      "UnlimitedCount": true,
      "StackObjectsCount": 999999999
    }
  },
  {
    "_id": "5eeca638bfed7142cb30f8a9",
    "_tpl": "5bfea7ad0db834001c38f1ee",
    "parentId": "hideout",
    "slotId": "hideout",
    "upd": {
      "UnlimitedCount": true,
      "StackObjectsCount": 999999999
    }
  },
  {
    "_id": "5eeca638bfed7142cb30f8ab",
    "_tpl": "56dee2bdd2720bc8328b4567",
    "parentId": "hideout",
    "slotId": "hideout",
    "upd": {
      "UnlimitedCount": true,
      "StackObjectsCount": 999999999
    }
  },
  {
    "_id": "5eeca638bfed7142cb30f8ac",
    "_tpl": "56deec93d2720bec348b4568",
    "parentId": "5eeca638bfed7142cb30f8ab",
    "slotId": "mod_barrel"
  },
  {
    "_id": "5eeca638bfed7142cb30f8ad",
    "_tpl": "56deed6ed2720b4c698b4583",
    "parentId": "5eeca638bfed7142cb30f8ab",
    "slotId": "mod_handguard"
  },
  {
    "_id": "5eeca638bfed7142cb30f8ae",
    "_tpl": "56deee15d2720bee328b4567",
    "parentId": "5eeca638bfed7142cb30f8ab",
    "slotId": "mod_magazine"
  },
  {
    "_id": "5eeca638bfed7142cb30f8af",
    "_tpl": "56083be64bdc2d20478b456f",
    "parentId": "5eeca638bfed7142cb30f8ab",
    "slotId": "mod_stock"
  },
  {
    "_id": "5eeca638bfed7142cb30f8b1",
    "_tpl": "573601b42459776410737435",
    "parentId": "hideout",
    "slotId": "hideout",
    "upd": {
      "UnlimitedCount": true,
      "StackObjectsCount": 999999999
    }
  },
  {
    "_id": "5eeca638bfed7142cb30f8b3",
    "_tpl": "560836fb4bdc2d773f8b4569",
    "parentId": "hideout",
    "slotId": "hideout",
    "upd": {
      "UnlimitedCount": true,
      "StackObjectsCount": 999999999
    }
  },
  {
    "_id": "5eeca638bfed7142cb30f8b5",
    "_tpl": "56083a334bdc2dc8488b4571",
    "parentId": "hideout",
    "slotId": "hideout",
    "upd": {
      "UnlimitedCount": true,
      "StackObjectsCount": 999999999
    }
  },
  {
    "_id": "5eeca638bfed7142cb30f8b7",
    "_tpl": "59e8977386f77415a553c453",
    "parentId": "hideout",
    "slotId": "hideout",
    "upd": {
      "UnlimitedCount": true,
      "StackObjectsCount": 999999999
    }
  },
  {
    "_id": "5eeca638bfed7142cb30f8b9",
    "_tpl": "5aa66be6e5b5b0214e506e97",
    "parentId": "hideout",
    "slotId": "hideout",
    "upd": {
      "UnlimitedCount": true,
      "StackObjectsCount": 999999999
    }
  },
  {
    "_id": "5eeca638bfed7142cb30f8bb",
    "_tpl": "5b3b6dc75acfc47a8773fb1e",
    "parentId": "hideout",
    "slotId": "hideout",
    "upd": {
      "UnlimitedCount": true,
      "StackObjectsCount": 999999999
    }
  },
  {
    "_id": "5eeca638bfed7142cb30f8bd",
    "_tpl": "5bfebc5e0db834001a6694e5",
    "parentId": "hideout",
    "slotId": "hideout",
    "upd": {
      "UnlimitedCount": true,
      "StackObjectsCount": 999999999
    }
  },
  {
    "_id": "5eeca638bfed7142cb30f8bf",
    "_tpl": "55d45f484bdc2d972f8b456d",
    "parentId": "hideout",
    "slotId": "hideout",
    "upd": {
      "UnlimitedCount": true,
      "StackObjectsCount": 999999999
    }
  },
  {
    "_id": "5eeca638bfed7142cb30f8c1",
    "_tpl": "5bc5a372d4351e44f824d17f",
    "parentId": "hideout",
    "slotId": "hideout",
    "upd": {
      "UnlimitedCount": true,
      "StackObjectsCount": 999999999
    }
  },
  {
    "_id": "5eeca638bfed7142cb30f8c3",
    "_tpl": "588200cf2459774414733d55",
    "parentId": "hideout",
    "slotId": "hideout",
    "upd": {
      "UnlimitedCount": true,
      "StackObjectsCount": 999999999
    }
  },
  {
    "_id": "5eeca638bfed7142cb30f8c5",
    "_tpl": "57c69dd424597774c03b7bbc",
    "parentId": "hideout",
    "slotId": "hideout",
    "upd": {
      "UnlimitedCount": true,
      "StackObjectsCount": 999999999
    }
  },
  {
    "_id": "5eeca638bfed7142cb30f8c7",
    "_tpl": "574db213245977459a2f3f5d",
    "parentId": "hideout",
    "slotId": "hideout",
    "upd": {
      "UnlimitedCount": true,
      "StackObjectsCount": 999999999
    }
  },
  {
    "_id": "5eeca638bfed7142cb30f8c9",
    "_tpl": "5aa66a9be5b5b0214e506e89",
    "parentId": "hideout",
    "slotId": "hideout",
    "upd": {
      "UnlimitedCount": true,
      "StackObjectsCount": 999999999
    }
  },
  {
    "_id": "5eeca638bfed7142cb30f8cb",
    "_tpl": "5bbdb83fd4351e44f824c44b",
    "parentId": "hideout",
    "slotId": "hideout",
    "upd": {
      "UnlimitedCount": true,
      "StackObjectsCount": 999999999
    }
  },
  {
    "_id": "5eeca638bfed7142cb30f8cd",
    "_tpl": "55d4491a4bdc2d882f8b456e",
    "parentId": "hideout",
    "slotId": "hideout",
    "upd": {
      "UnlimitedCount": true,
      "StackObjectsCount": 999999999
    }
  },
  {
    "_id": "5eeca638bfed7142cb30f8cf",
    "_tpl": "57616a9e2459773c7a400234",
    "parentId": "hideout",
    "slotId": "hideout",
    "upd": {
      "UnlimitedCount": true,
      "StackObjectsCount": 999999999
    }
  },
  {
    "_id": "5eeca638bfed7142cb30f8d1",
    "_tpl": "560835c74bdc2dc8488b456f",
    "parentId": "hideout",
    "slotId": "hideout",
    "upd": {
      "UnlimitedCount": true,
      "StackObjectsCount": 999999999
    }
  },
  {
    "_id": "5eeca638bfed7142cb30f8d3",
    "_tpl": "591ee00d86f774592f7b841e",
    "parentId": "hideout",
    "slotId": "hideout",
    "upd": {
      "UnlimitedCount": true,
      "StackObjectsCount": 999999999
    }
  },
  {
    "_id": "5eeca638bfed7142cb30f8d5",
    "_tpl": "56deec93d2720bec348b4568",
    "parentId": "hideout",
    "slotId": "hideout",
    "upd": {
      "UnlimitedCount": true,
      "StackObjectsCount": 999999999
    }
  },
  {
    "_id": "5eeca638bfed7142cb30f8d7",
    "_tpl": "56deeefcd2720bc8328b4568",
    "parentId": "hideout",
    "slotId": "hideout",
    "upd": {
      "UnlimitedCount": true,
      "StackObjectsCount": 999999999
    }
  },
  {
    "_id": "5eeca638bfed7142cb30f8d9",
    "_tpl": "59e6542b86f77411dc52a77a",
    "parentId": "hideout",
    "slotId": "hideout",
    "upd": {
      "UnlimitedCount": true,
      "StackObjectsCount": 999999999
    }
  },
  {
    "_id": "5eeca638bfed7142cb30f8db",
    "_tpl": "56dff0bed2720bb0668b4567",
    "parentId": "hideout",
    "slotId": "hideout",
    "upd": {
      "UnlimitedCount": true,
      "StackObjectsCount": 999999999
    }
  },
  {
    "_id": "5eeca638bfed7142cb30f8dd",
    "_tpl": "5bbde41ed4351e003562b038",
    "parentId": "hideout",
    "slotId": "hideout",
    "upd": {
      "UnlimitedCount": true,
      "StackObjectsCount": 999999999
    }
  },
  {
    "_id": "5eeca638bfed7142cb30f8df",
    "_tpl": "5608373c4bdc2dc8488b4570",
    "parentId": "hideout",
    "slotId": "hideout",
    "upd": {
      "UnlimitedCount": true,
      "StackObjectsCount": 999999999
    }
  },
  {
    "_id": "5eeca638bfed7142cb30f8e1",
    "_tpl": "588200c224597743990da9ed",
    "parentId": "hideout",
    "slotId": "hideout",
    "upd": {
      "UnlimitedCount": true,
      "StackObjectsCount": 999999999
    }
  },
  {
    "_id": "5eeca638bfed7142cb30f8e3",
    "_tpl": "55d448594bdc2d8c2f8b4569",
    "parentId": "hideout",
    "slotId": "hideout",
    "upd": {
      "UnlimitedCount": true,
      "StackObjectsCount": 999999999
    }
  },
  {
    "_id": "5eeca638bfed7142cb30f8e5",
    "_tpl": "57616c112459773cce774d66",
    "parentId": "hideout",
    "slotId": "hideout",
    "upd": {
      "UnlimitedCount": true,
      "StackObjectsCount": 999999999
    }
  },
  {
    "_id": "5eeca638bfed7142cb30f8e7",
    "_tpl": "59e6658b86f77411d949b250",
    "parentId": "hideout",
    "slotId": "hideout",
    "upd": {
      "UnlimitedCount": true,
      "StackObjectsCount": 999999999
    }
  },
  {
    "_id": "5eeca638bfed7142cb30f8e9",
    "_tpl": "55d449444bdc2d962f8b456d",
    "parentId": "hideout",
    "slotId": "hideout",
    "upd": {
      "UnlimitedCount": true,
      "StackObjectsCount": 999999999
    }
  },
  {
    "_id": "5eeca638bfed7142cb30f8eb",
    "_tpl": "5bfeaa0f0db834001b734927",
    "parentId": "hideout",
    "slotId": "hideout",
    "upd": {
      "UnlimitedCount": true,
      "StackObjectsCount": 999999999
    }
  },
  {
    "_id": "5eeca638bfed7142cb30f8ed",
    "_tpl": "57c5ac0824597754771e88a9",
    "parentId": "hideout",
    "slotId": "hideout",
    "upd": {
      "UnlimitedCount": true,
      "StackObjectsCount": 999999999
    }
  },
  {
    "_id": "5eeca638bfed7142cb30f8ef",
    "_tpl": "55d485804bdc2d8c2f8b456b",
    "parentId": "hideout",
    "slotId": "hideout",
    "upd": {
      "UnlimitedCount": true,
      "StackObjectsCount": 999999999
    }
  },
  {
    "_id": "5eeca638bfed7142cb30f8f1",
    "_tpl": "587e08ee245977446b4410cf",
    "parentId": "hideout",
    "slotId": "hideout",
    "upd": {
      "UnlimitedCount": true,
      "StackObjectsCount": 999999999
    }
  },
  {
    "_id": "5eeca638bfed7142cb30f8f3",
    "_tpl": "5608379a4bdc2d26448b4569",
    "parentId": "hideout",
    "slotId": "hideout",
    "upd": {
      "UnlimitedCount": true,
      "StackObjectsCount": 999999999
    }
  },
  {
    "_id": "5eeca638bfed7142cb30f8f5",
    "_tpl": "56dff216d2720bbd668b4568",
    "parentId": "hideout",
    "slotId": "hideout",
    "upd": {
      "UnlimitedCount": true,
      "StackObjectsCount": 999999999
    }
  },
  {
    "_id": "5eeca638bfed7142cb30f8f7",
    "_tpl": "5b3b99265acfc4704b4a1afb",
    "parentId": "hideout",
    "slotId": "hideout",
    "upd": {
      "UnlimitedCount": true,
      "StackObjectsCount": 999999999
    }
  },
  {
    "_id": "5eeca638bfed7142cb30f8f9",
    "_tpl": "5b3b6e495acfc4330140bd88",
    "parentId": "hideout",
    "slotId": "hideout",
    "upd": {
      "UnlimitedCount": true,
      "StackObjectsCount": 999999999
    }
  },
  {
    "_id": "5eeca638bfed7142cb30f8fb",
    "_tpl": "5bfd4cc90db834001d23e846",
    "parentId": "hideout",
    "slotId": "hideout",
    "upd": {
      "UnlimitedCount": true,
      "StackObjectsCount": 999999999
    }
  },
  {
    "_id": "5eeca638bfed7142cb30f8fd",
    "_tpl": "57ae0171245977343c27bfcf",
    "parentId": "hideout",
    "slotId": "hideout",
    "upd": {
      "UnlimitedCount": true,
      "StackObjectsCount": 999999999
    }
  },
  {
    "_id": "5eeca638bfed7142cb30f8ff",
    "_tpl": "58272d7f2459774f6311ddfd",
    "parentId": "hideout",
    "slotId": "hideout",
    "upd": {
      "UnlimitedCount": true,
      "StackObjectsCount": 999999999
    }
  },
  {
    "_id": "5eeca638bfed7142cb30f901",
    "_tpl": "5a1ead28fcdbcb001912fa9f",
    "parentId": "hideout",
    "slotId": "hideout",
    "upd": {
      "UnlimitedCount": true,
      "StackObjectsCount": 999999999
    }
  },
  {
    "_id": "5eeca638bfed7142cb30f903",
    "_tpl": "55d48ebc4bdc2d8c2f8b456c",
    "parentId": "hideout",
    "slotId": "hideout",
    "upd": {
      "UnlimitedCount": true,
      "StackObjectsCount": 999999999
    }
  },
  {
    "_id": "5eeca638bfed7142cb30f905",
    "_tpl": "587e02ff24597743df3deaeb",
    "upd": {
      "UnlimitedCount": true,
      "StackObjectsCount": 999999999
    },
    "parentId": "hideout",
    "slotId": "hideout"
  },
  {
    "_id": "5eeca638bfed7142cb30f906",
    "_tpl": "587e0531245977466077a0f7",
    "parentId": "5eeca638bfed7142cb30f905",
    "slotId": "mod_stock"
  },
  {
    "_id": "5eeca638bfed7142cb30f907",
    "_tpl": "574db213245977459a2f3f5d",
    "parentId": "5eeca638bfed7142cb30f905",
    "slotId": "mod_sight_rear"
  },
  {
    "_id": "5eeca638bfed7142cb30f908",
    "_tpl": "587df3a12459772c28142567",
    "parentId": "5eeca638bfed7142cb30f905",
    "slotId": "mod_magazine"
  },
  {
    "_id": "5eeca638bfed7142cb30f909",
    "_tpl": "587e08ee245977446b4410cf",
    "parentId": "5eeca638bfed7142cb30f905",
    "slotId": "mod_mount"
  },
  {
    "_id": "5eeca638bfed7142cb30f90b",
    "_tpl": "56dff421d2720b5f5a8b4567",
    "parentId": "hideout",
    "slotId": "hideout",
    "upd": {
      "UnlimitedCount": true,
      "StackObjectsCount": 999999999
    }
  },
  {
    "_id": "5eeca638bfed7142cb30f90d",
    "_tpl": "593d1fa786f7746da62d61ac",
    "parentId": "hideout",
    "slotId": "hideout",
    "upd": {
      "UnlimitedCount": true,
      "StackObjectsCount": 999999999
    }
  },
  {
    "_id": "5eeca638bfed7142cb30f90f",
    "_tpl": "5737207f24597760ff7b25f2",
    "parentId": "hideout",
    "slotId": "hideout",
    "upd": {
      "UnlimitedCount": true,
      "StackObjectsCount": 999999999
    }
  },
  {
    "_id": "5eeca638bfed7142cb30f911",
    "_tpl": "5aa66a9be5b5b0214e506e89",
    "parentId": "hideout",
    "slotId": "hideout",
    "upd": {
      "UnlimitedCount": true,
      "StackObjectsCount": 999999999
    }
  },
  {
    "_id": "5eeca638bfed7142cb30f913",
    "_tpl": "5aa66be6e5b5b0214e506e97",
    "parentId": "hideout",
    "slotId": "hideout",
    "upd": {
      "UnlimitedCount": true,
      "StackObjectsCount": 999999999
    }
  },
  {
    "_id": "5eeca638bfed7142cb30f915",
    "_tpl": "5882163e24597758206fee8c",
    "parentId": "hideout",
    "slotId": "hideout",
    "upd": {
      "UnlimitedCount": true,
      "StackObjectsCount": 999999999
    }
  },
  {
    "_id": "5eeca638bfed7142cb30f917",
    "_tpl": "591c4efa86f7741030027726",
    "parentId": "hideout",
    "slotId": "hideout",
    "upd": {
      "UnlimitedCount": true,
      "StackObjectsCount": 999999999
    }
  },
  {
    "_id": "5eeca638bfed7142cb30f919",
    "_tpl": "5a38e6bac4a2826c6e06d79b",
    "parentId": "hideout",
    "slotId": "hideout",
    "upd": {
      "UnlimitedCount": true,
      "StackObjectsCount": 999999999
    }
  },
  {
    "_id": "5eeca638bfed7142cb30f91a",
    "_tpl": "5a38ee51c4a282000c5a955c",
    "parentId": "5eeca638bfed7142cb30f919",
    "slotId": "mod_magazine"
  },
  {
    "_id": "5eeca638bfed7142cb30f91b",
    "_tpl": "5a38ef1fc4a282000b1521f6",
    "parentId": "5eeca638bfed7142cb30f919",
    "slotId": "mod_stock"
  },
  {
    "_id": "5eeca638bfed7142cb30f91c",
    "_tpl": "5a38eecdc4a282329a73b512",
    "parentId": "5eeca638bfed7142cb30f91b",
    "slotId": "mod_pistol_grip"
  },
  {
    "_id": "5eeca638bfed7142cb30f91e",
    "_tpl": "5a966f51a2750c00156aacf6",
    "parentId": "hideout",
    "slotId": "hideout",
    "upd": {
      "UnlimitedCount": true,
      "StackObjectsCount": 999999999
    }
  },
  {
    "_id": "5eeca638bfed7142cb30f920",
    "_tpl": "587e08ee245977446b4410cf",
    "parentId": "hideout",
    "slotId": "hideout",
    "upd": {
      "UnlimitedCount": true,
      "StackObjectsCount": 999999999
    }
  },
  {
    "_id": "5eeca638bfed7142cb30f922",
    "_tpl": "5a38ebd9c4a282000d722a5b",
    "parentId": "hideout",
    "slotId": "hideout",
    "upd": {
      "UnlimitedCount": true,
      "StackObjectsCount": 999999999
    }
  },
  {
    "_id": "5eeca638bfed7142cb30f924",
    "_tpl": "59eb7ebe86f7740b373438ce",
    "parentId": "hideout",
    "slotId": "hideout",
    "upd": {
      "UnlimitedCount": true,
      "StackObjectsCount": 999999999
    }
  },
  {
    "_id": "5eeca638bfed7142cb30f926",
    "_tpl": "5b3b99475acfc432ff4dcbee",
    "parentId": "hideout",
    "slotId": "hideout",
    "upd": {
      "UnlimitedCount": true,
      "StackObjectsCount": 999999999
    }
  },
  {
    "_id": "5eeca638bfed7142cb30f928",
    "_tpl": "5b2389515acfc4771e1be0c0",
    "parentId": "hideout",
    "slotId": "hideout",
    "upd": {
      "UnlimitedCount": true,
      "StackObjectsCount": 999999999
    }
  },
  {
    "_id": "5eeca638bfed7142cb30f92c",
    "_tpl": "5c093db286f7740a1b2617e3",
    "parentId": "hideout",
    "slotId": "hideout",
    "upd": {
      "UnlimitedCount": true,
      "StackObjectsCount": 999999999
    }
  },
  {
    "_id": "5eeca638bfed7142cb30f92e",
    "_tpl": "5bbde409d4351e003562b036",
    "parentId": "hideout",
    "slotId": "hideout",
    "upd": {
      "UnlimitedCount": true,
      "StackObjectsCount": 999999999
    }
  },
  {
    "_id": "5eeca638bfed7142cb30f930",
    "_tpl": "5bfd4c980db834001b73449d",
    "parentId": "hideout",
    "slotId": "hideout",
    "upd": {
      "UnlimitedCount": true,
      "StackObjectsCount": 999999999
    }
  },
  {
    "_id": "5eeca638bfed7142cb30f932",
    "_tpl": "5bfd4cbe0db834001b73449f",
    "parentId": "hideout",
    "slotId": "hideout",
    "upd": {
      "UnlimitedCount": true,
      "StackObjectsCount": 999999999
    }
  },
  {
    "_id": "5eeca638bfed7142cb30f934",
    "_tpl": "5bfd36ad0db834001c38ef66",
    "parentId": "hideout",
    "slotId": "hideout",
    "upd": {
      "UnlimitedCount": true,
      "StackObjectsCount": 999999999
    }
  },
  {
    "_id": "5eeca638bfed7142cb30f936",
    "_tpl": "5bbdb870d4351e00367fb67d",
    "parentId": "hideout",
    "slotId": "hideout",
    "upd": {
      "UnlimitedCount": true,
      "StackObjectsCount": 999999999
    }
  },
  {
    "_id": "5eeca638bfed7142cb30f938",
    "_tpl": "5ab8ee7786f7742d8f33f0b9",
    "parentId": "hideout",
    "slotId": "hideout",
    "upd": {
      "UnlimitedCount": true,
      "StackObjectsCount": 999999999
    }
  },
  {
    "_id": "5eeca638bfed7142cb30f93c",
    "_tpl": "56dee2bdd2720bc8328b4567",
    "parentId": "hideout",
    "slotId": "hideout",
    "upd": {
      "UnlimitedCount": true,
      "StackObjectsCount": 999999999
    }
  },
  {
    "_id": "5eeca638bfed7142cb30f93d",
    "_tpl": "56deec93d2720bec348b4568",
    "parentId": "5eeca638bfed7142cb30f93c",
    "slotId": "mod_barrel"
  },
  {
    "_id": "5eeca638bfed7142cb30f93e",
    "_tpl": "56deed6ed2720b4c698b4583",
    "parentId": "5eeca638bfed7142cb30f93c",
    "slotId": "mod_handguard"
  },
  {
    "_id": "5eeca638bfed7142cb30f93f",
    "_tpl": "56deee15d2720bee328b4567",
    "parentId": "5eeca638bfed7142cb30f93c",
    "slotId": "mod_magazine"
  },
  {
    "_id": "5eeca638bfed7142cb30f940",
    "_tpl": "56083be64bdc2d20478b456f",
    "parentId": "5eeca638bfed7142cb30f93c",
    "slotId": "mod_stock"
  },
  {
    "_id": "5eeca638bfed7142cb30f942",
    "_tpl": "59e89d0986f77427600d226e",
    "parentId": "hideout",
    "slotId": "hideout",
    "upd": {
      "UnlimitedCount": true,
      "StackObjectsCount": 999999999
    }
  },
  {
    "_id": "5eeca638bfed7142cb30f944",
    "_tpl": "59e898ee86f77427614bd225",
    "parentId": "hideout",
    "slotId": "hideout",
    "upd": {
      "UnlimitedCount": true,
      "StackObjectsCount": 999999999
    }
  },
  {
    "_id": "5eeca638bfed7142cb30f946",
    "_tpl": "560836484bdc2d20478b456e",
    "parentId": "hideout",
    "slotId": "hideout",
    "upd": {
      "UnlimitedCount": true,
      "StackObjectsCount": 999999999
    }
  },
  {
    "_id": "5eeca638bfed7142cb30f948",
    "_tpl": "5c503ad32e2216398b5aada2",
    "parentId": "hideout",
    "slotId": "hideout",
    "upd": {
      "UnlimitedCount": true,
      "StackObjectsCount": 999999999
    }
  },
  {
    "_id": "5eeca638bfed7142cb30f94a",
    "_tpl": "560836b64bdc2d57468b4567",
    "parentId": "hideout",
    "slotId": "hideout",
    "upd": {
      "UnlimitedCount": true,
      "StackObjectsCount": 999999999
    }
  },
  {
    "_id": "5eeca638bfed7142cb30f94c",
    "_tpl": "5c503ac82e221602b21d6e9a",
    "parentId": "hideout",
    "slotId": "hideout",
    "upd": {
      "UnlimitedCount": true,
      "StackObjectsCount": 999999999
    }
  },
  {
    "_id": "5eeca638bfed7142cb30f94e",
    "_tpl": "5c501a4d2e221602b412b540",
    "upd": {
      "UnlimitedCount": true,
      "StackObjectsCount": 999999999
    },
    "parentId": "hideout",
    "slotId": "hideout"
  },
  {
    "_id": "5eeca638bfed7142cb30f94f",
    "_tpl": "5c5039be2e221602b177c9ff",
    "parentId": "5eeca638bfed7142cb30f94e",
    "slotId": "mod_gas_block"
  },
  {
    "_id": "5eeca638bfed7142cb30f950",
    "_tpl": "5c503d0a2e221602b542b7ef",
    "parentId": "5eeca638bfed7142cb30f94e",
    "slotId": "mod_reciever"
  },
  {
    "_id": "5eeca638bfed7142cb30f951",
    "_tpl": "5c503b1c2e221602b21d6e9d",
    "parentId": "5eeca638bfed7142cb30f94e",
    "slotId": "mod_sight_rear"
  },
  {
    "_id": "5eeca638bfed7142cb30f952",
    "_tpl": "5c503af12e221602b177ca02",
    "parentId": "5eeca638bfed7142cb30f94e",
    "slotId": "mod_stock"
  },
  {
    "_id": "5eeca638bfed7142cb30f953",
    "_tpl": "5c503ac82e221602b21d6e9a",
    "parentId": "5eeca638bfed7142cb30f94e",
    "slotId": "mod_magazine"
  },
  {
    "_id": "5eeca638bfed7142cb30f955",
    "_tpl": "5c99f3592e221644fc633070",
    "parentId": "hideout",
    "slotId": "hideout",
    "upd": {
      "UnlimitedCount": true,
      "StackObjectsCount": 999999999
    }
  },
  {
    "_id": "5eeca638bfed7142cb30f957",
    "_tpl": "5c6161fb2e221600113fbde5",
    "parentId": "hideout",
    "slotId": "hideout",
    "upd": {
      "UnlimitedCount": true,
      "StackObjectsCount": 999999999
    }
  },
  {
    "_id": "5eeca638bfed7142cb30f959",
    "_tpl": "5c503b1c2e221602b21d6e9d",
    "parentId": "hideout",
    "slotId": "hideout",
    "upd": {
      "UnlimitedCount": true,
      "StackObjectsCount": 999999999
    }
  },
  {
    "_id": "5eeca638bfed7142cb30f95b",
    "_tpl": "5c6162682e22160010261a2b",
    "parentId": "hideout",
    "slotId": "hideout",
    "upd": {
      "UnlimitedCount": true,
      "StackObjectsCount": 999999999
    }
  },
  {
    "_id": "5eeca638bfed7142cb30f95d",
    "_tpl": "5c86592b2e2216000e69e77c",
    "parentId": "hideout",
    "slotId": "hideout",
    "upd": {
      "UnlimitedCount": true,
      "StackObjectsCount": 999999999
    }
  },
  {
    "_id": "5eeca638bfed7142cb30f95f",
    "_tpl": "587df3a12459772c28142567",
    "parentId": "hideout",
    "slotId": "hideout",
    "upd": {
      "UnlimitedCount": true,
      "StackObjectsCount": 999999999
    }
  },
  {
    "_id": "5eeca638bfed7142cb30f961",
    "_tpl": "5c61627a2e22160012542c55",
    "parentId": "hideout",
    "slotId": "hideout",
    "upd": {
      "UnlimitedCount": true,
      "StackObjectsCount": 999999999
    }
  },
  {
    "_id": "5eeca638bfed7142cb30f965",
    "_tpl": "5d1b5e94d7ad1a2b865a96b0",
    "parentId": "hideout",
    "slotId": "hideout",
    "upd": {
      "UnlimitedCount": true,
      "StackObjectsCount": 999999999
    }
  },
  {
    "_id": "5eeca638bfed7142cb30f967",
    "_tpl": "5c012ffc0db834001d23f03f",
    "parentId": "hideout",
    "slotId": "hideout",
    "upd": {
      "UnlimitedCount": true,
      "StackObjectsCount": 999999999
    }
  },
  {
    "_id": "5eeca638bfed7142cb30f969",
    "_tpl": "5d02778e86f774203e7dedbe",
    "parentId": "hideout",
    "slotId": "hideout",
    "upd": {
      "UnlimitedCount": true,
      "StackObjectsCount": 999999999
    }
  },
  {
    "_id": "5eeca638bfed7142cb30f96b",
    "_tpl": "59e6687d86f77411d949b251",
    "parentId": "hideout",
    "slotId": "hideout",
    "upd": {
      "UnlimitedCount": true,
      "StackObjectsCount": 999999999
    }
  },
  {
    "_id": "5eeca638bfed7142cb30f96c",
    "_tpl": "59e649f986f77411d949b246",
    "parentId": "5eeca638bfed7142cb30f96b",
    "slotId": "mod_gas_block"
  },
  {
    "_id": "5eeca638bfed7142cb30f96d",
    "_tpl": "59e8a00d86f7742ad93b569c",
    "parentId": "5eeca638bfed7142cb30f96b",
    "slotId": "mod_muzzle"
  },
  {
    "_id": "5eeca638bfed7142cb30f96e",
    "_tpl": "59e6318286f77444dd62c4cc",
    "parentId": "5eeca638bfed7142cb30f96b",
    "slotId": "mod_pistol_grip"
  },
  {
    "_id": "5eeca638bfed7142cb30f96f",
    "_tpl": "59e6449086f7746c9f75e822",
    "parentId": "5eeca638bfed7142cb30f96b",
    "slotId": "mod_reciever"
  },
  {
    "_id": "5eeca638bfed7142cb30f970",
    "_tpl": "59e8977386f77415a553c453",
    "parentId": "5eeca638bfed7142cb30f96b",
    "slotId": "mod_sight_rear"
  },
  {
    "_id": "5eeca638bfed7142cb30f971",
    "_tpl": "59e89d0986f77427600d226e",
    "parentId": "5eeca638bfed7142cb30f96b",
    "slotId": "mod_stock"
  },
  {
    "_id": "5eeca638bfed7142cb30f972",
    "_tpl": "59d625f086f774661516605d",
    "parentId": "5eeca638bfed7142cb30f96b",
    "slotId": "mod_magazine"
  },
  {
    "_id": "5eeca638bfed7142cb30f973",
    "_tpl": "59e898ee86f77427614bd225",
    "parentId": "5eeca638bfed7142cb30f96c",
    "slotId": "mod_handguard"
  },
  {
    "_id": "5eeca638bfed7142cb30f975",
    "_tpl": "58820d1224597753c90aeb13",
    "parentId": "hideout",
    "slotId": "hideout",
    "upd": {
      "UnlimitedCount": true,
      "StackObjectsCount": 999999999
    }
  },
  {
    "_id": "5eeca638bfed7142cb30f977",
    "_tpl": "5d235bb686f77443f4331278",
    "parentId": "hideout",
    "slotId": "hideout",
    "upd": {
      "UnlimitedCount": true,
      "StackObjectsCount": 999999999
    }
  },
  {
    "_id": "5eeca638bfed7142cb30f979",
    "_tpl": "5d024f5cd7ad1a04a067e91a",
    "parentId": "hideout",
    "slotId": "hideout",
    "upd": {
      "UnlimitedCount": true,
      "StackObjectsCount": 999999999
    }
  },
  {
    "_id": "5eeca638bfed7142cb30f97b",
    "_tpl": "5cf79389d7f00c10941a0c4d",
    "parentId": "hideout",
    "slotId": "hideout",
    "upd": {
      "UnlimitedCount": true,
      "StackObjectsCount": 999999999
    }
  },
  {
    "_id": "5eeca638bfed7142cb30f97d",
    "_tpl": "5cf67cadd7f00c065a5abab7",
    "parentId": "hideout",
    "slotId": "hideout",
    "upd": {
      "UnlimitedCount": true,
      "StackObjectsCount": 999999999
    }
  },
  {
    "_id": "5eeca639bfed7142cb30f97f",
    "_tpl": "5cf79599d7f00c10875d9212",
    "parentId": "hideout",
    "slotId": "hideout",
    "upd": {
      "UnlimitedCount": true,
      "StackObjectsCount": 999999999
    }
  },
  {
    "_id": "5eeca639bfed7142cb30f981",
    "_tpl": "5cf67a1bd7f00c06585fb6f3",
    "parentId": "hideout",
    "slotId": "hideout",
    "upd": {
      "UnlimitedCount": true,
      "StackObjectsCount": 999999999
    }
  },
  {
    "_id": "5eeca639bfed7142cb30f983",
    "_tpl": "5d1b5e94d7ad1a2b865a96b0",
    "parentId": "hideout",
    "slotId": "hideout",
    "upd": {
      "UnlimitedCount": true,
      "StackObjectsCount": 999999999
    }
  },
  {
    "_id": "5eeca639bfed7142cb30f985",
    "_tpl": "5a38ebd9c4a282000d722a5b",
    "parentId": "hideout",
    "slotId": "hideout",
    "upd": {
      "UnlimitedCount": true,
      "StackObjectsCount": 999999999
    }
  },
  {
    "_id": "5eeca639bfed7142cb30f987",
    "_tpl": "5c1127d0d174af29be75cf68",
    "parentId": "hideout",
    "slotId": "hideout",
    "upd": {
      "UnlimitedCount": true,
      "StackObjectsCount": 999999999
    }
  },
  {
    "_id": "5eeca639bfed7142cb30f989",
    "_tpl": "5c1127bdd174af44217ab8b9",
    "parentId": "hideout",
    "slotId": "hideout",
    "upd": {
      "UnlimitedCount": true,
      "StackObjectsCount": 999999999
    }
  },
  {
    "_id": "5eeca639bfed7142cb30f98b",
    "_tpl": "5d2dc3e548f035404a1a4798",
    "parentId": "hideout",
    "slotId": "hideout",
    "upd": {
      "UnlimitedCount": true,
      "StackObjectsCount": 999999999
    }
  },
  {
    "_id": "5eeca639bfed7142cb30f98d",
    "_tpl": "5c11279ad174af029d64592b",
    "parentId": "hideout",
    "slotId": "hideout",
    "upd": {
      "UnlimitedCount": true,
      "StackObjectsCount": 999999999
    }
  },
  {
    "_id": "5eeca639bfed7142cb30f9b7",
    "_tpl": "5c110624d174af029e69734c",
    "parentId": "hideout",
    "slotId": "hideout",
    "upd": {
      "UnlimitedCount": true,
      "StackObjectsCount": 999999999
    }
  },
  {
    "_id": "5eeca639bfed7142cb30f9b9",
    "_tpl": "5d1b36a186f7742523398433",
    "parentId": "hideout",
    "slotId": "hideout",
    "upd": {
      "UnlimitedCount": true,
      "StackObjectsCount": 999999999
    }
  },
  {
    "_id": "5eeca639bfed7142cb30f9bb",
    "_tpl": "5d6e689ca4b9361bc8618956",
    "parentId": "hideout",
    "slotId": "hideout",
    "upd": {
      "UnlimitedCount": true,
      "StackObjectsCount": 999999999
    }
  },
  {
    "_id": "5eeca639bfed7142cb30f9bd",
    "_tpl": "5d6e6891a4b9361bd473feea",
    "parentId": "hideout",
    "slotId": "hideout",
    "upd": {
      "UnlimitedCount": true,
      "StackObjectsCount": 999999999
    }
  },
  {
    "_id": "5eeca639bfed7142cb30f9bf",
    "_tpl": "560d5e524bdc2d25448b4571",
    "parentId": "hideout",
    "slotId": "hideout",
    "upd": {
      "UnlimitedCount": true,
      "StackObjectsCount": 999999999
    }
  },
  {
    "_id": "5eeca639bfed7142cb30f9c1",
    "_tpl": "5d6e67fba4b9361bc73bc779",
    "parentId": "hideout",
    "slotId": "hideout",
    "upd": {
      "UnlimitedCount": true,
      "StackObjectsCount": 999999999
    }
  },
  {
    "_id": "5eeca639bfed7142cb30f9c3",
    "_tpl": "5d6e6911a4b9361bd5780d52",
    "parentId": "hideout",
    "slotId": "hideout",
    "upd": {
      "UnlimitedCount": true,
      "StackObjectsCount": 999999999
    }
  },
  {
    "_id": "5eeca639bfed7142cb30f9c5",
    "_tpl": "5d6e68b3a4b9361bca7e50b5",
    "parentId": "hideout",
    "slotId": "hideout",
    "upd": {
      "UnlimitedCount": true,
      "StackObjectsCount": 999999999
    }
  },
  {
    "_id": "5eeca639bfed7142cb30f9c7",
    "_tpl": "5d6e6772a4b936088465b17c",
    "parentId": "hideout",
    "slotId": "hideout",
    "upd": {
      "UnlimitedCount": true,
      "StackObjectsCount": 999999999
    }
  },
  {
    "_id": "5eeca639bfed7142cb30f9c9",
    "_tpl": "5d6e68dea4b9361bcc29e659",
    "parentId": "hideout",
    "slotId": "hideout",
    "upd": {
      "UnlimitedCount": true,
      "StackObjectsCount": 999999999
    }
  },
  {
    "_id": "5eeca639bfed7142cb30f9cb",
    "_tpl": "5d6e6869a4b9361c140bcfde",
    "parentId": "hideout",
    "slotId": "hideout",
    "upd": {
      "UnlimitedCount": true,
      "StackObjectsCount": 999999999
    }
  },
  {
    "_id": "5eeca639bfed7142cb30f9cd",
    "_tpl": "5d6e68d1a4b93622fe60e845",
    "parentId": "hideout",
    "slotId": "hideout",
    "upd": {
      "UnlimitedCount": true,
      "StackObjectsCount": 999999999
    }
  },
  {
    "_id": "5eeca639bfed7142cb30f9cf",
    "_tpl": "5d6e6806a4b936088465b17e",
    "parentId": "hideout",
    "slotId": "hideout",
    "upd": {
      "UnlimitedCount": true,
      "StackObjectsCount": 999999999
    }
  },
  {
    "_id": "5eeca639bfed7142cb30f9d1",
    "_tpl": "5d6e68c4a4b9361b93413f79",
    "parentId": "hideout",
    "slotId": "hideout",
    "upd": {
      "UnlimitedCount": true,
      "StackObjectsCount": 999999999
    }
  },
  {
    "_id": "5eeca639bfed7142cb30f9d3",
    "_tpl": "5d6e695fa4b936359b35d852",
    "parentId": "hideout",
    "slotId": "hideout",
    "upd": {
      "UnlimitedCount": true,
      "StackObjectsCount": 999999999
    }
  },
  {
    "_id": "5eeca639bfed7142cb30f9d5",
    "_tpl": "5d6e69b9a4b9361bc8618958",
    "parentId": "hideout",
    "slotId": "hideout",
    "upd": {
      "UnlimitedCount": true,
      "StackObjectsCount": 999999999
    }
  },
  {
    "_id": "5eeca639bfed7142cb30f9d7",
    "_tpl": "5d6e69c7a4b9360b6c0d54e4",
    "parentId": "hideout",
    "slotId": "hideout",
    "upd": {
      "UnlimitedCount": true,
      "StackObjectsCount": 999999999
    }
  },
  {
    "_id": "5eeca639bfed7142cb30f9d9",
    "_tpl": "5d6e68e6a4b9361c140bcfe0",
    "parentId": "hideout",
    "slotId": "hideout",
    "upd": {
      "UnlimitedCount": true,
      "StackObjectsCount": 999999999
    }
  },
  {
    "_id": "5eeca639bfed7142cb30f9db",
    "_tpl": "5d6e6a05a4b93618084f58d0",
    "parentId": "hideout",
    "slotId": "hideout",
    "upd": {
      "UnlimitedCount": true,
      "StackObjectsCount": 999999999
    }
  },
  {
    "_id": "5eeca639bfed7142cb30f9dd",
    "_tpl": "5d6e6a42a4b9364f07165f52",
    "parentId": "hideout",
    "slotId": "hideout",
    "upd": {
      "UnlimitedCount": true,
      "StackObjectsCount": 999999999
    }
  },
  {
    "_id": "5eeca639bfed7142cb30f9df",
    "_tpl": "5d6e6a5fa4b93614ec501745",
    "parentId": "hideout",
    "slotId": "hideout",
    "upd": {
      "UnlimitedCount": true,
      "StackObjectsCount": 999999999
    }
  },
  {
    "_id": "5eeca639bfed7142cb30f9e1",
    "_tpl": "5d6e68a8a4b9360b6c0d54e2",
    "parentId": "hideout",
    "slotId": "hideout",
    "upd": {
      "UnlimitedCount": true,
      "StackObjectsCount": 999999999
    }
  },
  {
    "_id": "5eeca639bfed7142cb30f9e3",
    "_tpl": "5d6e6a53a4b9361bd473feec",
    "parentId": "hideout",
    "slotId": "hideout",
    "upd": {
      "UnlimitedCount": true,
      "StackObjectsCount": 999999999
    }
  },
  {
    "_id": "5eeca639bfed7142cb30f9e5",
    "_tpl": "5d02778e86f774203e7dedbe",
    "parentId": "hideout",
    "slotId": "hideout",
    "upd": {
      "UnlimitedCount": true,
      "StackObjectsCount": 999999999
    }
  },
  {
    "_id": "5eeca639bfed7142cb30f9e7",
    "_tpl": "56083cba4bdc2de22e8b456f",
    "parentId": "hideout",
    "slotId": "hideout",
    "upd": {
      "UnlimitedCount": true,
      "StackObjectsCount": 999999999
    }
  },
  {
    "_id": "5eeca639bfed7142cb30f9e9",
    "_tpl": "5a1eaa87fcdbcb001865f75e",
    "parentId": "hideout",
    "slotId": "hideout",
    "upd": {
      "UnlimitedCount": true,
      "StackObjectsCount": 999999999
    }
  },
  {
    "_id": "5eeca639bfed7142cb30f9eb",
    "_tpl": "5d1b36a186f7742523398433",
    "parentId": "hideout",
    "slotId": "hideout",
    "upd": {
      "UnlimitedCount": true,
      "StackObjectsCount": 999999999
    }
  },
  {
    "_id": "5eeca639bfed7142cb30f9ed",
    "_tpl": "5c0126f40db834002a125382",
    "parentId": "hideout",
    "slotId": "hideout",
    "upd": {
      "UnlimitedCount": true,
      "StackObjectsCount": 999999999
    }
  },
  {
    "_id": "5eeca639bfed7142cb30f9ef",
    "_tpl": "576165642459773c7a400233",
    "upd": {
      "UnlimitedCount": true,
      "StackObjectsCount": 999999999
    },
    "parentId": "hideout",
    "slotId": "hideout"
  },
  {
    "_id": "5eeca639bfed7142cb30f9f0",
    "_tpl": "5c90c3622e221601da359851",
    "parentId": "5eeca639bfed7142cb30f9ef",
    "slotId": "mod_mount_000"
  },
  {
    "_id": "5eeca639bfed7142cb30f9f1",
    "_tpl": "5d1b5e94d7ad1a2b865a96b0",
    "parentId": "5eeca639bfed7142cb30f9f0",
    "slotId": "mod_scope"
  },
  {
    "_id": "5eeca639bfed7142cb30f9f2",
    "_tpl": "58272b392459774b4c7b3ccd",
    "parentId": "5eeca639bfed7142cb30f9ef",
    "slotId": "mod_handguard"
  },
  {
    "_id": "5eeca639bfed7142cb30f9f3",
    "_tpl": "5c1cd46f2e22164bef5cfedb",
    "parentId": "5eeca639bfed7142cb30f9f2",
    "slotId": "mod_foregrip"
  },
  {
    "_id": "5eeca639bfed7142cb30f9f4",
    "_tpl": "5c5952732e2216398b5abda2",
    "parentId": "5eeca639bfed7142cb30f9f2",
    "slotId": "mod_tactical_000"
  },
  {
    "_id": "5eeca639bfed7142cb30f9f5",
    "_tpl": "5b3a337e5acfc4704b4a19a0",
    "parentId": "5eeca639bfed7142cb30f9f2",
    "slotId": "mod_tactical_001"
  },
  {
    "_id": "5eeca639bfed7142cb30f9f6",
    "_tpl": "5b3a337e5acfc4704b4a19a0",
    "parentId": "5eeca639bfed7142cb30f9f2",
    "slotId": "mod_tactical_002"
  },
  {
    "_id": "5eeca639bfed7142cb30f9f7",
    "_tpl": "59c0ec5b86f77435b128bfca",
    "parentId": "5eeca639bfed7142cb30f9ef",
    "slotId": "mod_muzzle"
  },
  {
    "_id": "5eeca639bfed7142cb30f9f8",
    "_tpl": "5947f92f86f77427344a76b1",
    "parentId": "5eeca639bfed7142cb30f9ef",
    "slotId": "mod_pistol_grip"
  },
  {
    "_id": "5eeca639bfed7142cb30f9f9",
    "_tpl": "57616c112459773cce774d66",
    "parentId": "5eeca639bfed7142cb30f9ef",
    "slotId": "mod_reciever"
  },
  {
    "_id": "5eeca639bfed7142cb30f9fa",
    "_tpl": "57a9b9ce2459770ee926038d",
    "parentId": "5eeca639bfed7142cb30f9ef",
    "slotId": "mod_sight_rear"
  },
  {
    "_id": "5eeca639bfed7142cb30f9fb",
    "_tpl": "5cf50fc5d7f00c056c53f83c",
    "parentId": "5eeca639bfed7142cb30f9ef",
    "slotId": "mod_stock"
  },
  {
    "_id": "5eeca639bfed7142cb30f9fc",
    "_tpl": "58d2946c86f7744e271174b5",
    "parentId": "5eeca639bfed7142cb30f9fb",
    "slotId": "mod_stock"
  },
  {
    "_id": "5eeca639bfed7142cb30f9fd",
    "_tpl": "58d2912286f7744e27117493",
    "parentId": "5eeca639bfed7142cb30f9fc",
    "slotId": "mod_stock"
  },
  {
    "_id": "5eeca639bfed7142cb30f9fe",
    "_tpl": "5cf8f3b0d7f00c00217872ef",
    "parentId": "5eeca639bfed7142cb30f9ef",
    "slotId": "mod_magazine"
  },
  {
    "_id": "5eeca639bfed7142cb30f9ff",
    "_tpl": "5d6e6891a4b9361bd473feea",
    "parentId": "5eeca639bfed7142cb30f9fe",
    "slotId": "cartridges"
  },
  {
    "_id": "5eeca639bfed7142cb30fa00",
    "_tpl": "5d6e68c4a4b9361b93413f79",
    "parentId": "5eeca639bfed7142cb30f9fe",
    "slotId": "cartridges",
    "location": 1
  },
  {
    "_id": "5eeca639bfed7142cb30fa01",
    "_tpl": "5d6e6891a4b9361bd473feea",
    "parentId": "5eeca639bfed7142cb30f9fe",
    "slotId": "cartridges",
    "location": 2
  },
  {
    "_id": "5eeca639bfed7142cb30fa02",
    "_tpl": "5d6e68c4a4b9361b93413f79",
    "parentId": "5eeca639bfed7142cb30f9fe",
    "slotId": "cartridges",
    "location": 3
  },
  {
    "_id": "5eeca639bfed7142cb30fa03",
    "_tpl": "5d6e6891a4b9361bd473feea",
    "parentId": "5eeca639bfed7142cb30f9fe",
    "slotId": "cartridges",
    "location": 4
  },
  {
    "_id": "5eeca639bfed7142cb30fa04",
    "_tpl": "5d6e68c4a4b9361b93413f79",
    "parentId": "5eeca639bfed7142cb30f9fe",
    "slotId": "cartridges",
    "location": 5
  },
  {
    "_id": "5eeca639bfed7142cb30fa05",
    "_tpl": "5d6e6891a4b9361bd473feea",
    "parentId": "5eeca639bfed7142cb30f9fe",
    "slotId": "cartridges",
    "location": 6
  },
  {
    "_id": "5eeca639bfed7142cb30fa06",
    "_tpl": "5d6e68c4a4b9361b93413f79",
    "parentId": "5eeca639bfed7142cb30f9fe",
    "slotId": "cartridges",
    "location": 7
  },
  {
    "_id": "5eeca639bfed7142cb30fa07",
    "_tpl": "5d6e6891a4b9361bd473feea",
    "parentId": "5eeca639bfed7142cb30f9fe",
    "slotId": "cartridges",
    "location": 8
  },
  {
    "_id": "5eeca639bfed7142cb30fa08",
    "_tpl": "5d6e68c4a4b9361b93413f79",
    "parentId": "5eeca639bfed7142cb30f9fe",
    "slotId": "cartridges",
    "location": 9
  },
  {
    "_id": "5eeca639bfed7142cb30fa09",
    "_tpl": "5d6e6891a4b9361bd473feea",
    "parentId": "5eeca639bfed7142cb30f9fe",
    "slotId": "cartridges",
    "location": 10
  },
  {
    "_id": "5eeca639bfed7142cb30fa0a",
    "_tpl": "5d6e68c4a4b9361b93413f79",
    "parentId": "5eeca639bfed7142cb30f9fe",
    "slotId": "cartridges",
    "location": 11
  },
  {
    "_id": "5eeca639bfed7142cb30fa0b",
    "_tpl": "5d6e6891a4b9361bd473feea",
    "parentId": "5eeca639bfed7142cb30f9fe",
    "slotId": "cartridges",
    "location": 12
  },
  {
    "_id": "5eeca639bfed7142cb30fa0c",
    "_tpl": "5d6e68c4a4b9361b93413f79",
    "parentId": "5eeca639bfed7142cb30f9fe",
    "slotId": "cartridges",
    "location": 13
  },
  {
    "_id": "5eeca639bfed7142cb30fa0d",
    "_tpl": "5d6e6891a4b9361bd473feea",
    "parentId": "5eeca639bfed7142cb30f9fe",
    "slotId": "cartridges",
    "location": 14
  },
  {
    "_id": "5eeca639bfed7142cb30fa0e",
    "_tpl": "5d6e68c4a4b9361b93413f79",
    "parentId": "5eeca639bfed7142cb30f9fe",
    "slotId": "cartridges",
    "location": 15
  },
  {
    "_id": "5eeca639bfed7142cb30fa0f",
    "_tpl": "5d6e6891a4b9361bd473feea",
    "parentId": "5eeca639bfed7142cb30f9fe",
    "slotId": "cartridges",
    "location": 16
  },
  {
    "_id": "5eeca639bfed7142cb30fa10",
    "_tpl": "5d6e68c4a4b9361b93413f79",
    "parentId": "5eeca639bfed7142cb30f9fe",
    "slotId": "cartridges",
    "location": 17
  },
  {
    "_id": "5eeca639bfed7142cb30fa11",
    "_tpl": "5d6e6891a4b9361bd473feea",
    "parentId": "5eeca639bfed7142cb30f9fe",
    "slotId": "cartridges",
    "location": 18
  },
  {
    "_id": "5eeca639bfed7142cb30fa12",
    "_tpl": "5d6e68c4a4b9361b93413f79",
    "parentId": "5eeca639bfed7142cb30f9fe",
    "slotId": "cartridges",
    "location": 19
  },
  {
    "_id": "5eeca639bfed7142cb30fa14",
    "_tpl": "5448ba0b4bdc2d02308b456c",
    "parentId": "hideout",
    "slotId": "hideout",
    "upd": {
      "UnlimitedCount": true,
      "StackObjectsCount": 999999999
    }
  },
  {
    "_id": "5eeca639bfed7142cb30fa16",
    "_tpl": "5dfe14f30b92095fd441edaf",
    "parentId": "hideout",
    "slotId": "hideout",
    "upd": {
      "UnlimitedCount": true,
      "StackObjectsCount": 999999999
    }
  },
  {
    "_id": "5eeca639bfed7142cb30fa18",
    "_tpl": "5e4abfed86f77406a2713cf7",
    "parentId": "hideout",
    "slotId": "hideout",
    "upd": {
      "UnlimitedCount": true,
      "StackObjectsCount": 999999999
    }
  },
  {
    "_id": "5eeca639bfed7142cb30fa1a",
    "_tpl": "5dfe6104585a0c3e995c7b82",
    "parentId": "hideout",
    "slotId": "hideout",
    "upd": {
      "UnlimitedCount": true,
      "StackObjectsCount": 999999999
    }
  },
  {
    "_id": "5eeca639bfed7142cb30fa1c",
    "_tpl": "5dff77c759400025ea5150cf",
    "parentId": "hideout",
    "slotId": "hideout",
    "upd": {
      "UnlimitedCount": true,
      "StackObjectsCount": 999999999
    }
  },
  {
    "_id": "5eeca639bfed7142cb30fa1e",
    "_tpl": "5dff772da3651922b360bf91",
    "parentId": "hideout",
    "slotId": "hideout",
    "upd": {
      "UnlimitedCount": true,
      "StackObjectsCount": 999999999
    }
  },
  {
    "_id": "5eeca639bfed7142cb30fa20",
    "_tpl": "5913915886f774123603c392",
    "parentId": "hideout",
    "slotId": "hideout",
    "upd": {
      "UnlimitedCount": true,
      "StackObjectsCount": 999999999
    }
  },
  {
    "_id": "5eeca639bfed7142cb30fa22",
    "_tpl": "5e2af55f86f7746d4159f07c",
    "parentId": "hideout",
    "slotId": "hideout",
    "upd": {
      "UnlimitedCount": true,
      "StackObjectsCount": 999999999
    }
  },
  {
    "_id": "5eeca639bfed7142cb30fa24",
    "_tpl": "5de652c31b7e3716273428be",
    "upd": {
      "UnlimitedCount": true,
      "StackObjectsCount": 999999999
    },
    "parentId": "hideout",
    "slotId": "hideout"
  },
  {
    "_id": "5eeca639bfed7142cb30fa25",
    "_tpl": "5de653abf76fdc1ce94a5a2a",
    "parentId": "5eeca639bfed7142cb30fa24",
    "slotId": "mod_magazine"
  },
  {
    "_id": "5eeca639bfed7142cb30fa26",
    "_tpl": "5de655be4a9f347bc92edb88",
    "parentId": "5eeca639bfed7142cb30fa24",
    "slotId": "mod_stock"
  },
  {
    "_id": "5eeca639bfed7142cb30fa27",
    "_tpl": "5de65547883dde217541644b",
    "parentId": "5eeca639bfed7142cb30fa24",
    "slotId": "mod_barrel"
  },
  {
    "_id": "5eeca639bfed7142cb30fa28",
    "_tpl": "5de6556a205ddc616a6bc4f7",
    "parentId": "5eeca639bfed7142cb30fa27",
    "slotId": "mod_muzzle"
  },
  {
    "_id": "5eeca639bfed7142cb30fa29",
    "_tpl": "5de6558e9f98ac2bc65950fc",
    "parentId": "5eeca639bfed7142cb30fa24",
    "slotId": "mod_mount"
  },
  {
    "_id": "5eeca639bfed7142cb30fa2b",
    "_tpl": "5de653abf76fdc1ce94a5a2a",
    "parentId": "hideout",
    "slotId": "hideout",
    "upd": {
      "UnlimitedCount": true,
      "StackObjectsCount": 999999999
    }
  },
  {
    "_id": "5eeca639bfed7142cb30fa2d",
    "_tpl": "5de6558e9f98ac2bc65950fc",
    "parentId": "hideout",
    "slotId": "hideout",
    "upd": {
      "UnlimitedCount": true,
      "StackObjectsCount": 999999999
    }
  },
  {
    "_id": "5eeca639bfed7142cb30fa2f",
    "_tpl": "5e023e6e34d52a55c3304f71",
    "parentId": "hideout",
    "slotId": "hideout",
    "upd": {
      "UnlimitedCount": true,
      "StackObjectsCount": 999999999
    }
  },
  {
    "_id": "5eeca639bfed7142cb30fa31",
    "_tpl": "5e023e53d4353e3302577c4c",
    "parentId": "hideout",
    "slotId": "hideout",
    "upd": {
      "UnlimitedCount": true,
      "StackObjectsCount": 999999999
    }
  },
  {
    "_id": "5eeca639bfed7142cb30fa33",
    "_tpl": "5e023e88277cce2b522ff2b1",
    "parentId": "hideout",
    "slotId": "hideout",
    "upd": {
      "UnlimitedCount": true,
      "StackObjectsCount": 999999999
    }
  },
  {
    "_id": "5eeca639bfed7142cb30fa35",
    "_tpl": "5d95d6fa86f77424484aa5e9",
    "parentId": "hideout",
    "slotId": "hideout",
    "upd": {
      "UnlimitedCount": true,
      "StackObjectsCount": 999999999
    }
  }
]