{
	"equipment": {
		"Headwear": 67,
		"Earpiece": 0,
		"FaceCover": 49,
		"ArmorVest": 20,
		"Eyewear": 25,
		"ArmBand": 0,
		"TacticalVest": 100,
		"Backpack": 40,
		"FirstPrimaryWeapon": 90,
		"SecondPrimaryWeapon": 0,
		"Holster": 10,
		"Scabbard": 78
	},
	"mods": {
		"mod_pistol_grip": 100,
		"mod_magazine": 100,
		"mod_reciever": 94,
		"mod_stock": 99,
		"mod_charge": 100,
		"mod_barrel": 100,
		"mod_handguard": 100,
		"mod_mount_001": 3,
		"mod_mount_000": 41,
		"mod_scope": 52,
		"mod_sight_rear": 89,
		"mod_tactical": 85,
		"mod_muzzle": 82,
		"mod_bipod": 0,
		"mod_gas_block": 100,
		"mod_mount": 66,
		"mod_tactical_2": 0,
		"mod_foregrip": 0,
		"mod_tactical_003": 0,
		"mod_tactical_000": 0,
		"mod_tactical_001": 88,
		"mod_tactical_002": 4,
		"mod_tactical001": 0,
		"mod_tactical002": 0,
		"mod_sight_front": 100,
		"mod_launcher": 0,
		"mod_equipment": 50,
		"mod_stock_000": 0,
		"mod_mount_004": 0,
		"mod_mount_003": 0,
		"mod_flashlight": 100,
		"mod_mount_002": 0,
		"mod_pistol_grip_akms": 100,
		"mod_stock_akms": 100,
		"mod_equipment_000": 0,
		"mod_nvg": 0,
		"mod_equipment_001": 0,
		"mod_equipment_002": 0,
		"mod_scope_000": 0,
		"mod_scope_001": 0,
		"mod_scope_002": 0,
		"mod_scope_003": 0,
		"mod_pistolgrip": 0,
		"mod_mount_005": 0,
		"mod_stock_001": 0,
		"mod_mount_006": 0,
		"mod_muzzle_000": 0,
		"mod_muzzle_001": 0,
		"mod_stock_axis": 0,
		"mod_trigger": 0,
		"mod_hammer": 0,
		"mod_catch": 0
	}
}