{"_id":"5dcad04b30b2d43eb64ddab1","aid":0,"savage":null,"Info":{"Nickname":"Тимурка Предатель","LowerNickname":"","Side":"Savage","Voice":"Scav_2","Level":1,"Experience":0,"RegistrationDate":0,"GameVersion":"","AccountType":0,"MemberCategory":0,"lockedMoveCommands":false,"SavageLockTime":0,"LastTimePlayedAsSavage":0,"Settings":{"Role":"assault","BotDifficulty":"easy","Experience":-1},"NeedWipe":false,"GlobalWipe":false,"NicknameChangeDate":0},"Customization":{"Head":"5cc2e4d014c02e000d0115f8","Body":"5cde9f337d6c8b0474535da8","Feet":"5cde9fb87d6c8b0474535da9","Hands":"5cc2e68f14c02e28b47de290"},"Health":{},"Inventory":{},"Skills":{"Common":null,"Mastering":[],"Points":0},"Stats":{"SessionCounters":{"Items":[]},"OverallCounters":{"Items":[]}},"Encyclopedia":null,"ConditionCounters":{"Counters":[]},"BackendCounters":{},"InsuredItems":[],"Hideout":{"Production":{},"Areas":[{"type":0,"level":0,"active":true,"passiveBonusesEnabled":true,"completeTime":0,"constructing":false,"slots":[]},{"type":1,"level":0,"active":true,"passiveBonusesEnabled":true,"completeTime":0,"constructing":false,"slots":[]},{"type":2,"level":0,"active":true,"passiveBonusesEnabled":true,"completeTime":0,"constructing":false,"slots":[]},{"type":3,"level":0,"active":true,"passiveBonusesEnabled":true,"completeTime":0,"constructing":false,"slots":[]},{"type":4,"level":0,"active":true,"passiveBonusesEnabled":true,"completeTime":0,"constructing":false,"slots":[]},{"type":5,"level":0,"active":true,"passiveBonusesEnabled":true,"completeTime":0,"constructing":false,"slots":[]},{"type":6,"level":0,"active":true,"passiveBonusesEnabled":true,"completeTime":0,"constructing":false,"slots":[]},{"type":7,"level":0,"active":true,"passiveBonusesEnabled":true,"completeTime":0,"constructing":false,"slots":[]},{"type":8,"level":0,"active":true,"passiveBonusesEnabled":true,"completeTime":0,"constructing":false,"slots":[]},{"type":9,"level":0,"active":true,"passiveBonusesEnabled":true,"completeTime":0,"constructing":false,"slots":[]},{"type":10,"level":0,"active":true,"passiveBonusesEnabled":true,"completeTime":0,"constructing":false,"slots":[]},{"type":11,"level":0,"active":true,"passiveBonusesEnabled":true,"completeTime":0,"constructing":false,"slots":[]},{"type":12,"level":0,"active":true,"passiveBonusesEnabled":true,"completeTime":0,"constructing":false,"slots":[]},{"type":13,"level":0,"active":true,"passiveBonusesEnabled":true,"completeTime":0,"constructing":false,"slots":[]},{"type":14,"level":0,"active":true,"passiveBonusesEnabled":true,"completeTime":0,"constructing":false,"slots":[]},{"type":15,"level":0,"active":true,"passiveBonusesEnabled":true,"completeTime":0,"constructing":false,"slots":[]},{"type":16,"level":0,"active":true,"passiveBonusesEnabled":true,"completeTime":0,"constructing":false,"slots":[]},{"type":17,"level":0,"active":true,"passiveBonusesEnabled":true,"completeTime":0,"constructing":false,"slots":[]},{"type":18,"level":0,"active":true,"passiveBonusesEnabled":true,"completeTime":0,"constructing":false,"slots":[]},{"type":19,"level":0,"active":true,"passiveBonusesEnabled":true,"completeTime":0,"constructing":false,"slots":[]},{"type":20,"level":0,"active":true,"passiveBonusesEnabled":true,"completeTime":0,"constructing":false,"slots":[]}]},"Bonuses":[]}