{"SAVAGE_KILL_DIST": 90,"SOUND_DOOR_BREACH_METERS": 35.0,"SOUND_DOOR_OPEN_METERS": 10.0,"STEP_NOISE_DELTA": 1.0,"JUMP_NOISE_DELTA": 1.0,"GUNSHOT_SPREAD": 280,"GUNSHOT_SPREAD_SILENCE": 60,"BASE_WALK_SPEREAD2": 26.0,"MOVE_SPEED_COEF_MAX": 2.1,"SPEED_SERV_SOUND_COEF_A": 0.3,"SPEED_SERV_SOUND_COEF_B": 0.7,"G": 9.81,"STAY_COEF": 1.0,"SIT_COEF": 0.8,"LAY_COEF": 0.8,"MAX_ITERATIONS": 2,"START_DIST_TO_COV": 12100.0,"MAX_DIST_TO_COV": 220.0,"STAY_HEIGHT": 1.1,"CLOSE_POINTS": 3.0,"COUNT_TURNS": 5,"SIMPLE_POINT_LIFE_TIME_SEC": 30.0,"DANGER_POINT_LIFE_TIME_SEC": 60.0,"DANGER_POWER": 115.0,"COVER_DIST_CLOSE": 10.0,"GOOD_DIST_TO_POINT": 7.0,"COVER_TOOFAR_FROM_BOSS": 20.0,"COVER_TOOFAR_FROM_BOSS_SQRT": 400.0,"MAX_Y_DIFF_TO_PROTECT": 1.0,"FLARE_POWER": 8.0,"MOVE_COEF": 1.2,"PRONE_POSE": 0.7,"LOWER_POSE": 0.5,"MAX_POSE": 1.5,"FLARE_TIME": 1.5,"MAX_REQUESTS__PER_GROUP": 10,"UPDATE_GOAL_TIMER_SEC": 3.3,"DIST_NOT_TO_GROUP": 300.0,"DIST_NOT_TO_GROUP_SQR": 90000.0,"LAST_SEEN_POS_LIFETIME": 60.0,"DELTA_GRENADE_START_TIME": 0.9,"DELTA_GRENADE_END_TIME": 4.0,"DELTA_GRENADE_RUN_DIST": 7.5,"DELTA_GRENADE_RUN_DIST_SQRT": 56.25,"PATROL_MIN_LIGHT_DIST": 8.0,"HOLD_MIN_LIGHT_DIST": 3.5,"STANDART_BOT_PAUSE_DOOR": 2.1,"ARMOR_CLASS_COEF": 6.0,"SHOTGUN_POWER": 30.0,"RIFLE_POWER": 60.0,"PISTOL_POWER": 20.0,"SMG_POWER": 45.0,"SNIPE_POWER": 55.0,"GESTUS_PERIOD_SEC": 3.0,"GESTUS_AIMING_DELAY": 2.5,"GESTUS_REQUEST_LIFETIME": 10.0,"GESTUS_FIRST_STAGE_MAX_TIME": 5.0,"GESTUS_SECOND_STAGE_MAX_TIME": 2.0,"GESTUS_MAX_ANSWERS": 4,"GESTUS_FUCK_TO_SHOOT": 3,"GESTUS_DIST_ANSWERS": 6.0,"GESTUS_DIST_ANSWERS_SQRT": 36.0,"GESTUS_ANYWAY_CHANCE": 10.0,"TALK_DELAY": 5.0,"CAN_SHOOT_TO_HEAD": true,"CAN_TILT": true,"TILT_CHANCE": 100.0,"MIN_BLOCK_DIST": 3.0,"MIN_BLOCK_TIME": 5.0,"COVER_SECONDS_AFTER_LOSE_VISION": 10.0,"MIN_ARG_COEF": 0.3,"MAX_ARG_COEF": 100.0,"DEAD_AGR_DIST": 60.0,"MAX_DANGER_CARE_DIST_SQRT": 52900.0,"MAX_DANGER_CARE_DIST": 230.0,"MIN_MAX_PERSON_SEARCH": 2,"PERCENT_PERSON_SEARCH": 0.3,"LOOK_ANYSIDE_BY_WALL_SEC_OF_ENEMY": 20.0,"CLOSE_TO_WALL_ROTATE_BY_WALL_SQRT": 4.0,"SHOOT_TO_CHANGE_RND_PART_MIN": 2,"SHOOT_TO_CHANGE_RND_PART_MAX": 5,"SHOOT_TO_CHANGE_RND_PART_DELTA": 9.0,"FORMUL_COEF_DELTA_DIST": 2.6,"FORMUL_COEF_DELTA_SHOOT": 1.0,"FORMUL_COEF_DELTA_FRIEND_COVER": 15.0,"SUSPETION_POINT_DIST_CHECK": 5.0,"MAX_BASE_REQUESTS_PER_PLAYER": 1,"MAX_HOLD_REQUESTS_PER_PLAYER": 3,"MAX_GO_TO_REQUESTS_PER_PLAYER": 3,"MAX_COME_WITH_ME_REQUESTS_PER_PLAYER": 1,"CORE_POINT_MAX_VALUE": 60.0,"CORE_POINTS_MAX": 3,"CORE_POINTS_MIN": 1,"BORN_POISTS_FREE_ONLY_FAREST_BOT": false,"BORN_POINSTS_FREE_ONLY_FAREST_PLAYER": false,"SCAV_GROUPS_TOGETHER": true,"LAY_DOWN_ANG_SHOOT": 40.0,"HOLD_REQUEST_TIME_SEC": 240.0,"TRIGGERS_DOWN_TO_RUN_WHEN_MOVE": 10,"MIN_DIST_TO_RUN_WHILE_ATTACK_MOVING": 7.5,"MIN_DIST_TO_RUN_WHILE_ATTACK_MOVING_OTHER_ENEMIS": 12.0,"MIN_DIST_TO_STOP_RUN": 23.5,"JUMP_SPREAD_DIST": 25.0,"LOOK_TIMES_TO_KILL": 4,"COME_INSIDE_TIMES": 5,"TOTAL_TIME_KILL": 50.0,"TOTAL_TIME_KILL_AFTER_WARN": 5.0,"MOVING_AIM_COEF": 0.23,"VERTICAL_DIST_TO_IGNORE_SOUND": 116.0,"DEFENCE_LEVEL_SHIFT": 0.0,"MIN_DIST_CLOSE_DEF": 2.2,"USE_ID_PRIOR_WHO_GO": false,"SMOKE_GRENADE_RADIUS_COEF": 2.0,"GRENADE_PRECISION": 4,"MAX_WARNS_BEFORE_KILL": 4,"CARE_ENEMY_ONLY_TIME": 30.0,"MIDDLE_POINT_COEF": 0.5,"MAIN_TACTIC_ONLY_ATTACK": true,"LAST_DAMAGE_ACTIVE": 5.0,"SHALL_DIE_IF_NOT_INITED": true,"CHECK_BOT_INIT_TIME_SEC": 20.0,"WEAPON_ROOT_Y_OFFSET": 0.175,"DELTA_SUPRESS_DISTANCE_SQRT": 25.0,"DELTA_SUPRESS_DISTANCE": 5.0,"WAVE_COEF_LOW": 1.0,"WAVE_COEF_MID": 1.0,"WAVE_COEF_HIGH": 1.0,"WAVE_COEF_HORDE": 2.0,"WAVE_ONLY_AS_ONLINE": false,"LOCAL_BOTS_COUNT": 100,"AXE_MAN_KILLS_END": 0}