{
	"equipment": {
		"Headwear": [
			"5c066ef40db834001966a595",
			"5b432d215acfc4771e1c6624",
			"5a16bb52fcdbcb001a3b00dc"
		],
		"Earpiece": [
			"5b432b965acfc47a8774094e"
		],
		"FaceCover": [],
		"ArmorVest": [],
		"Eyewear": [
			"5aa2b986e5b5b00014028f4c",
			"5d5fca1ea4b93635fd598c07",
			"5d6d2ef3a4b93618084f58bd",
			"5c1a1cc52e221602b3136e3d",
			"5d6d2e22a4b9361bd5780d05"
		],
		"ArmBand": [],
		"TacticalVest": [
			"5b44cad286f77402a54ae7e5",
			"5ab8dced86f774646209ec87",
			"5d5d87f786f77427997cfaef",
			"5c0e722886f7740458316a57",
			"5c0e746986f7741453628fe5",
			"544a5caa4bdc2d1a388b4568",
			"5d5d85c586f774279a21cbdb"
		],
		"Pockets": [
			"5af99e9186f7747c447120b8"
		],
		"Backpack": [],
		"SecuredContainer": [
			"5c0a794586f77461c458f892"
		],
		"FirstPrimaryWeapon": [
			"5cadfbf7ae92152ac412eeef",
			"5aafa857e5b5b00018480968"
		],
		"SecondPrimaryWeapon": [
			"59984ab886f7743e98271174"
		],
		"Holster": [
			"5a17f98cfcdbcb0980087290",
			"5abccb7dd8ce87001773e277"
		],
		"Scabbard": []
	},
	"mods": {
		"5caf1109ae9215753c44119f": {
			"cartridges": [
				"5cadf6ddae9215051e1c23b2",
				"5cadf6eeae921500134b2799"
			]
		},
		"5cadfbf7ae92152ac412eeef": {
			"mod_magazine": [
				"5caf1109ae9215753c44119f"
			],
			"mod_scope": [
				"5c0517910db83400232ffee5",
				"5caf1691ae92152ac412efb9",
				"584924ec24597768f12ae244"
			],
			"mod_handguard": [
				"5cdaa99dd7f00c002412d0b2"
			],
			"mod_sight_front": [
				"5caf16a2ae92152ac412efbc"
			],
			"mod_muzzle": [
				"5caf17c9ae92150b30006be1",
				"5caf187cae92157c28402e43"
			]
		},
		"5cdaa99dd7f00c002412d0b2": {
			"mod_foregrip": [
				"5cda9bcfd7f00c0c0b53e900"
			]
		},
		"599860ac86f77436b225ed1a": {
			"cartridges": [
				"5a3c16fe86f77452b62de32a"
			]
		},
		"59984ab886f7743e98271174": {
			"mod_magazine": [
				"599860ac86f77436b225ed1a"
			],
			"mod_gas_block": [
				"59ccd11386f77428f24a488f"
			],
			"mod_sight_rear": [
				"599860e986f7743bb57573a6"
			],
			"mod_reciever": [
				"59985a6c86f77414ec448d17"
			],
			"mod_muzzle": [
				"59bfc5c886f7743bf6794e62"
			],
			"mod_charge": [
				"5648ac824bdc2ded0b8b457d"
			],
			"mod_stock": [
				"5ac78eaf5acfc4001926317a"
			],
			"mod_pistol_grip": [
				"5649ae4a4bdc2d1b2b8b4588"
			]
		},
		"5648b4534bdc2d3d1c8b4580": {
			"mod_tactical_001": [
				"560d657b4bdc2da74d8b4572"
			],
			"mod_foregrip": [
				"591af28e86f77414a27a9e1d"
			]
		},
		"59ccd11386f77428f24a488f": {
			"mod_handguard": [
				"5648b4534bdc2d3d1c8b4580"
			]
		},
		"59985a6c86f77414ec448d17": {
			"mod_scope": [
				"570fd6c2d2720bc6458b457f"
			]
		},
		"5ac78eaf5acfc4001926317a": {
			"mod_stock": [
				"59ecc3dd86f7746dc827481c"
			]
		},
		"5a17fb03fcdbcbcae668728f": {
			"cartridges": [
				"573719762459775a626ccbc1"
			]
		},
		"5a17f98cfcdbcb0980087290": {
			"mod_magazine": [
				"5a17fb03fcdbcbcae668728f"
			],
			"mod_sight_rear": [
				"5aba637ad8ce87001773e17f"
			],
			"mod_sight_front": [
				"5aba62f8d8ce87001943946b"
			],
			"mod_pistol_grip": [
				"5a17fc70fcdbcb0176308b3d"
			]
		},
		"5c066ef40db834001966a595": {
			"mod_nvg": [
				"5c066e3a0db834001b7353f0"
			]
		},
		"5aafa857e5b5b00018480968": {
			"patron_in_weapon": [
				"5a6086ea4f39f99cd479502f",
				"58dd3ad986f77403051cba8f"
			],
			"mod_magazine": [
				"5aaf8a0be5b5b00015693243"
			],
			"mod_barrel": [
				"5addbac75acfc400194dbc56"
			],
			"mod_stock": [
				"5addc7005acfc4001669f275"
			]
		},
		"5aaf8a0be5b5b00015693243": {
			"cartridges": [
				"5a6086ea4f39f99cd479502f",
				"58dd3ad986f77403051cba8f"
			]
		},
		"5c7954d52e221600106f4cc7": {
			"mod_muzzle": [
				"5c7955c22e221644f31bfd5e"
			]
		},
		"5addbac75acfc400194dbc56": {
			"mod_muzzle": [
				"5c7954d52e221600106f4cc7",
				"5d026791d7ad1a04a067ea63"
			]
		},
		"5addc7005acfc4001669f275": {
			"mod_tactical_001": [
				"5a7b483fe899ef0016170d15"
			],
			"mod_scope": [
				"5addbffe5acfc4001714dfac"
			],
			"mod_stock": [
				"5addc7ac5acfc400194dbd90"
			]
		},
		"5b3b99265acfc4704b4a1afb": {
			"mod_scope": [
				"5b3b99475acfc432ff4dcbee"
			]
		},
		"5addbffe5acfc4001714dfac": {
			"mod_scope": [
				"5b3b99265acfc4704b4a1afb"
			]
		},
		"5addc7ac5acfc400194dbd90": {
			"mod_pistol_grip": [
				"5addc7db5acfc4001669f279"
			]
		},
		"5caf1691ae92152ac412efb9": {
			"mod_scope": [
				"591c4efa86f7741030027726"
			]
		},
		"5c0695860db834001b735461": {
			"mod_nvg": [
				"5c0696830db834001d23f5da"
			]
		},
		"5a16b8a9fcdbcb00165aa6ca": {
			"mod_nvg": [
				"5c0695860db834001b735461",
				"5a16b93dfcdbcbcae6687261"
			]
		},
		"5b432d215acfc4771e1c6624": {
			"mod_nvg": [
				"5a16b8a9fcdbcb00165aa6ca",
				"5c0558060db834001b735271"
			]
		},
		"5a16b93dfcdbcbcae6687261": {
			"mod_nvg": [
				"57235b6f24597759bf5a30f1"
			]
		},
		"5a16bb52fcdbcb001a3b00dc": {
			"mod_nvg": [
				"5a16b8a9fcdbcb00165aa6ca"
			]
		},
		"5abccb7dd8ce87001773e277": {
			"mod_magazine": [
				"5a17fb03fcdbcbcae668728f"
			],
			"mod_muzzle": [
				"5abcc328d8ce8700194394f3"
			],
			"mod_sight_rear": [
				"5aba639ed8ce8700182ece67"
			],
			"mod_sight_front": [
				"5aba62f8d8ce87001943946b"
			],
			"mod_pistol_grip": [
				"5a17fc70fcdbcb0176308b3d"
			],
			"mod_stock": [
				"5a17fb9dfcdbcbcae6687291"
			]
		}
	},
	"items": {
		"TacticalVest": [
			"5e831507ea0a7c419c2f9bd9",
			"5e8488fa988a8701445df1e4",
			"5caf1109ae9215753c44119f",
			"599860ac86f77436b225ed1a",
			"5710c24ad2720bc3458b45a3",
			"5448be9a4bdc2dfd2f8b456a",
			"58d3db5386f77426186285a0",
			"5aaf8a0be5b5b00015693243"
		],
		"Pockets": [
			"5e831507ea0a7c419c2f9bd9",
			"5a17fb03fcdbcbcae668728f",
			"590c678286f77426c9660122",
			"5c94bbff86f7747ee735c08f",
			"5710c24ad2720bc3458b45a3",
			"5d235b4d86f7742e017bc88a",
			"5c0e531d86f7747fa23f4d42",
			"5c0e530286f7747fa1419862"
		],
		"Backpack": [],
		"SecuredContainer": [
			"5e831507ea0a7c419c2f9bd9",
			"5e8488fa988a8701445df1e4",
			"5cadf6ddae9215051e1c23b2",
			"5a3c16fe86f77452b62de32a",
			"573719762459775a626ccbc1",
			"5a6086ea4f39f99cd479502f",
			"5cadf6eeae921500134b2799",
			"58dd3ad986f77403051cba8f"
		]
	}
}